<annotation>
	<folder></folder>
	<filename>100_jpg.rf.7667da428d35c9951ffbce30815c1138.jpg</filename>
	<path>100_jpg.rf.7667da428d35c9951ffbce30815c1138.jpg</path>
	<source>
		<database>roboflow.com</database>
	</source>
	<size>
		<width>640</width>
		<height>640</height>
		<depth>3</depth>
	</size>
	<segmented>0</segmented>
	<object>
		<name>Vendor</name>
		<pose>Unspecified</pose>
		<truncated>0</truncated>
		<difficult>0</difficult>
		<occluded>0</occluded>
		<bndbox>
			<xmin>267</xmin>
			<xmax>438</xmax>
			<ymin>226</ymin>
			<ymax>409</ymax>
		</bndbox>
	</object>
	<object>
		<name>Footpath</name>
		<pose>Unspecified</pose>
		<truncated>0</truncated>
		<difficult>0</difficult>
		<occluded>0</occluded>
		<bndbox>
			<xmin>122</xmin>
			<xmax>627</xmax>
			<ymin>317</ymin>
			<ymax>641</ymax>
		</bndbox>
		<polygon>
			<x1>293.714162</x1>
			<y1>316.164959</y1>
			<x2>120.770193</x2>
			<y2>635.618315</y2>
			<x3>625.571804</x3>
			<y3>640</y3>
			<x4>372.571382</x4>
			<y4>321.643733</y4>
			<x5>293.714162</x5>
			<y5>316.164959</y5>
		</polygon>
	</object>
</annotation>
