<annotation>
	<folder></folder>
	<filename>101_jpg.rf.fb9e05e6a972ce13ff7cd59bf05c5064.jpg</filename>
	<path>101_jpg.rf.fb9e05e6a972ce13ff7cd59bf05c5064.jpg</path>
	<source>
		<database>roboflow.com</database>
	</source>
	<size>
		<width>640</width>
		<height>640</height>
		<depth>3</depth>
	</size>
	<segmented>0</segmented>
	<object>
		<name>Vendor</name>
		<pose>Unspecified</pose>
		<truncated>0</truncated>
		<difficult>0</difficult>
		<occluded>0</occluded>
		<bndbox>
			<xmin>138</xmin>
			<xmax>352</xmax>
			<ymin>163</ymin>
			<ymax>475</ymax>
		</bndbox>
	</object>
</annotation>
