<annotation>
	<folder></folder>
	<filename>102_jpg.rf.cd73da95218ed0ce1c5c1b950b3bfc60.jpg</filename>
	<path>102_jpg.rf.cd73da95218ed0ce1c5c1b950b3bfc60.jpg</path>
	<source>
		<database>roboflow.com</database>
	</source>
	<size>
		<width>640</width>
		<height>640</height>
		<depth>3</depth>
	</size>
	<segmented>0</segmented>
	<object>
		<name>Vendor</name>
		<pose>Unspecified</pose>
		<truncated>0</truncated>
		<difficult>0</difficult>
		<occluded>0</occluded>
		<bndbox>
			<xmin>270</xmin>
			<xmax>482</xmax>
			<ymin>214</ymin>
			<ymax>424</ymax>
		</bndbox>
	</object>
	<object>
		<name>Pedestrian</name>
		<pose>Unspecified</pose>
		<truncated>0</truncated>
		<difficult>0</difficult>
		<occluded>0</occluded>
		<bndbox>
			<xmin>171</xmin>
			<xmax>264</xmax>
			<ymin>123</ymin>
			<ymax>378</ymax>
		</bndbox>
	</object>
	<object>
		<name>Footpath</name>
		<pose>Unspecified</pose>
		<truncated>0</truncated>
		<difficult>0</difficult>
		<occluded>0</occluded>
		<bndbox>
			<xmin>9</xmin>
			<xmax>641</xmax>
			<ymin>240</ymin>
			<ymax>638</ymax>
		</bndbox>
		<polygon>
			<x1>232.380758</x1>
			<y1>254.802693</y1>
			<x2>8.489491</x2>
			<y2>636.987593</y2>
			<x3>640</x3>
			<y3>636.125445</y3>
			<x4>360.523762</x4>
			<y4>239.462103</y4>
			<x5>232.380758</x5>
			<y5>254.802693</y5>
		</polygon>
	</object>
</annotation>
