<annotation>
	<folder></folder>
	<filename>103_jpg.rf.bf88d142627168284e96f8b66cb32357.jpg</filename>
	<path>103_jpg.rf.bf88d142627168284e96f8b66cb32357.jpg</path>
	<source>
		<database>roboflow.com</database>
	</source>
	<size>
		<width>640</width>
		<height>640</height>
		<depth>3</depth>
	</size>
	<segmented>0</segmented>
	<object>
		<name>Vendor</name>
		<pose>Unspecified</pose>
		<truncated>0</truncated>
		<difficult>0</difficult>
		<occluded>0</occluded>
		<bndbox>
			<xmin>300</xmin>
			<xmax>552</xmax>
			<ymin>238</ymin>
			<ymax>471</ymax>
		</bndbox>
	</object>
	<object>
		<name>Footpath</name>
		<pose>Unspecified</pose>
		<truncated>0</truncated>
		<difficult>0</difficult>
		<occluded>0</occluded>
		<bndbox>
			<xmin>85</xmin>
			<xmax>641</xmax>
			<ymin>279</ymin>
			<ymax>638</ymax>
		</bndbox>
		<polygon>
			<x1>291.523632</x1>
			<y1>277.813531</y1>
			<x2>83.799719</x2>
			<y2>636.987593</y2>
			<x3>640</x3>
			<y3>637.221185</y3>
			<x4>402.142902</x4>
			<y4>285.483824</y4>
			<x5>291.523632</x5>
			<y5>277.813531</y5>
		</polygon>
	</object>
</annotation>
