<annotation>
	<folder></folder>
	<filename>104_jpg.rf.e8ef30ae114e867f0b9f0ad476908c81.jpg</filename>
	<path>104_jpg.rf.e8ef30ae114e867f0b9f0ad476908c81.jpg</path>
	<source>
		<database>roboflow.com</database>
	</source>
	<size>
		<width>640</width>
		<height>640</height>
		<depth>3</depth>
	</size>
	<segmented>0</segmented>
	<object>
		<name>Vendor</name>
		<pose>Unspecified</pose>
		<truncated>0</truncated>
		<difficult>0</difficult>
		<occluded>0</occluded>
		<bndbox>
			<xmin>271</xmin>
			<xmax>599</xmax>
			<ymin>60</ymin>
			<ymax>427</ymax>
		</bndbox>
	</object>
	<object>
		<name>Pedestrian</name>
		<pose>Unspecified</pose>
		<truncated>0</truncated>
		<difficult>0</difficult>
		<occluded>0</occluded>
		<bndbox>
			<xmin>155</xmin>
			<xmax>258</xmax>
			<ymin>82</ymin>
			<ymax>333</ymax>
		</bndbox>
	</object>
	<object>
		<name>Footpath</name>
		<pose>Unspecified</pose>
		<truncated>0</truncated>
		<difficult>0</difficult>
		<occluded>0</occluded>
		<bndbox>
			<xmin>3</xmin>
			<xmax>641</xmax>
			<ymin>162</ymin>
			<ymax>640</ymax>
		</bndbox>
		<polygon>
			<x1>640</x1>
			<y1>638.316922</y1>
			<x2>347.38092</x2>
			<y2>160.567732</y2>
			<x3>222.523585</x3>
			<y3>163.854988</y3>
			<x4>8.489491</x4>
			<y4>378.194266</y4>
			<x5>3.47566</x5>
			<y5>369.856973</y5>
			<x6>2.380436</x6>
			<y6>639.412745</y6>
			<x7>640</x7>
			<y7>638.316922</y7>
		</polygon>
	</object>
</annotation>
