<annotation>
	<folder></folder>
	<filename>105_jpg.rf.d782cc1d78f24fc029cd23704f657480.jpg</filename>
	<path>105_jpg.rf.d782cc1d78f24fc029cd23704f657480.jpg</path>
	<source>
		<database>roboflow.com</database>
	</source>
	<size>
		<width>640</width>
		<height>640</height>
		<depth>3</depth>
	</size>
	<segmented>0</segmented>
	<object>
		<name>Vendor</name>
		<pose>Unspecified</pose>
		<truncated>0</truncated>
		<difficult>0</difficult>
		<occluded>0</occluded>
		<bndbox>
			<xmin>216</xmin>
			<xmax>573</xmax>
			<ymin>54</ymin>
			<ymax>470</ymax>
		</bndbox>
	</object>
	<object>
		<name>Pedestrian</name>
		<pose>Unspecified</pose>
		<truncated>0</truncated>
		<difficult>0</difficult>
		<occluded>0</occluded>
		<bndbox>
			<xmin>160</xmin>
			<xmax>267</xmax>
			<ymin>127</ymin>
			<ymax>373</ymax>
		</bndbox>
	</object>
</annotation>
