<annotation>
	<folder></folder>
	<filename>106_jpg.rf.456088494d69a21f5a10ef9d25897e5e.jpg</filename>
	<path>106_jpg.rf.456088494d69a21f5a10ef9d25897e5e.jpg</path>
	<source>
		<database>roboflow.com</database>
	</source>
	<size>
		<width>640</width>
		<height>640</height>
		<depth>3</depth>
	</size>
	<segmented>0</segmented>
	<object>
		<name>Vendor</name>
		<pose>Unspecified</pose>
		<truncated>0</truncated>
		<difficult>0</difficult>
		<occluded>0</occluded>
		<bndbox>
			<xmin>38</xmin>
			<xmax>332</xmax>
			<ymin>19</ymin>
			<ymax>598</ymax>
		</bndbox>
	</object>
	<object>
		<name>Pedestrian</name>
		<pose>Unspecified</pose>
		<truncated>0</truncated>
		<difficult>0</difficult>
		<occluded>0</occluded>
		<bndbox>
			<xmin>370</xmin>
			<xmax>553</xmax>
			<ymin>149</ymin>
			<ymax>552</ymax>
		</bndbox>
	</object>
	<object>
		<name>Footpath</name>
		<pose>Unspecified</pose>
		<truncated>0</truncated>
		<difficult>0</difficult>
		<occluded>0</occluded>
		<bndbox>
			<xmin>90</xmin>
			<xmax>641</xmax>
			<ymin>220</ymin>
			<ymax>638</ymax>
		</bndbox>
		<polygon>
			<x1>357.23801</x1>
			<y1>218.642742</y1>
			<x2>293.714162</x2>
			<y2>225.217296</y2>
			<x3>89.276826</x3>
			<y3>627.402654</y3>
			<x4>640</x4>
			<y4>637.221185</y4>
			<x5>639.809951</x5>
			<y5>487.102733</y5>
			<x6>357.23801</x6>
			<y6>218.642742</y6>
		</polygon>
	</object>
</annotation>
