<annotation>
	<folder></folder>
	<filename>107_jpg.rf.bc961113017e993dc929e6a83adff8c2.jpg</filename>
	<path>107_jpg.rf.bc961113017e993dc929e6a83adff8c2.jpg</path>
	<source>
		<database>roboflow.com</database>
	</source>
	<size>
		<width>640</width>
		<height>640</height>
		<depth>3</depth>
	</size>
	<segmented>0</segmented>
	<object>
		<name>Pedestrian</name>
		<pose>Unspecified</pose>
		<truncated>0</truncated>
		<difficult>0</difficult>
		<occluded>0</occluded>
		<bndbox>
			<xmin>282</xmin>
			<xmax>529</xmax>
			<ymin>126</ymin>
			<ymax>417</ymax>
		</bndbox>
	</object>
	<object>
		<name>Bus</name>
		<pose>Unspecified</pose>
		<truncated>0</truncated>
		<difficult>0</difficult>
		<occluded>0</occluded>
		<bndbox>
			<xmin>1</xmin>
			<xmax>311</xmax>
			<ymin>14</ymin>
			<ymax>249</ymax>
		</bndbox>
		<polygon>
			<x1>249.155723</x1>
			<y1>33.270795</y1>
			<x2>0</x2>
			<y2>13.258287</y2>
			<x3>6.003814</x3>
			<y3>167.354628</y3>
			<x4>21.013195</x4>
			<y4>160.350218</y4>
			<x5>15.009381</x5>
			<y5>128.330206</y5>
			<x6>47.029393</x6>
			<y6>122.326486</y6>
			<x7>66.041337</x7>
			<y7>159.349593</y7>
			<x8>100.062538</x8>
			<y8>161.350845</y8>
			<x9>138.086304</x9>
			<y9>205.378362</y9>
			<x10>102.063789</x10>
			<y10>240.40025</y10>
			<x11>250.156347</x11>
			<y11>248.155096</y11>
			<x12>309.193246</x12>
			<y12>165.353345</y12>
			<x13>310.193871</x13>
			<y13>71.294559</y13>
			<x14>249.155723</x14>
			<y14>33.270795</y14>
		</polygon>
	</object>
	<object>
		<name>Footpath</name>
		<pose>Unspecified</pose>
		<truncated>0</truncated>
		<difficult>0</difficult>
		<occluded>0</occluded>
		<bndbox>
			<xmin>88</xmin>
			<xmax>638</xmax>
			<ymin>176</ymin>
			<ymax>641</ymax>
		</bndbox>
		<polygon>
			<x1>636.524199</x1>
			<y1>640</y1>
			<x2>494.143048</x2>
			<y2>182.482833</y2>
			<x3>328.761795</x3>
			<y3>174.812537</y3>
			<x4>86.538271</x4>
			<y4>640</y4>
			<x5>636.524199</x5>
			<y5>640</y5>
		</polygon>
	</object>
</annotation>
