<annotation>
	<folder></folder>
	<filename>108_jpg.rf.6e3c43f2c9ad59286cdd9eaf793942ac.jpg</filename>
	<path>108_jpg.rf.6e3c43f2c9ad59286cdd9eaf793942ac.jpg</path>
	<source>
		<database>roboflow.com</database>
	</source>
	<size>
		<width>640</width>
		<height>640</height>
		<depth>3</depth>
	</size>
	<segmented>0</segmented>
	<object>
		<name>pole</name>
		<pose>Unspecified</pose>
		<truncated>0</truncated>
		<difficult>0</difficult>
		<occluded>0</occluded>
		<bndbox>
			<xmin>226</xmin>
			<xmax>337</xmax>
			<ymin>4</ymin>
			<ymax>438</ymax>
		</bndbox>
	</object>
	<object>
		<name>Obstacle</name>
		<pose>Unspecified</pose>
		<truncated>0</truncated>
		<difficult>0</difficult>
		<occluded>0</occluded>
		<bndbox>
			<xmin>457</xmin>
			<xmax>619</xmax>
			<ymin>182</ymin>
			<ymax>445</ymax>
		</bndbox>
	</object>
	<object>
		<name>Footpath</name>
		<pose>Unspecified</pose>
		<truncated>0</truncated>
		<difficult>0</difficult>
		<occluded>0</occluded>
		<bndbox>
			<xmin>89</xmin>
			<xmax>570</xmax>
			<ymin>280</ymin>
			<ymax>639</ymax>
		</bndbox>
		<polygon>
			<x1>258.666443</x1>
			<y1>278.909268</y1>
			<x2>87.907549</x2>
			<y2>638.356868</y2>
			<x3>568.619377</x3>
			<y3>637.221185</y3>
			<x4>353.952341</x4>
			<y4>292.058339</y4>
			<x5>258.666443</x5>
			<y5>278.909268</y5>
		</polygon>
	</object>
</annotation>
