<annotation>
	<folder></folder>
	<filename>109_jpg.rf.1488e9b5e8d758360874058bcf0ebeae.jpg</filename>
	<path>109_jpg.rf.1488e9b5e8d758360874058bcf0ebeae.jpg</path>
	<source>
		<database>roboflow.com</database>
	</source>
	<size>
		<width>640</width>
		<height>640</height>
		<depth>3</depth>
	</size>
	<segmented>0</segmented>
	<object>
		<name>Vendor</name>
		<pose>Unspecified</pose>
		<truncated>0</truncated>
		<difficult>0</difficult>
		<occluded>0</occluded>
		<bndbox>
			<xmin>281</xmin>
			<xmax>604</xmax>
			<ymin>14</ymin>
			<ymax>501</ymax>
		</bndbox>
	</object>
	<object>
		<name>Pedestrian</name>
		<pose>Unspecified</pose>
		<truncated>0</truncated>
		<difficult>0</difficult>
		<occluded>0</occluded>
		<bndbox>
			<xmin>230</xmin>
			<xmax>280</xmax>
			<ymin>144</ymin>
			<ymax>253</ymax>
		</bndbox>
	</object>
</annotation>
