<annotation>
	<folder></folder>
	<filename>10_jpg.rf.e82ed836192500e48243a3420f65d4b6.jpg</filename>
	<path>10_jpg.rf.e82ed836192500e48243a3420f65d4b6.jpg</path>
	<source>
		<database>roboflow.com</database>
	</source>
	<size>
		<width>640</width>
		<height>640</height>
		<depth>3</depth>
	</size>
	<segmented>0</segmented>
	<object>
		<name>Vendor</name>
		<pose>Unspecified</pose>
		<truncated>0</truncated>
		<difficult>0</difficult>
		<occluded>0</occluded>
		<bndbox>
			<xmin>173</xmin>
			<xmax>588</xmax>
			<ymin>86</ymin>
			<ymax>602</ymax>
		</bndbox>
	</object>
	<object>
		<name>Auto</name>
		<pose>Unspecified</pose>
		<truncated>0</truncated>
		<difficult>0</difficult>
		<occluded>0</occluded>
		<bndbox>
			<xmin>2</xmin>
			<xmax>176</xmax>
			<ymin>254</ymin>
			<ymax>600</ymax>
		</bndbox>
	</object>
	<object>
		<name>Footpath</name>
		<pose>Unspecified</pose>
		<truncated>0</truncated>
		<difficult>0</difficult>
		<occluded>0</occluded>
		<bndbox>
			<xmin>206</xmin>
			<xmax>639</xmax>
			<ymin>308</ymin>
			<ymax>641</ymax>
		</bndbox>
		<polygon>
			<x1>204.539841</x1>
			<y1>307.056301</y1>
			<x2>222.673438</x2>
			<y2>639.580328</y2>
			<x3>637.899197</x3>
			<y3>632.821033</y3>
			<x4>262.618892</x4>
			<y4>308.175752</y4>
			<x5>204.539841</x5>
			<y5>307.056301</y5>
		</polygon>
	</object>
</annotation>
