<annotation>
	<folder></folder>
	<filename>110_jpg.rf.72264e52fa2550dab07dda13d3ee18ce.jpg</filename>
	<path>110_jpg.rf.72264e52fa2550dab07dda13d3ee18ce.jpg</path>
	<source>
		<database>roboflow.com</database>
	</source>
	<size>
		<width>640</width>
		<height>640</height>
		<depth>3</depth>
	</size>
	<segmented>0</segmented>
	<object>
		<name>Vendor</name>
		<pose>Unspecified</pose>
		<truncated>0</truncated>
		<difficult>0</difficult>
		<occluded>0</occluded>
		<bndbox>
			<xmin>133</xmin>
			<xmax>358</xmax>
			<ymin>13</ymin>
			<ymax>497</ymax>
		</bndbox>
	</object>
	<object>
		<name>Obstacle</name>
		<pose>Unspecified</pose>
		<truncated>0</truncated>
		<difficult>0</difficult>
		<occluded>0</occluded>
		<bndbox>
			<xmin>439</xmin>
			<xmax>506</xmax>
			<ymin>223</ymin>
			<ymax>362</ymax>
		</bndbox>
	</object>
	<object>
		<name>Obstacle</name>
		<pose>Unspecified</pose>
		<truncated>0</truncated>
		<difficult>0</difficult>
		<occluded>0</occluded>
		<bndbox>
			<xmin>150</xmin>
			<xmax>289</xmax>
			<ymin>342</ymin>
			<ymax>531</ymax>
		</bndbox>
		<polygon>
			<x1>280.17511</x1>
			<y1>468.5429</y1>
			<x2>166.103875</x2>
			<y2>475.547218</y2>
			<x3>168.105067</x3>
			<y3>474.546591</y3>
			<x4>265.165729</x4>
			<y4>467.542213</y4>
			<x5>288.180113</x5>
			<y5>467.542213</y5>
			<x6>221.138211</x6>
			<y6>400.500313</y6>
			<x7>216.135147</x7>
			<y7>349.468418</y7>
			<x8>211.13202</x8>
			<y8>341.463415</y8>
			<x9>149.093182</x9>
			<y9>476.547843</y9>
			<x10>157.098185</x10>
			<y10>529.580987</y10>
			<x11>279.174483</x11>
			<y11>529.580987</y11>
			<x12>280.17511</x12>
			<y12>468.5429</y12>
		</polygon>
	</object>
</annotation>
