<annotation>
	<folder></folder>
	<filename>111_jpg.rf.bc4fdd37162bac8eb0a480d692efd7a5.jpg</filename>
	<path>111_jpg.rf.bc4fdd37162bac8eb0a480d692efd7a5.jpg</path>
	<source>
		<database>roboflow.com</database>
	</source>
	<size>
		<width>640</width>
		<height>640</height>
		<depth>3</depth>
	</size>
	<segmented>0</segmented>
	<object>
		<name>Vendor</name>
		<pose>Unspecified</pose>
		<truncated>0</truncated>
		<difficult>0</difficult>
		<occluded>0</occluded>
		<bndbox>
			<xmin>259</xmin>
			<xmax>401</xmax>
			<ymin>34</ymin>
			<ymax>410</ymax>
		</bndbox>
	</object>
	<object>
		<name>Obstacle</name>
		<pose>Unspecified</pose>
		<truncated>0</truncated>
		<difficult>0</difficult>
		<occluded>0</occluded>
		<bndbox>
			<xmin>12</xmin>
			<xmax>152</xmax>
			<ymin>305</ymin>
			<ymax>487</ymax>
		</bndbox>
	</object>
	<object>
		<name>Obstacle</name>
		<pose>Unspecified</pose>
		<truncated>0</truncated>
		<difficult>0</difficult>
		<occluded>0</occluded>
		<bndbox>
			<xmin>287</xmin>
			<xmax>396</xmax>
			<ymin>336</ymin>
			<ymax>405</ymax>
		</bndbox>
	</object>
	<object>
		<name>Obstacle</name>
		<pose>Unspecified</pose>
		<truncated>0</truncated>
		<difficult>0</difficult>
		<occluded>0</occluded>
		<bndbox>
			<xmin>406</xmin>
			<xmax>485</xmax>
			<ymin>383</ymin>
			<ymax>466</ymax>
		</bndbox>
	</object>
	<object>
		<name>Footpath</name>
		<pose>Unspecified</pose>
		<truncated>0</truncated>
		<difficult>0</difficult>
		<occluded>0</occluded>
		<bndbox>
			<xmin>11</xmin>
			<xmax>617</xmax>
			<ymin>233</ymin>
			<ymax>638</ymax>
		</bndbox>
		<polygon>
			<x1>202.809238</x1>
			<y1>231.79181</y1>
			<x2>9.858768</x2>
			<y2>621.925547</y2>
			<x3>615.714547</x3>
			<y3>637.221185</y3>
			<x4>298.095136</x4>
			<y4>231.79181</y4>
			<x5>202.809238</x5>
			<y5>231.79181</y5>
		</polygon>
	</object>
</annotation>
