<annotation>
	<folder></folder>
	<filename>112_jpg.rf.805394ffc6c6a60da2d85c988d0a598a.jpg</filename>
	<path>112_jpg.rf.805394ffc6c6a60da2d85c988d0a598a.jpg</path>
	<source>
		<database>roboflow.com</database>
	</source>
	<size>
		<width>640</width>
		<height>640</height>
		<depth>3</depth>
	</size>
	<segmented>0</segmented>
	<object>
		<name>Vendor</name>
		<pose>Unspecified</pose>
		<truncated>0</truncated>
		<difficult>0</difficult>
		<occluded>0</occluded>
		<bndbox>
			<xmin>289</xmin>
			<xmax>440</xmax>
			<ymin>24</ymin>
			<ymax>359</ymax>
		</bndbox>
	</object>
	<object>
		<name>Obstacle</name>
		<pose>Unspecified</pose>
		<truncated>0</truncated>
		<difficult>0</difficult>
		<occluded>0</occluded>
		<bndbox>
			<xmin>110</xmin>
			<xmax>209</xmax>
			<ymin>273</ymin>
			<ymax>426</ymax>
		</bndbox>
	</object>
	<object>
		<name>Obstacle</name>
		<pose>Unspecified</pose>
		<truncated>0</truncated>
		<difficult>0</difficult>
		<occluded>0</occluded>
		<bndbox>
			<xmin>418</xmin>
			<xmax>478</xmax>
			<ymin>338</ymin>
			<ymax>406</ymax>
		</bndbox>
	</object>
	<object>
		<name>Footpath</name>
		<pose>Unspecified</pose>
		<truncated>0</truncated>
		<difficult>0</difficult>
		<occluded>0</occluded>
		<bndbox>
			<xmin>2</xmin>
			<xmax>560</xmax>
			<ymin>222</ymin>
			<ymax>641</ymax>
		</bndbox>
		<polygon>
			<x1>318.904622</x1>
			<y1>220.834258</y1>
			<x2>253.190244</x2>
			<y2>225.217296</y2>
			<x3>5.750939</x3>
			<y3>550.723151</y3>
			<x4>1.28513</x4>
			<y4>639.412745</y4>
			<x5>558.762118</x5>
			<y5>640</y5>
			<x6>318.904622</x6>
			<y6>220.834258</y6>
		</polygon>
	</object>
</annotation>
