<annotation>
	<folder></folder>
	<filename>113_jpg.rf.cc06b1f681555bcce0469c4cabc3e18c.jpg</filename>
	<path>113_jpg.rf.cc06b1f681555bcce0469c4cabc3e18c.jpg</path>
	<source>
		<database>roboflow.com</database>
	</source>
	<size>
		<width>640</width>
		<height>640</height>
		<depth>3</depth>
	</size>
	<segmented>0</segmented>
	<object>
		<name>Vendor</name>
		<pose>Unspecified</pose>
		<truncated>0</truncated>
		<difficult>0</difficult>
		<occluded>0</occluded>
		<bndbox>
			<xmin>190</xmin>
			<xmax>351</xmax>
			<ymin>10</ymin>
			<ymax>387</ymax>
		</bndbox>
	</object>
	<object>
		<name>Footpath</name>
		<pose>Unspecified</pose>
		<truncated>0</truncated>
		<difficult>0</difficult>
		<occluded>0</occluded>
		<bndbox>
			<xmin>66</xmin>
			<xmax>463</xmax>
			<ymin>290</ymin>
			<ymax>641</ymax>
		</bndbox>
		<polygon>
			<x1>462.155174</x1>
			<y1>640</y1>
			<x2>410.131213</x2>
			<y2>288.901763</y2>
			<x3>259.261953</x3>
			<y3>294.106526</y3>
			<x4>64.692665</x4>
			<y4>640</y4>
			<x5>462.155174</x5>
			<y5>640</y5>
		</polygon>
	</object>
	<object>
		<name>Obstacle</name>
		<pose>Unspecified</pose>
		<truncated>0</truncated>
		<difficult>0</difficult>
		<occluded>0</occluded>
		<bndbox>
			<xmin>62</xmin>
			<xmax>234</xmax>
			<ymin>441</ymin>
			<ymax>600</ymax>
		</bndbox>
		<polygon>
			<x1>61.398351</x1>
			<y1>462.829268</y1>
			<x2>75.097441</x2>
			<y2>599.105626</y2>
			<x3>233.250014</x3>
			<y3>593.900862</y3>
			<x4>213.480921</x4>
			<y4>439.839888</y4>
			<x5>61.398351</x5>
			<y5>462.829268</y5>
		</polygon>
	</object>
</annotation>
