<annotation>
	<folder></folder>
	<filename>114_jpg.rf.823cb0ab5d91ec4354161651d590711c.jpg</filename>
	<path>114_jpg.rf.823cb0ab5d91ec4354161651d590711c.jpg</path>
	<source>
		<database>roboflow.com</database>
	</source>
	<size>
		<width>640</width>
		<height>640</height>
		<depth>3</depth>
	</size>
	<segmented>0</segmented>
	<object>
		<name>Pedestrian</name>
		<pose>Unspecified</pose>
		<truncated>0</truncated>
		<difficult>0</difficult>
		<occluded>0</occluded>
		<bndbox>
			<xmin>248</xmin>
			<xmax>381</xmax>
			<ymin>64</ymin>
			<ymax>282</ymax>
		</bndbox>
	</object>
	<object>
		<name>Vendor</name>
		<pose>Unspecified</pose>
		<truncated>0</truncated>
		<difficult>0</difficult>
		<occluded>0</occluded>
		<bndbox>
			<xmin>132</xmin>
			<xmax>291</xmax>
			<ymin>180</ymin>
			<ymax>423</ymax>
		</bndbox>
	</object>
	<object>
		<name>pole</name>
		<pose>Unspecified</pose>
		<truncated>0</truncated>
		<difficult>0</difficult>
		<occluded>0</occluded>
		<bndbox>
			<xmin>559</xmin>
			<xmax>641</xmax>
			<ymin>2</ymin>
			<ymax>550</ymax>
		</bndbox>
	</object>
</annotation>
