<annotation>
	<folder></folder>
	<filename>115_jpg.rf.8d6d2788c3b42af9187f4c5a64f6f4c3.jpg</filename>
	<path>115_jpg.rf.8d6d2788c3b42af9187f4c5a64f6f4c3.jpg</path>
	<source>
		<database>roboflow.com</database>
	</source>
	<size>
		<width>640</width>
		<height>640</height>
		<depth>3</depth>
	</size>
	<segmented>0</segmented>
	<object>
		<name>Pedestrian</name>
		<pose>Unspecified</pose>
		<truncated>0</truncated>
		<difficult>0</difficult>
		<occluded>0</occluded>
		<bndbox>
			<xmin>252</xmin>
			<xmax>347</xmax>
			<ymin>108</ymin>
			<ymax>399</ymax>
		</bndbox>
	</object>
	<object>
		<name>Vendor</name>
		<pose>Unspecified</pose>
		<truncated>0</truncated>
		<difficult>0</difficult>
		<occluded>0</occluded>
		<bndbox>
			<xmin>352</xmin>
			<xmax>440</xmax>
			<ymin>67</ymin>
			<ymax>422</ymax>
		</bndbox>
	</object>
</annotation>
