<annotation>
	<folder></folder>
	<filename>116_jpg.rf.1db4f2cbf5d77db1f8db210a821bce48.jpg</filename>
	<path>116_jpg.rf.1db4f2cbf5d77db1f8db210a821bce48.jpg</path>
	<source>
		<database>roboflow.com</database>
	</source>
	<size>
		<width>640</width>
		<height>640</height>
		<depth>3</depth>
	</size>
	<segmented>0</segmented>
	<object>
		<name>Obstacle</name>
		<pose>Unspecified</pose>
		<truncated>0</truncated>
		<difficult>0</difficult>
		<occluded>0</occluded>
		<bndbox>
			<xmin>3</xmin>
			<xmax>171</xmax>
			<ymin>299</ymin>
			<ymax>597</ymax>
		</bndbox>
		<polygon>
			<x1>13.672942</x1>
			<y1>595.929363</y1>
			<x2>170.094439</x2>
			<y2>509.636782</y2>
			<x3>118.313564</x3>
			<y3>323.02924</y3>
			<x4>1.806439</x4>
			<y4>298.220178</y4>
			<x5>13.672942</x5>
			<y5>595.929363</y5>
		</polygon>
	</object>
	<object>
		<name>Vendor</name>
		<pose>Unspecified</pose>
		<truncated>0</truncated>
		<difficult>0</difficult>
		<occluded>0</occluded>
		<bndbox>
			<xmin>11</xmin>
			<xmax>240</xmax>
			<ymin>1</ymin>
			<ymax>406</ymax>
		</bndbox>
		<polygon>
			<x1>71.926504</x1>
			<y1>405.007147</y1>
			<x2>116.156001</x2>
			<y2>393.141929</y2>
			<x3>128.022504</x3>
			<y3>393.141929</y3>
			<x4>120.344081</x4>
			<y4>389.843468</y4>
			<x5>239.135724</x5>
			<y5>245.366005</y5>
			<x6>212.16646</x6>
			<y6>36.106648</y6>
			<x7>10.4366</x7>
			<y7>0</y7>
			<x8>71.926504</x8>
			<y8>405.007147</y8>
		</polygon>
	</object>
	<object>
		<name>signboard</name>
		<pose>Unspecified</pose>
		<truncated>0</truncated>
		<difficult>0</difficult>
		<occluded>0</occluded>
		<bndbox>
			<xmin>481</xmin>
			<xmax>627</xmax>
			<ymin>206</ymin>
			<ymax>473</ymax>
		</bndbox>
		<polygon>
			<x1>480.235681</x1>
			<y1>210.620342</y1>
			<x2>484.016299</x2>
			<y2>443.838764</y2>
			<x3>613.46862</x3>
			<y3>471.883832</y3>
			<x4>626.413817</x4>
			<y4>205.455719</y4>
			<x5>480.235681</x5>
			<y5>210.620342</y5>
		</polygon>
	</object>
	<object>
		<name>pole</name>
		<pose>Unspecified</pose>
		<truncated>0</truncated>
		<difficult>0</difficult>
		<occluded>0</occluded>
		<bndbox>
			<xmin>345</xmin>
			<xmax>418</xmax>
			<ymin>3</ymin>
			<ymax>258</ymax>
		</bndbox>
		<polygon>
			<x1>344.37299</x1>
			<y1>2.490261</y1>
			<x2>355.64276</x2>
			<y2>250.759303</y2>
			<x3>417.132665</x3>
			<y3>257.231225</y3>
			<x4>389.08462</x4>
			<y4>3.746976</y4>
			<x5>344.37299</x5>
			<y5>2.490261</y5>
		</polygon>
	</object>
</annotation>
