<annotation>
	<folder></folder>
	<filename>117_jpg.rf.f69009474788845e9fdb8c2a788a08d1.jpg</filename>
	<path>117_jpg.rf.f69009474788845e9fdb8c2a788a08d1.jpg</path>
	<source>
		<database>roboflow.com</database>
	</source>
	<size>
		<width>640</width>
		<height>640</height>
		<depth>3</depth>
	</size>
	<segmented>0</segmented>
	<object>
		<name>Vendor</name>
		<pose>Unspecified</pose>
		<truncated>0</truncated>
		<difficult>0</difficult>
		<occluded>0</occluded>
		<bndbox>
			<xmin>407</xmin>
			<xmax>529</xmax>
			<ymin>52</ymin>
			<ymax>465</ymax>
		</bndbox>
	</object>
	<object>
		<name>Footpath</name>
		<pose>Unspecified</pose>
		<truncated>0</truncated>
		<difficult>0</difficult>
		<occluded>0</occluded>
		<bndbox>
			<xmin>72</xmin>
			<xmax>619</xmax>
			<ymin>199</ymin>
			<ymax>641</ymax>
		</bndbox>
		<polygon>
			<x1>230.312341</x1>
			<y1>201.557554</y1>
			<x2>71.380483</x2>
			<y2>640</y2>
			<x3>617.90516</x3>
			<y3>639.412745</y3>
			<x4>376.952356</x4>
			<y4>197.82342</y4>
			<x5>230.312341</x5>
			<y5>201.557554</y5>
		</polygon>
	</object>
</annotation>
