<annotation>
	<folder></folder>
	<filename>118_jpg.rf.1f7a812cae9030cda253a5ca08b845bf.jpg</filename>
	<path>118_jpg.rf.1f7a812cae9030cda253a5ca08b845bf.jpg</path>
	<source>
		<database>roboflow.com</database>
	</source>
	<size>
		<width>640</width>
		<height>640</height>
		<depth>3</depth>
	</size>
	<segmented>0</segmented>
	<object>
		<name>Vendor</name>
		<pose>Unspecified</pose>
		<truncated>0</truncated>
		<difficult>0</difficult>
		<occluded>0</occluded>
		<bndbox>
			<xmin>8</xmin>
			<xmax>229</xmax>
			<ymin>1</ymin>
			<ymax>466</ymax>
		</bndbox>
		<polygon>
			<x1>7.200343</x1>
			<y1>1.589661</y1>
			<x2>37.959259</x2>
			<y2>465.001553</y2>
			<x3>213.245242</x3>
			<y3>262.62452</y3>
			<x4>228.348001</x4>
			<y4>47.971869</y4>
			<x5>104.289584</x5>
			<y5>0</y5>
			<x6>7.200343</x6>
			<y6>1.589661</y6>
		</polygon>
	</object>
	<object>
		<name>pole</name>
		<pose>Unspecified</pose>
		<truncated>0</truncated>
		<difficult>0</difficult>
		<occluded>0</occluded>
		<bndbox>
			<xmin>366</xmin>
			<xmax>435</xmax>
			<ymin>1</ymin>
			<ymax>269</ymax>
		</bndbox>
		<polygon>
			<x1>372.903082</x1>
			<y1>5.904291</y1>
			<x2>365.351701</x2>
			<y2>247.523296</y2>
			<x3>425.438793</x3>
			<y3>267.550247</y3>
			<x4>434.392898</x4>
			<y4>0</y4>
			<x5>372.903082</x5>
			<y5>5.904291</y5>
		</polygon>
	</object>
	<object>
		<name>Obstacle</name>
		<pose>Unspecified</pose>
		<truncated>0</truncated>
		<difficult>0</difficult>
		<occluded>0</occluded>
		<bndbox>
			<xmin>510</xmin>
			<xmax>630</xmax>
			<ymin>147</ymin>
			<ymax>554</ymax>
		</bndbox>
		<polygon>
			<x1>520.694504</x1>
			<y1>146.129623</y1>
			<x2>508.828001</x2>
			<y2>389.905967</y2>
			<x3>603.75968</x3>
			<y3>552.783071</y3>
			<x4>628.57138</x4>
			<y4>161.230803</y4>
			<x5>520.694504</x5>
			<y5>146.129623</y5>
		</polygon>
	</object>
	<object>
		<name>Footpath</name>
		<pose>Unspecified</pose>
		<truncated>0</truncated>
		<difficult>0</difficult>
		<occluded>0</occluded>
		<bndbox>
			<xmin>1</xmin>
			<xmax>639</xmax>
			<ymin>144</ymin>
			<ymax>641</ymax>
		</bndbox>
		<polygon>
			<x1>283.856989</x1>
			<y1>143.035666</y1>
			<x2>293.714162</x2>
			<y2>145.227184</y2>
			<x3>0</x3>
			<y3>640</y3>
			<x4>637.619338</x4>
			<y4>632.838148</y4>
			<x5>339.714193</x5>
			<y5>150.705962</y5>
			<x6>283.856989</x6>
			<y6>143.035666</y6>
		</polygon>
	</object>
</annotation>
