<annotation>
	<folder></folder>
	<filename>119_jpg.rf.914ad1ffc042fbe425f77b002d2b2829.jpg</filename>
	<path>119_jpg.rf.914ad1ffc042fbe425f77b002d2b2829.jpg</path>
	<source>
		<database>roboflow.com</database>
	</source>
	<size>
		<width>640</width>
		<height>640</height>
		<depth>3</depth>
	</size>
	<segmented>0</segmented>
	<object>
		<name>Vendor</name>
		<pose>Unspecified</pose>
		<truncated>0</truncated>
		<difficult>0</difficult>
		<occluded>0</occluded>
		<bndbox>
			<xmin>67</xmin>
			<xmax>225</xmax>
			<ymin>81</ymin>
			<ymax>503</ymax>
		</bndbox>
	</object>
	<object>
		<name>Footpath</name>
		<pose>Unspecified</pose>
		<truncated>0</truncated>
		<difficult>0</difficult>
		<occluded>0</occluded>
		<bndbox>
			<xmin>1</xmin>
			<xmax>293</xmax>
			<ymin>300</ymin>
			<ymax>516</ymax>
		</bndbox>
		<polygon>
			<x1>175.035753</x1>
			<y1>507.329927</y1>
			<x2>292.125847</x2>
			<y2>336.088953</y2>
			<x3>111.643016</x3>
			<y3>299.15464</y3>
			<x4>0</x4>
			<y4>515.164447</y4>
			<x5>175.035753</x5>
			<y5>507.329927</y5>
		</polygon>
	</object>
</annotation>
