<annotation>
	<folder></folder>
	<filename>11_jpg.rf.04f48a58483d7dde5897f89cec563677.jpg</filename>
	<path>11_jpg.rf.04f48a58483d7dde5897f89cec563677.jpg</path>
	<source>
		<database>roboflow.com</database>
	</source>
	<size>
		<width>640</width>
		<height>640</height>
		<depth>3</depth>
	</size>
	<segmented>0</segmented>
	<object>
		<name>Vendor</name>
		<pose>Unspecified</pose>
		<truncated>0</truncated>
		<difficult>0</difficult>
		<occluded>0</occluded>
		<bndbox>
			<xmin>354</xmin>
			<xmax>641</xmax>
			<ymin>209</ymin>
			<ymax>641</ymax>
		</bndbox>
	</object>
	<object>
		<name>Vendor</name>
		<pose>Unspecified</pose>
		<truncated>0</truncated>
		<difficult>0</difficult>
		<occluded>0</occluded>
		<bndbox>
			<xmin>156</xmin>
			<xmax>285</xmax>
			<ymin>146</ymin>
			<ymax>483</ymax>
		</bndbox>
	</object>
	<object>
		<name>Vendor</name>
		<pose>Unspecified</pose>
		<truncated>0</truncated>
		<difficult>0</difficult>
		<occluded>0</occluded>
		<bndbox>
			<xmin>246</xmin>
			<xmax>393</xmax>
			<ymin>226</ymin>
			<ymax>572</ymax>
		</bndbox>
	</object>
	<object>
		<name>Vendor</name>
		<pose>Unspecified</pose>
		<truncated>0</truncated>
		<difficult>0</difficult>
		<occluded>0</occluded>
		<bndbox>
			<xmin>39</xmin>
			<xmax>113</xmax>
			<ymin>186</ymin>
			<ymax>356</ymax>
		</bndbox>
	</object>
	<object>
		<name>Footpath</name>
		<pose>Unspecified</pose>
		<truncated>0</truncated>
		<difficult>0</difficult>
		<occluded>0</occluded>
		<bndbox>
			<xmin>1</xmin>
			<xmax>641</xmax>
			<ymin>185</ymin>
			<ymax>641</ymax>
		</bndbox>
		<polygon>
			<x1>0</x1>
			<y1>348.270576</y1>
			<x2>308.544516</x2>
			<y2>639.859742</y2>
			<x3>640</x3>
			<y3>417.86012</y3>
			<x4>139.318952</x4>
			<y4>184.398656</y4>
			<x5>0</x5>
			<y5>348.270576</y5>
		</polygon>
	</object>
</annotation>
