<annotation>
	<folder></folder>
	<filename>120_jpg.rf.645bc240e0b72a021468120f02f04118.jpg</filename>
	<path>120_jpg.rf.645bc240e0b72a021468120f02f04118.jpg</path>
	<source>
		<database>roboflow.com</database>
	</source>
	<size>
		<width>640</width>
		<height>640</height>
		<depth>3</depth>
	</size>
	<segmented>0</segmented>
	<object>
		<name>Vendor</name>
		<pose>Unspecified</pose>
		<truncated>0</truncated>
		<difficult>0</difficult>
		<occluded>0</occluded>
		<bndbox>
			<xmin>259</xmin>
			<xmax>527</xmax>
			<ymin>223</ymin>
			<ymax>558</ymax>
		</bndbox>
	</object>
	<object>
		<name>Footpath</name>
		<pose>Unspecified</pose>
		<truncated>0</truncated>
		<difficult>0</difficult>
		<occluded>0</occluded>
		<bndbox>
			<xmin>3</xmin>
			<xmax>633</xmax>
			<ymin>391</ymin>
			<ymax>570</ymax>
		</bndbox>
		<polygon>
			<x1>20.966327</x1>
			<y1>416.796457</y1>
			<x2>1.910187</x2>
			<y2>569.167755</y2>
			<x3>632.142631</x3>
			<y3>554.040757</y3>
			<x4>589.082503</x4>
			<y4>390.01696</y4>
			<x5>20.966327</x5>
			<y5>416.796457</y5>
		</polygon>
	</object>
</annotation>
