<annotation>
	<folder></folder>
	<filename>12_jpg.rf.48bd1ae8ddcbe471c3f15e966f4ae2b4.jpg</filename>
	<path>12_jpg.rf.48bd1ae8ddcbe471c3f15e966f4ae2b4.jpg</path>
	<source>
		<database>roboflow.com</database>
	</source>
	<size>
		<width>640</width>
		<height>640</height>
		<depth>3</depth>
	</size>
	<segmented>0</segmented>
	<object>
		<name>Vendor</name>
		<pose>Unspecified</pose>
		<truncated>0</truncated>
		<difficult>0</difficult>
		<occluded>0</occluded>
		<bndbox>
			<xmin>45</xmin>
			<xmax>486</xmax>
			<ymin>28</ymin>
			<ymax>479</ymax>
		</bndbox>
	</object>
</annotation>
