<annotation>
	<folder></folder>
	<filename>12_jpg.rf.f941c2f5f2fa930dab388cffd63b84aa.jpg</filename>
	<path>12_jpg.rf.f941c2f5f2fa930dab388cffd63b84aa.jpg</path>
	<source>
		<database>roboflow.com</database>
	</source>
	<size>
		<width>640</width>
		<height>640</height>
		<depth>3</depth>
	</size>
	<segmented>0</segmented>
	<object>
		<name>Vendor</name>
		<pose>Unspecified</pose>
		<truncated>0</truncated>
		<difficult>0</difficult>
		<occluded>0</occluded>
		<bndbox>
			<xmin>1</xmin>
			<xmax>205</xmax>
			<ymin>167</ymin>
			<ymax>641</ymax>
		</bndbox>
	</object>
	<object>
		<name>motorcycle</name>
		<pose>Unspecified</pose>
		<truncated>0</truncated>
		<difficult>0</difficult>
		<occluded>0</occluded>
		<bndbox>
			<xmin>237</xmin>
			<xmax>279</xmax>
			<ymin>137</ymin>
			<ymax>262</ymax>
		</bndbox>
	</object>
	<object>
		<name>motorcycle</name>
		<pose>Unspecified</pose>
		<truncated>0</truncated>
		<difficult>0</difficult>
		<occluded>0</occluded>
		<bndbox>
			<xmin>274</xmin>
			<xmax>378</xmax>
			<ymin>155</ymin>
			<ymax>418</ymax>
		</bndbox>
	</object>
	<object>
		<name>motorcycle</name>
		<pose>Unspecified</pose>
		<truncated>0</truncated>
		<difficult>0</difficult>
		<occluded>0</occluded>
		<bndbox>
			<xmin>362</xmin>
			<xmax>527</xmax>
			<ymin>156</ymin>
			<ymax>623</ymax>
		</bndbox>
	</object>
	<object>
		<name>Pedestrian</name>
		<pose>Unspecified</pose>
		<truncated>0</truncated>
		<difficult>0</difficult>
		<occluded>0</occluded>
		<bndbox>
			<xmin>184</xmin>
			<xmax>231</xmax>
			<ymin>133</ymin>
			<ymax>263</ymax>
		</bndbox>
	</object>
	<object>
		<name>Car</name>
		<pose>Unspecified</pose>
		<truncated>0</truncated>
		<difficult>0</difficult>
		<occluded>0</occluded>
		<bndbox>
			<xmin>478</xmin>
			<xmax>641</xmax>
			<ymin>139</ymin>
			<ymax>388</ymax>
		</bndbox>
	</object>
	<object>
		<name>Bus</name>
		<pose>Unspecified</pose>
		<truncated>0</truncated>
		<difficult>0</difficult>
		<occluded>0</occluded>
		<bndbox>
			<xmin>349</xmin>
			<xmax>573</xmax>
			<ymin>1</ymin>
			<ymax>207</ymax>
		</bndbox>
	</object>
	<object>
		<name>Footpath</name>
		<pose>Unspecified</pose>
		<truncated>0</truncated>
		<difficult>0</difficult>
		<occluded>0</occluded>
		<bndbox>
			<xmin>52</xmin>
			<xmax>358</xmax>
			<ymin>182</ymin>
			<ymax>641</ymax>
		</bndbox>
		<polygon>
			<x1>210.702927</x1>
			<y1>201.955262</y1>
			<x2>50.517331</x2>
			<y2>630.153848</y2>
			<x3>356.773518</x3>
			<y3>640</y3>
			<x4>304.897994</x4>
			<y4>181.098241</y4>
			<x5>210.702927</x5>
			<y5>201.955262</y5>
		</polygon>
	</object>
</annotation>
