<annotation>
	<folder></folder>
	<filename>13_jpg.rf.e080f641ad18b2e030486f544d3d4e2e.jpg</filename>
	<path>13_jpg.rf.e080f641ad18b2e030486f544d3d4e2e.jpg</path>
	<source>
		<database>roboflow.com</database>
	</source>
	<size>
		<width>640</width>
		<height>640</height>
		<depth>3</depth>
	</size>
	<segmented>0</segmented>
	<object>
		<name>Vendor</name>
		<pose>Unspecified</pose>
		<truncated>0</truncated>
		<difficult>0</difficult>
		<occluded>0</occluded>
		<bndbox>
			<xmin>78</xmin>
			<xmax>455</xmax>
			<ymin>239</ymin>
			<ymax>618</ymax>
		</bndbox>
	</object>
</annotation>
