<annotation>
	<folder></folder>
	<filename>14_jpg.rf.ef824e6f0978f4e9582cdf53c1cb4d2a.jpg</filename>
	<path>14_jpg.rf.ef824e6f0978f4e9582cdf53c1cb4d2a.jpg</path>
	<source>
		<database>roboflow.com</database>
	</source>
	<size>
		<width>640</width>
		<height>640</height>
		<depth>3</depth>
	</size>
	<segmented>0</segmented>
	<object>
		<name>Vendor</name>
		<pose>Unspecified</pose>
		<truncated>0</truncated>
		<difficult>0</difficult>
		<occluded>0</occluded>
		<bndbox>
			<xmin>128</xmin>
			<xmax>370</xmax>
			<ymin>213</ymin>
			<ymax>486</ymax>
		</bndbox>
	</object>
	<object>
		<name>Footpath</name>
		<pose>Unspecified</pose>
		<truncated>0</truncated>
		<difficult>0</difficult>
		<occluded>0</occluded>
		<bndbox>
			<xmin>1</xmin>
			<xmax>135</xmax>
			<ymin>96</ymin>
			<ymax>641</ymax>
		</bndbox>
		<polygon>
			<x1>66.726802</x1>
			<y1>640</y1>
			<x2>134.36657</x2>
			<y2>95.108375</y2>
			<x3>24.670509</x3>
			<y3>104.408891</y3>
			<x4>0.293583</x4>
			<y4>631.438438</y4>
			<x5>66.726802</x5>
			<y5>640</y5>
		</polygon>
	</object>
</annotation>
