<annotation>
	<folder></folder>
	<filename>15_jpg.rf.43497f043ff27e261e9e28bb4737aeca.jpg</filename>
	<path>15_jpg.rf.43497f043ff27e261e9e28bb4737aeca.jpg</path>
	<source>
		<database>roboflow.com</database>
	</source>
	<size>
		<width>640</width>
		<height>640</height>
		<depth>3</depth>
	</size>
	<segmented>0</segmented>
	<object>
		<name>crosswalk</name>
		<pose>Unspecified</pose>
		<truncated>0</truncated>
		<difficult>0</difficult>
		<occluded>0</occluded>
		<bndbox>
			<xmin>215</xmin>
			<xmax>641</xmax>
			<ymin>386</ymin>
			<ymax>641</ymax>
		</bndbox>
	</object>
	<object>
		<name>Obstacle</name>
		<pose>Unspecified</pose>
		<truncated>0</truncated>
		<difficult>0</difficult>
		<occluded>0</occluded>
		<bndbox>
			<xmin>126</xmin>
			<xmax>641</xmax>
			<ymin>332</ymin>
			<ymax>404</ymax>
		</bndbox>
	</object>
	<object>
		<name>signboard</name>
		<pose>Unspecified</pose>
		<truncated>0</truncated>
		<difficult>0</difficult>
		<occluded>0</occluded>
		<bndbox>
			<xmin>179</xmin>
			<xmax>230</xmax>
			<ymin>160</ymin>
			<ymax>330</ymax>
		</bndbox>
	</object>
	<object>
		<name>pole</name>
		<pose>Unspecified</pose>
		<truncated>0</truncated>
		<difficult>0</difficult>
		<occluded>0</occluded>
		<bndbox>
			<xmin>197</xmin>
			<xmax>277</xmax>
			<ymin>1</ymin>
			<ymax>336</ymax>
		</bndbox>
	</object>
	<object>
		<name>Tree</name>
		<pose>Unspecified</pose>
		<truncated>0</truncated>
		<difficult>0</difficult>
		<occluded>0</occluded>
		<bndbox>
			<xmin>331</xmin>
			<xmax>537</xmax>
			<ymin>72</ymin>
			<ymax>348</ymax>
		</bndbox>
	</object>
</annotation>
