<annotation>
	<folder></folder>
	<filename>16_jpg.rf.7bee1eae894f0d70ae63ac1969b0d599.jpg</filename>
	<path>16_jpg.rf.7bee1eae894f0d70ae63ac1969b0d599.jpg</path>
	<source>
		<database>roboflow.com</database>
	</source>
	<size>
		<width>640</width>
		<height>640</height>
		<depth>3</depth>
	</size>
	<segmented>0</segmented>
	<object>
		<name>Pedestrian</name>
		<pose>Unspecified</pose>
		<truncated>0</truncated>
		<difficult>0</difficult>
		<occluded>0</occluded>
		<bndbox>
			<xmin>303</xmin>
			<xmax>363</xmax>
			<ymin>266</ymin>
			<ymax>361</ymax>
		</bndbox>
	</object>
	<object>
		<name>motorcycle</name>
		<pose>Unspecified</pose>
		<truncated>0</truncated>
		<difficult>0</difficult>
		<occluded>0</occluded>
		<bndbox>
			<xmin>463</xmin>
			<xmax>547</xmax>
			<ymin>302</ymin>
			<ymax>360</ymax>
		</bndbox>
	</object>
	<object>
		<name>Obstacle</name>
		<pose>Unspecified</pose>
		<truncated>0</truncated>
		<difficult>0</difficult>
		<occluded>0</occluded>
		<bndbox>
			<xmin>419</xmin>
			<xmax>458</xmax>
			<ymin>283</ymin>
			<ymax>309</ymax>
		</bndbox>
	</object>
</annotation>
