<annotation>
	<folder></folder>
	<filename>16_jpg.rf.06875550c988dd42072b7bb779109044.jpg</filename>
	<path>16_jpg.rf.06875550c988dd42072b7bb779109044.jpg</path>
	<source>
		<database>roboflow.com</database>
	</source>
	<size>
		<width>640</width>
		<height>640</height>
		<depth>3</depth>
	</size>
	<segmented>0</segmented>
	<object>
		<name>Vendor</name>
		<pose>Unspecified</pose>
		<truncated>0</truncated>
		<difficult>0</difficult>
		<occluded>0</occluded>
		<bndbox>
			<xmin>351</xmin>
			<xmax>481</xmax>
			<ymin>203</ymin>
			<ymax>487</ymax>
		</bndbox>
	</object>
	<object>
		<name>Obstacle</name>
		<pose>Unspecified</pose>
		<truncated>0</truncated>
		<difficult>0</difficult>
		<occluded>0</occluded>
		<bndbox>
			<xmin>233</xmin>
			<xmax>267</xmax>
			<ymin>402</ymin>
			<ymax>552</ymax>
		</bndbox>
	</object>
	<object>
		<name>Obstacle</name>
		<pose>Unspecified</pose>
		<truncated>0</truncated>
		<difficult>0</difficult>
		<occluded>0</occluded>
		<bndbox>
			<xmin>309</xmin>
			<xmax>337</xmax>
			<ymin>406</ymin>
			<ymax>551</ymax>
		</bndbox>
	</object>
	<object>
		<name>Obstacle</name>
		<pose>Unspecified</pose>
		<truncated>0</truncated>
		<difficult>0</difficult>
		<occluded>0</occluded>
		<bndbox>
			<xmin>375</xmin>
			<xmax>412</xmax>
			<ymin>416</ymin>
			<ymax>550</ymax>
		</bndbox>
	</object>
	<object>
		<name>Obstacle</name>
		<pose>Unspecified</pose>
		<truncated>0</truncated>
		<difficult>0</difficult>
		<occluded>0</occluded>
		<bndbox>
			<xmin>440</xmin>
			<xmax>472</xmax>
			<ymin>409</ymin>
			<ymax>551</ymax>
		</bndbox>
	</object>
</annotation>
