<annotation>
	<folder></folder>
	<filename>17_jpg.rf.01e8071d0c168eb369b7e3b8e75ab140.jpg</filename>
	<path>17_jpg.rf.01e8071d0c168eb369b7e3b8e75ab140.jpg</path>
	<source>
		<database>roboflow.com</database>
	</source>
	<size>
		<width>640</width>
		<height>640</height>
		<depth>3</depth>
	</size>
	<segmented>0</segmented>
	<object>
		<name>Vendor</name>
		<pose>Unspecified</pose>
		<truncated>0</truncated>
		<difficult>0</difficult>
		<occluded>0</occluded>
		<bndbox>
			<xmin>149</xmin>
			<xmax>404</xmax>
			<ymin>268</ymin>
			<ymax>641</ymax>
		</bndbox>
	</object>
</annotation>
