<annotation>
	<folder></folder>
	<filename>18_jpg.rf.011a8ddeecdef04e281938616cf604f3.jpg</filename>
	<path>18_jpg.rf.011a8ddeecdef04e281938616cf604f3.jpg</path>
	<source>
		<database>roboflow.com</database>
	</source>
	<size>
		<width>640</width>
		<height>640</height>
		<depth>3</depth>
	</size>
	<segmented>0</segmented>
	<object>
		<name>Pedestrian</name>
		<pose>Unspecified</pose>
		<truncated>0</truncated>
		<difficult>0</difficult>
		<occluded>0</occluded>
		<bndbox>
			<xmin>180</xmin>
			<xmax>269</xmax>
			<ymin>195</ymin>
			<ymax>510</ymax>
		</bndbox>
	</object>
	<object>
		<name>Vendor</name>
		<pose>Unspecified</pose>
		<truncated>0</truncated>
		<difficult>0</difficult>
		<occluded>0</occluded>
		<bndbox>
			<xmin>228</xmin>
			<xmax>513</xmax>
			<ymin>507</ymin>
			<ymax>641</ymax>
		</bndbox>
	</object>
	<object>
		<name>Vendor</name>
		<pose>Unspecified</pose>
		<truncated>0</truncated>
		<difficult>0</difficult>
		<occluded>0</occluded>
		<bndbox>
			<xmin>297</xmin>
			<xmax>455</xmax>
			<ymin>399</ymin>
			<ymax>519</ymax>
		</bndbox>
	</object>
	<object>
		<name>Pedestrian</name>
		<pose>Unspecified</pose>
		<truncated>0</truncated>
		<difficult>0</difficult>
		<occluded>0</occluded>
		<bndbox>
			<xmin>11</xmin>
			<xmax>131</xmax>
			<ymin>234</ymin>
			<ymax>635</ymax>
		</bndbox>
		<polygon>
			<x1>83.464567</x1>
			<y1>615.326694</y1>
			<x2>129.92126</x2>
			<y2>594.221106</y2>
			<x3>88.188976</x3>
			<y3>311.809045</y3>
			<x4>116.535481</x4>
			<y4>259.547739</y4>
			<x5>78.740157</x5>
			<y5>233.417085</y5>
			<x6>42.519685</x6>
			<y6>272.361809</y6>
			<x7>10.236268</x7>
			<y7>302.763851</y7>
			<x8>22.834646</x8>
			<y8>620.35182</y8>
			<x9>33.070866</x9>
			<y9>634.422111</y9>
			<x10>83.464567</x10>
			<y10>615.326694</y10>
		</polygon>
	</object>
</annotation>
