<annotation>
	<folder></folder>
	<filename>19_jpg.rf.f1a32a0fb7d7c33d159dbbbea005e006.jpg</filename>
	<path>19_jpg.rf.f1a32a0fb7d7c33d159dbbbea005e006.jpg</path>
	<source>
		<database>roboflow.com</database>
	</source>
	<size>
		<width>640</width>
		<height>640</height>
		<depth>3</depth>
	</size>
	<segmented>0</segmented>
	<object>
		<name>Vendor</name>
		<pose>Unspecified</pose>
		<truncated>0</truncated>
		<difficult>0</difficult>
		<occluded>0</occluded>
		<bndbox>
			<xmin>65</xmin>
			<xmax>462</xmax>
			<ymin>291</ymin>
			<ymax>584</ymax>
		</bndbox>
	</object>
	<object>
		<name>Pedestrian</name>
		<pose>Unspecified</pose>
		<truncated>0</truncated>
		<difficult>0</difficult>
		<occluded>0</occluded>
		<bndbox>
			<xmin>107</xmin>
			<xmax>239</xmax>
			<ymin>112</ymin>
			<ymax>311</ymax>
		</bndbox>
	</object>
	<object>
		<name>Pedestrian</name>
		<pose>Unspecified</pose>
		<truncated>0</truncated>
		<difficult>0</difficult>
		<occluded>0</occluded>
		<bndbox>
			<xmin>286</xmin>
			<xmax>429</xmax>
			<ymin>110</ymin>
			<ymax>315</ymax>
		</bndbox>
	</object>
	<object>
		<name>Pedestrian</name>
		<pose>Unspecified</pose>
		<truncated>0</truncated>
		<difficult>0</difficult>
		<occluded>0</occluded>
		<bndbox>
			<xmin>523</xmin>
			<xmax>641</xmax>
			<ymin>155</ymin>
			<ymax>509</ymax>
		</bndbox>
	</object>
</annotation>
