<annotation>
	<folder></folder>
	<filename>1_jpg.rf.226304f40a3f42e2488fce4b8d2e6194.jpg</filename>
	<path>1_jpg.rf.226304f40a3f42e2488fce4b8d2e6194.jpg</path>
	<source>
		<database>roboflow.com</database>
	</source>
	<size>
		<width>640</width>
		<height>640</height>
		<depth>3</depth>
	</size>
	<segmented>0</segmented>
	<object>
		<name>Vendor</name>
		<pose>Unspecified</pose>
		<truncated>0</truncated>
		<difficult>0</difficult>
		<occluded>0</occluded>
		<bndbox>
			<xmin>395</xmin>
			<xmax>497</xmax>
			<ymin>189</ymin>
			<ymax>423</ymax>
		</bndbox>
	</object>
	<object>
		<name>Pedestrian</name>
		<pose>Unspecified</pose>
		<truncated>0</truncated>
		<difficult>0</difficult>
		<occluded>0</occluded>
		<bndbox>
			<xmin>564</xmin>
			<xmax>641</xmax>
			<ymin>204</ymin>
			<ymax>641</ymax>
		</bndbox>
	</object>
	<object>
		<name>motorcycle</name>
		<pose>Unspecified</pose>
		<truncated>0</truncated>
		<difficult>0</difficult>
		<occluded>0</occluded>
		<bndbox>
			<xmin>315</xmin>
			<xmax>369</xmax>
			<ymin>225</ymin>
			<ymax>398</ymax>
		</bndbox>
	</object>
	<object>
		<name>motorcycle</name>
		<pose>Unspecified</pose>
		<truncated>0</truncated>
		<difficult>0</difficult>
		<occluded>0</occluded>
		<bndbox>
			<xmin>261</xmin>
			<xmax>313</xmax>
			<ymin>222</ymin>
			<ymax>397</ymax>
		</bndbox>
	</object>
	<object>
		<name>motorcycle</name>
		<pose>Unspecified</pose>
		<truncated>0</truncated>
		<difficult>0</difficult>
		<occluded>0</occluded>
		<bndbox>
			<xmin>113</xmin>
			<xmax>166</xmax>
			<ymin>253</ymin>
			<ymax>398</ymax>
		</bndbox>
	</object>
	<object>
		<name>motorcycle</name>
		<pose>Unspecified</pose>
		<truncated>0</truncated>
		<difficult>0</difficult>
		<occluded>0</occluded>
		<bndbox>
			<xmin>35</xmin>
			<xmax>81</xmax>
			<ymin>247</ymin>
			<ymax>386</ymax>
		</bndbox>
	</object>
	<object>
		<name>pole</name>
		<pose>Unspecified</pose>
		<truncated>0</truncated>
		<difficult>0</difficult>
		<occluded>0</occluded>
		<bndbox>
			<xmin>68</xmin>
			<xmax>129</xmax>
			<ymin>5</ymin>
			<ymax>533</ymax>
		</bndbox>
	</object>
	<object>
		<name>Traffic Lights</name>
		<pose>Unspecified</pose>
		<truncated>0</truncated>
		<difficult>0</difficult>
		<occluded>0</occluded>
		<bndbox>
			<xmin>219</xmin>
			<xmax>265</xmax>
			<ymin>16</ymin>
			<ymax>361</ymax>
		</bndbox>
	</object>
	<object>
		<name>Footpath</name>
		<pose>Unspecified</pose>
		<truncated>0</truncated>
		<difficult>0</difficult>
		<occluded>0</occluded>
		<bndbox>
			<xmin>358</xmin>
			<xmax>641</xmax>
			<ymin>288</ymin>
			<ymax>641</ymax>
		</bndbox>
		<polygon>
			<x1>640</x1>
			<y1>601.476022</y1>
			<x2>391.435345</x2>
			<y2>286.905915</y2>
			<x3>357.183588</x3>
			<y3>290.264306</y3>
			<x4>456.33162</x4>
			<y4>638.181421</y4>
			<x5>640</x5>
			<y5>640</y5>
			<x6>640</x6>
			<y6>601.476022</y6>
		</polygon>
	</object>
</annotation>
