<annotation>
	<folder></folder>
	<filename>20_jpg.rf.1687cd3395def672fb3546dde460455d.jpg</filename>
	<path>20_jpg.rf.1687cd3395def672fb3546dde460455d.jpg</path>
	<source>
		<database>roboflow.com</database>
	</source>
	<size>
		<width>640</width>
		<height>640</height>
		<depth>3</depth>
	</size>
	<segmented>0</segmented>
	<object>
		<name>Vendor</name>
		<pose>Unspecified</pose>
		<truncated>0</truncated>
		<difficult>0</difficult>
		<occluded>0</occluded>
		<bndbox>
			<xmin>253</xmin>
			<xmax>599</xmax>
			<ymin>218</ymin>
			<ymax>616</ymax>
		</bndbox>
	</object>
</annotation>
