<annotation>
	<folder></folder>
	<filename>21_jpg.rf.15a718c944e15f40bb151e38e2cc7435.jpg</filename>
	<path>21_jpg.rf.15a718c944e15f40bb151e38e2cc7435.jpg</path>
	<source>
		<database>roboflow.com</database>
	</source>
	<size>
		<width>640</width>
		<height>640</height>
		<depth>3</depth>
	</size>
	<segmented>0</segmented>
	<object>
		<name>Pedestrian</name>
		<pose>Unspecified</pose>
		<truncated>0</truncated>
		<difficult>0</difficult>
		<occluded>0</occluded>
		<bndbox>
			<xmin>131</xmin>
			<xmax>251</xmax>
			<ymin>26</ymin>
			<ymax>325</ymax>
		</bndbox>
	</object>
	<object>
		<name>Vendor</name>
		<pose>Unspecified</pose>
		<truncated>0</truncated>
		<difficult>0</difficult>
		<occluded>0</occluded>
		<bndbox>
			<xmin>1</xmin>
			<xmax>206</xmax>
			<ymin>1</ymin>
			<ymax>426</ymax>
		</bndbox>
	</object>
	<object>
		<name>motorcycle</name>
		<pose>Unspecified</pose>
		<truncated>0</truncated>
		<difficult>0</difficult>
		<occluded>0</occluded>
		<bndbox>
			<xmin>220</xmin>
			<xmax>641</xmax>
			<ymin>337</ymin>
			<ymax>641</ymax>
		</bndbox>
	</object>
	<object>
		<name>Footpath</name>
		<pose>Unspecified</pose>
		<truncated>0</truncated>
		<difficult>0</difficult>
		<occluded>0</occluded>
		<bndbox>
			<xmin>1</xmin>
			<xmax>262</xmax>
			<ymin>313</ymin>
			<ymax>641</ymax>
		</bndbox>
		<polygon>
			<x1>38.496054</x1>
			<y1>319.736016</y1>
			<x2>30.590031</x2>
			<y2>320.792016</y2>
			<x3>0</x3>
			<y3>640</y3>
			<x4>261.445945</x4>
			<y4>635.473049</y4>
			<x5>231.403031</x5>
			<y5>312.344172</y5>
			<x6>38.496054</x6>
			<y6>319.736016</y6>
		</polygon>
	</object>
</annotation>
