<annotation>
	<folder></folder>
	<filename>22_jpg.rf.7e7c3cc929a04f6bd71cc65ba3a7a6b0.jpg</filename>
	<path>22_jpg.rf.7e7c3cc929a04f6bd71cc65ba3a7a6b0.jpg</path>
	<source>
		<database>roboflow.com</database>
	</source>
	<size>
		<width>640</width>
		<height>640</height>
		<depth>3</depth>
	</size>
	<segmented>0</segmented>
	<object>
		<name>Vendor</name>
		<pose>Unspecified</pose>
		<truncated>0</truncated>
		<difficult>0</difficult>
		<occluded>0</occluded>
		<bndbox>
			<xmin>68</xmin>
			<xmax>419</xmax>
			<ymin>81</ymin>
			<ymax>602</ymax>
		</bndbox>
	</object>
	<object>
		<name>Vendor</name>
		<pose>Unspecified</pose>
		<truncated>0</truncated>
		<difficult>0</difficult>
		<occluded>0</occluded>
		<bndbox>
			<xmin>505</xmin>
			<xmax>641</xmax>
			<ymin>254</ymin>
			<ymax>574</ymax>
		</bndbox>
	</object>
	<object>
		<name>Pedestrian</name>
		<pose>Unspecified</pose>
		<truncated>0</truncated>
		<difficult>0</difficult>
		<occluded>0</occluded>
		<bndbox>
			<xmin>421</xmin>
			<xmax>512</xmax>
			<ymin>257</ymin>
			<ymax>576</ymax>
		</bndbox>
	</object>
</annotation>
