<annotation>
	<folder></folder>
	<filename>23_jpg.rf.92f7930f7ffa28e6614c9d0c9fcd5227.jpg</filename>
	<path>23_jpg.rf.92f7930f7ffa28e6614c9d0c9fcd5227.jpg</path>
	<source>
		<database>roboflow.com</database>
	</source>
	<size>
		<width>640</width>
		<height>640</height>
		<depth>3</depth>
	</size>
	<segmented>0</segmented>
	<object>
		<name>Vendor</name>
		<pose>Unspecified</pose>
		<truncated>0</truncated>
		<difficult>0</difficult>
		<occluded>0</occluded>
		<bndbox>
			<xmin>247</xmin>
			<xmax>502</xmax>
			<ymin>32</ymin>
			<ymax>579</ymax>
		</bndbox>
	</object>
	<object>
		<name>Vendor</name>
		<pose>Unspecified</pose>
		<truncated>0</truncated>
		<difficult>0</difficult>
		<occluded>0</occluded>
		<bndbox>
			<xmin>38</xmin>
			<xmax>303</xmax>
			<ymin>344</ymin>
			<ymax>571</ymax>
		</bndbox>
	</object>
	<object>
		<name>Pedestrian</name>
		<pose>Unspecified</pose>
		<truncated>0</truncated>
		<difficult>0</difficult>
		<occluded>0</occluded>
		<bndbox>
			<xmin>319</xmin>
			<xmax>453</xmax>
			<ymin>288</ymin>
			<ymax>571</ymax>
		</bndbox>
	</object>
</annotation>
