<annotation>
	<folder></folder>
	<filename>24_jpg.rf.e398da14257aa2cd4faeadc0806998d1.jpg</filename>
	<path>24_jpg.rf.e398da14257aa2cd4faeadc0806998d1.jpg</path>
	<source>
		<database>roboflow.com</database>
	</source>
	<size>
		<width>640</width>
		<height>640</height>
		<depth>3</depth>
	</size>
	<segmented>0</segmented>
	<object>
		<name>Vendor</name>
		<pose>Unspecified</pose>
		<truncated>0</truncated>
		<difficult>0</difficult>
		<occluded>0</occluded>
		<bndbox>
			<xmin>84</xmin>
			<xmax>421</xmax>
			<ymin>248</ymin>
			<ymax>556</ymax>
		</bndbox>
	</object>
	<object>
		<name>Pedestrian</name>
		<pose>Unspecified</pose>
		<truncated>0</truncated>
		<difficult>0</difficult>
		<occluded>0</occluded>
		<bndbox>
			<xmin>476</xmin>
			<xmax>628</xmax>
			<ymin>152</ymin>
			<ymax>479</ymax>
		</bndbox>
	</object>
</annotation>
