<annotation>
	<folder></folder>
	<filename>25_jpg.rf.a26945cb5a135b7a0e47a80583294a89.jpg</filename>
	<path>25_jpg.rf.a26945cb5a135b7a0e47a80583294a89.jpg</path>
	<source>
		<database>roboflow.com</database>
	</source>
	<size>
		<width>640</width>
		<height>640</height>
		<depth>3</depth>
	</size>
	<segmented>0</segmented>
	<object>
		<name>Vendor</name>
		<pose>Unspecified</pose>
		<truncated>0</truncated>
		<difficult>0</difficult>
		<occluded>0</occluded>
		<bndbox>
			<xmin>79</xmin>
			<xmax>337</xmax>
			<ymin>248</ymin>
			<ymax>617</ymax>
		</bndbox>
	</object>
	<object>
		<name>Pedestrian</name>
		<pose>Unspecified</pose>
		<truncated>0</truncated>
		<difficult>0</difficult>
		<occluded>0</occluded>
		<bndbox>
			<xmin>274</xmin>
			<xmax>422</xmax>
			<ymin>65</ymin>
			<ymax>486</ymax>
		</bndbox>
	</object>
</annotation>
