<annotation>
	<folder></folder>
	<filename>27_jpg.rf.9330c5f01b2e0789566392b4dae41a24.jpg</filename>
	<path>27_jpg.rf.9330c5f01b2e0789566392b4dae41a24.jpg</path>
	<source>
		<database>roboflow.com</database>
	</source>
	<size>
		<width>640</width>
		<height>640</height>
		<depth>3</depth>
	</size>
	<segmented>0</segmented>
	<object>
		<name>Vendor</name>
		<pose>Unspecified</pose>
		<truncated>0</truncated>
		<difficult>0</difficult>
		<occluded>0</occluded>
		<bndbox>
			<xmin>227</xmin>
			<xmax>459</xmax>
			<ymin>176</ymin>
			<ymax>529</ymax>
		</bndbox>
	</object>
	<object>
		<name>Pedestrian</name>
		<pose>Unspecified</pose>
		<truncated>0</truncated>
		<difficult>0</difficult>
		<occluded>0</occluded>
		<bndbox>
			<xmin>124</xmin>
			<xmax>222</xmax>
			<ymin>173</ymin>
			<ymax>518</ymax>
		</bndbox>
	</object>
	<object>
		<name>Footpath</name>
		<pose>Unspecified</pose>
		<truncated>0</truncated>
		<difficult>0</difficult>
		<occluded>0</occluded>
		<bndbox>
			<xmin>2</xmin>
			<xmax>639</xmax>
			<ymin>236</ymin>
			<ymax>638</ymax>
		</bndbox>
		<polygon>
			<x1>637.569148</x1>
			<y1>603.194475</y1>
			<x2>198.479195</x2>
			<y2>234.984295</y2>
			<x3>1.268358</x3>
			<y3>239.147275</y3>
			<x4>2.657145</x4>
			<y4>636.710368</y4>
			<x5>637.569148</x5>
			<y5>603.194475</y5>
		</polygon>
	</object>
</annotation>
