<annotation>
	<folder></folder>
	<filename>28_jpg.rf.c52cbd7a3b0200dcb62679c8cabcbc61.jpg</filename>
	<path>28_jpg.rf.c52cbd7a3b0200dcb62679c8cabcbc61.jpg</path>
	<source>
		<database>roboflow.com</database>
	</source>
	<size>
		<width>640</width>
		<height>640</height>
		<depth>3</depth>
	</size>
	<segmented>0</segmented>
	<object>
		<name>Pedestrian</name>
		<pose>Unspecified</pose>
		<truncated>0</truncated>
		<difficult>0</difficult>
		<occluded>0</occluded>
		<bndbox>
			<xmin>402</xmin>
			<xmax>536</xmax>
			<ymin>152</ymin>
			<ymax>502</ymax>
		</bndbox>
	</object>
	<object>
		<name>Pedestrian</name>
		<pose>Unspecified</pose>
		<truncated>0</truncated>
		<difficult>0</difficult>
		<occluded>0</occluded>
		<bndbox>
			<xmin>279</xmin>
			<xmax>338</xmax>
			<ymin>201</ymin>
			<ymax>410</ymax>
		</bndbox>
	</object>
	<object>
		<name>Pedestrian</name>
		<pose>Unspecified</pose>
		<truncated>0</truncated>
		<difficult>0</difficult>
		<occluded>0</occluded>
		<bndbox>
			<xmin>232</xmin>
			<xmax>288</xmax>
			<ymin>190</ymin>
			<ymax>384</ymax>
		</bndbox>
	</object>
	<object>
		<name>Vendor</name>
		<pose>Unspecified</pose>
		<truncated>0</truncated>
		<difficult>0</difficult>
		<occluded>0</occluded>
		<bndbox>
			<xmin>147</xmin>
			<xmax>569</xmax>
			<ymin>359</ymin>
			<ymax>617</ymax>
		</bndbox>
	</object>
</annotation>
