<annotation>
	<folder></folder>
	<filename>29_jpg.rf.9da313db3bf318c4ebc6d2b7fc309789.jpg</filename>
	<path>29_jpg.rf.9da313db3bf318c4ebc6d2b7fc309789.jpg</path>
	<source>
		<database>roboflow.com</database>
	</source>
	<size>
		<width>640</width>
		<height>640</height>
		<depth>3</depth>
	</size>
	<segmented>0</segmented>
	<object>
		<name>Vendor</name>
		<pose>Unspecified</pose>
		<truncated>0</truncated>
		<difficult>0</difficult>
		<occluded>0</occluded>
		<bndbox>
			<xmin>350</xmin>
			<xmax>447</xmax>
			<ymin>229</ymin>
			<ymax>323</ymax>
		</bndbox>
	</object>
	<object>
		<name>Footpath</name>
		<pose>Unspecified</pose>
		<truncated>0</truncated>
		<difficult>0</difficult>
		<occluded>0</occluded>
		<bndbox>
			<xmin>3</xmin>
			<xmax>641</xmax>
			<ymin>256</ymin>
			<ymax>639</ymax>
		</bndbox>
		<polygon>
			<x1>282.152429</x1>
			<y1>262.877947</y1>
			<x2>1.560952</x2>
			<y2>638.439024</y2>
			<x3>640</x3>
			<y3>636.579902</y3>
			<x4>388.281199</x4>
			<y4>254.550296</y4>
			<x5>282.152429</x5>
			<y5>262.877947</y5>
		</polygon>
	</object>
</annotation>
