<annotation>
	<folder></folder>
	<filename>2_jpg.rf.32261476ca2767b43202ed3388358ea3.jpg</filename>
	<path>2_jpg.rf.32261476ca2767b43202ed3388358ea3.jpg</path>
	<source>
		<database>roboflow.com</database>
	</source>
	<size>
		<width>640</width>
		<height>640</height>
		<depth>3</depth>
	</size>
	<segmented>0</segmented>
	<object>
		<name>Pedestrian</name>
		<pose>Unspecified</pose>
		<truncated>0</truncated>
		<difficult>0</difficult>
		<occluded>0</occluded>
		<bndbox>
			<xmin>186</xmin>
			<xmax>247</xmax>
			<ymin>242</ymin>
			<ymax>348</ymax>
		</bndbox>
	</object>
	<object>
		<name>Pedestrian</name>
		<pose>Unspecified</pose>
		<truncated>0</truncated>
		<difficult>0</difficult>
		<occluded>0</occluded>
		<bndbox>
			<xmin>420</xmin>
			<xmax>507</xmax>
			<ymin>208</ymin>
			<ymax>347</ymax>
		</bndbox>
	</object>
	<object>
		<name>Pedestrian</name>
		<pose>Unspecified</pose>
		<truncated>0</truncated>
		<difficult>0</difficult>
		<occluded>0</occluded>
		<bndbox>
			<xmin>535</xmin>
			<xmax>593</xmax>
			<ymin>266</ymin>
			<ymax>357</ymax>
		</bndbox>
	</object>
	<object>
		<name>Pedestrian</name>
		<pose>Unspecified</pose>
		<truncated>0</truncated>
		<difficult>0</difficult>
		<occluded>0</occluded>
		<bndbox>
			<xmin>518</xmin>
			<xmax>641</xmax>
			<ymin>97</ymin>
			<ymax>310</ymax>
		</bndbox>
	</object>
	<object>
		<name>crosswalk</name>
		<pose>Unspecified</pose>
		<truncated>0</truncated>
		<difficult>0</difficult>
		<occluded>0</occluded>
		<bndbox>
			<xmin>23</xmin>
			<xmax>641</xmax>
			<ymin>340</ymin>
			<ymax>641</ymax>
		</bndbox>
	</object>
	<object>
		<name>barrier</name>
		<pose>Unspecified</pose>
		<truncated>0</truncated>
		<difficult>0</difficult>
		<occluded>0</occluded>
		<bndbox>
			<xmin>9</xmin>
			<xmax>189</xmax>
			<ymin>121</ymin>
			<ymax>350</ymax>
		</bndbox>
	</object>
	<object>
		<name>pole</name>
		<pose>Unspecified</pose>
		<truncated>0</truncated>
		<difficult>0</difficult>
		<occluded>0</occluded>
		<bndbox>
			<xmin>248</xmin>
			<xmax>275</xmax>
			<ymin>1</ymin>
			<ymax>306</ymax>
		</bndbox>
	</object>
	<object>
		<name>Pedestrian</name>
		<pose>Unspecified</pose>
		<truncated>0</truncated>
		<difficult>0</difficult>
		<occluded>0</occluded>
		<bndbox>
			<xmin>264</xmin>
			<xmax>355</xmax>
			<ymin>223</ymin>
			<ymax>360</ymax>
		</bndbox>
	</object>
	<object>
		<name>Footpath</name>
		<pose>Unspecified</pose>
		<truncated>0</truncated>
		<difficult>0</difficult>
		<occluded>0</occluded>
		<bndbox>
			<xmin>6</xmin>
			<xmax>640</xmax>
			<ymin>266</ymin>
			<ymax>336</ymax>
		</bndbox>
		<polygon>
			<x1>636.475346</x1>
			<y1>334.618579</y1>
			<x2>638.741129</x2>
			<y2>282.428031</y2>
			<x3>90.472786</x3>
			<y3>264.516585</y3>
			<x4>5.153621</x4>
			<y4>322.728806</y4>
			<x5>636.475346</x5>
			<y5>334.618579</y5>
		</polygon>
	</object>
</annotation>
