<annotation>
	<folder></folder>
	<filename>2_jpg.rf.ae99e6ce4638c9c05e23697dd6755e67.jpg</filename>
	<path>2_jpg.rf.ae99e6ce4638c9c05e23697dd6755e67.jpg</path>
	<source>
		<database>roboflow.com</database>
	</source>
	<size>
		<width>640</width>
		<height>640</height>
		<depth>3</depth>
	</size>
	<segmented>0</segmented>
	<object>
		<name>signboard</name>
		<pose>Unspecified</pose>
		<truncated>0</truncated>
		<difficult>0</difficult>
		<occluded>0</occluded>
		<bndbox>
			<xmin>418</xmin>
			<xmax>576</xmax>
			<ymin>237</ymin>
			<ymax>385</ymax>
		</bndbox>
	</object>
	<object>
		<name>Tree</name>
		<pose>Unspecified</pose>
		<truncated>0</truncated>
		<difficult>0</difficult>
		<occluded>0</occluded>
		<bndbox>
			<xmin>1</xmin>
			<xmax>164</xmax>
			<ymin>1</ymin>
			<ymax>304</ymax>
		</bndbox>
	</object>
	<object>
		<name>pothole</name>
		<pose>Unspecified</pose>
		<truncated>0</truncated>
		<difficult>0</difficult>
		<occluded>0</occluded>
		<bndbox>
			<xmin>2</xmin>
			<xmax>417</xmax>
			<ymin>285</ymin>
			<ymax>382</ymax>
		</bndbox>
	</object>
	<object>
		<name>pothole</name>
		<pose>Unspecified</pose>
		<truncated>0</truncated>
		<difficult>0</difficult>
		<occluded>0</occluded>
		<bndbox>
			<xmin>214</xmin>
			<xmax>345</xmax>
			<ymin>195</ymin>
			<ymax>256</ymax>
		</bndbox>
	</object>
	<object>
		<name>pole</name>
		<pose>Unspecified</pose>
		<truncated>0</truncated>
		<difficult>0</difficult>
		<occluded>0</occluded>
		<bndbox>
			<xmin>337</xmin>
			<xmax>355</xmax>
			<ymin>1</ymin>
			<ymax>145</ymax>
		</bndbox>
	</object>
	<object>
		<name>Tree</name>
		<pose>Unspecified</pose>
		<truncated>0</truncated>
		<difficult>0</difficult>
		<occluded>0</occluded>
		<bndbox>
			<xmin>217</xmin>
			<xmax>279</xmax>
			<ymin>1</ymin>
			<ymax>175</ymax>
		</bndbox>
	</object>
	<object>
		<name>Footpath</name>
		<pose>Unspecified</pose>
		<truncated>0</truncated>
		<difficult>0</difficult>
		<occluded>0</occluded>
		<bndbox>
			<xmin>1</xmin>
			<xmax>641</xmax>
			<ymin>104</ymin>
			<ymax>641</ymax>
		</bndbox>
		<polygon>
			<x1>640</x1>
			<y1>543.214899</y1>
			<x2>320.586319</x2>
			<y2>102.760758</y2>
			<x3>262.598253</x3>
			<y3>105.037015</y3>
			<x4>3.357592</x4>
			<y4>471.513036</y4>
			<x5>0</x5>
			<y5>635.402947</y5>
			<x6>633.551219</x6>
			<y6>640</y6>
			<x7>640</x7>
			<y7>543.214899</y7>
		</polygon>
	</object>
</annotation>
