<annotation>
	<folder></folder>
	<filename>30_jpg.rf.b2c6e2b9dc13353fd0f58b1d4b67cce4.jpg</filename>
	<path>30_jpg.rf.b2c6e2b9dc13353fd0f58b1d4b67cce4.jpg</path>
	<source>
		<database>roboflow.com</database>
	</source>
	<size>
		<width>640</width>
		<height>640</height>
		<depth>3</depth>
	</size>
	<segmented>0</segmented>
	<object>
		<name>Vendor</name>
		<pose>Unspecified</pose>
		<truncated>0</truncated>
		<difficult>0</difficult>
		<occluded>0</occluded>
		<bndbox>
			<xmin>342</xmin>
			<xmax>598</xmax>
			<ymin>114</ymin>
			<ymax>484</ymax>
		</bndbox>
	</object>
	<object>
		<name>Footpath</name>
		<pose>Unspecified</pose>
		<truncated>0</truncated>
		<difficult>0</difficult>
		<occluded>0</occluded>
		<bndbox>
			<xmin>1</xmin>
			<xmax>641</xmax>
			<ymin>286</ymin>
			<ymax>631</ymax>
		</bndbox>
		<polygon>
			<x1>418.455066</x1>
			<y1>288.901763</y1>
			<x2>294.63821</x2>
			<y2>284.737936</y2>
			<x3>0.260139</x3>
			<y3>622.829268</y3>
			<x4>0</x4>
			<y4>630.334205</y4>
			<x5>640</x5>
			<y5>628.252332</y5>
			<x6>418.455066</x6>
			<y6>288.901763</y6>
		</polygon>
	</object>
</annotation>
