<annotation>
	<folder></folder>
	<filename>31_jpg.rf.2421f9059331b0b63d6f410d35db7a0e.jpg</filename>
	<path>31_jpg.rf.2421f9059331b0b63d6f410d35db7a0e.jpg</path>
	<source>
		<database>roboflow.com</database>
	</source>
	<size>
		<width>640</width>
		<height>640</height>
		<depth>3</depth>
	</size>
	<segmented>0</segmented>
	<object>
		<name>Pedestrian</name>
		<pose>Unspecified</pose>
		<truncated>0</truncated>
		<difficult>0</difficult>
		<occluded>0</occluded>
		<bndbox>
			<xmin>333</xmin>
			<xmax>482</xmax>
			<ymin>94</ymin>
			<ymax>396</ymax>
		</bndbox>
	</object>
	<object>
		<name>Obstacle</name>
		<pose>Unspecified</pose>
		<truncated>0</truncated>
		<difficult>0</difficult>
		<occluded>0</occluded>
		<bndbox>
			<xmin>1</xmin>
			<xmax>254</xmax>
			<ymin>199</ymin>
			<ymax>509</ymax>
		</bndbox>
		<polygon>
			<x1>2.001251</x1>
			<y1>508.317698</y1>
			<x2>253.158223</x2>
			<y2>303.439649</y2>
			<x3>243.151969</x3>
			<y3>198.373984</y3>
			<x4>0</x4>
			<y4>210.381489</y4>
			<x5>2.001251</x5>
			<y5>508.317698</y5>
		</polygon>
	</object>
	<object>
		<name>Pedestrian</name>
		<pose>Unspecified</pose>
		<truncated>0</truncated>
		<difficult>0</difficult>
		<occluded>0</occluded>
		<bndbox>
			<xmin>485</xmin>
			<xmax>641</xmax>
			<ymin>118</ymin>
			<ymax>436</ymax>
		</bndbox>
		<polygon>
			<x1>625.390868</x1>
			<y1>157.348373</y1>
			<x2>626.391495</x2>
			<y2>117.323359</y2>
			<x3>558.348969</x3>
			<y3>121.075673</y3>
			<x4>484.302689</x4>
			<y4>410.506568</y4>
			<x5>595.372108</x5>
			<y5>434.521577</y5>
			<x6>640</x6>
			<y6>167.354628</y6>
			<x7>625.390868</x7>
			<y7>157.348373</y7>
		</polygon>
	</object>
</annotation>
