<annotation>
	<folder></folder>
	<filename>32_jpg.rf.ac46f78e16c9928d6fda0f687464d99f.jpg</filename>
	<path>32_jpg.rf.ac46f78e16c9928d6fda0f687464d99f.jpg</path>
	<source>
		<database>roboflow.com</database>
	</source>
	<size>
		<width>640</width>
		<height>640</height>
		<depth>3</depth>
	</size>
	<segmented>0</segmented>
	<object>
		<name>Obstacle</name>
		<pose>Unspecified</pose>
		<truncated>0</truncated>
		<difficult>0</difficult>
		<occluded>0</occluded>
		<bndbox>
			<xmin>147</xmin>
			<xmax>368</xmax>
			<ymin>344</ymin>
			<ymax>488</ymax>
		</bndbox>
	</object>
</annotation>
