<annotation>
	<folder></folder>
	<filename>33_jpg.rf.af7a636a13ae714ca40bc85564c1dce9.jpg</filename>
	<path>33_jpg.rf.af7a636a13ae714ca40bc85564c1dce9.jpg</path>
	<source>
		<database>roboflow.com</database>
	</source>
	<size>
		<width>640</width>
		<height>640</height>
		<depth>3</depth>
	</size>
	<segmented>0</segmented>
	<object>
		<name>Obstacle</name>
		<pose>Unspecified</pose>
		<truncated>0</truncated>
		<difficult>0</difficult>
		<occluded>0</occluded>
		<bndbox>
			<xmin>126</xmin>
			<xmax>400</xmax>
			<ymin>345</ymin>
			<ymax>496</ymax>
		</bndbox>
	</object>
	<object>
		<name>Footpath</name>
		<pose>Unspecified</pose>
		<truncated>0</truncated>
		<difficult>0</difficult>
		<occluded>0</occluded>
		<bndbox>
			<xmin>10</xmin>
			<xmax>641</xmax>
			<ymin>330</ymin>
			<ymax>639</ymax>
		</bndbox>
		<polygon>
			<x1>186.428519</x1>
			<y1>336.785566</y1>
			<x2>9.36583</x2>
			<y2>638.439024</y2>
			<x3>640</x3>
			<y3>637.620842</y3>
			<x4>407.009748</x4>
			<y4>329.49889</y4>
			<x5>186.428519</x5>
			<y5>336.785566</y5>
		</polygon>
	</object>
</annotation>
