<annotation>
	<folder></folder>
	<filename>34_jpg.rf.41e93122c794d95c6d6cc37f3cc7e9c2.jpg</filename>
	<path>34_jpg.rf.41e93122c794d95c6d6cc37f3cc7e9c2.jpg</path>
	<source>
		<database>roboflow.com</database>
	</source>
	<size>
		<width>640</width>
		<height>640</height>
		<depth>3</depth>
	</size>
	<segmented>0</segmented>
	<object>
		<name>Obstacle</name>
		<pose>Unspecified</pose>
		<truncated>0</truncated>
		<difficult>0</difficult>
		<occluded>0</occluded>
		<bndbox>
			<xmin>133</xmin>
			<xmax>413</xmax>
			<ymin>388</ymin>
			<ymax>526</ymax>
		</bndbox>
	</object>
</annotation>
