<annotation>
	<folder></folder>
	<filename>35_jpg.rf.f620193436f3f90cca5ab2658727cc54.jpg</filename>
	<path>35_jpg.rf.f620193436f3f90cca5ab2658727cc54.jpg</path>
	<source>
		<database>roboflow.com</database>
	</source>
	<size>
		<width>640</width>
		<height>640</height>
		<depth>3</depth>
	</size>
	<segmented>0</segmented>
	<object>
		<name>Obstacle</name>
		<pose>Unspecified</pose>
		<truncated>0</truncated>
		<difficult>0</difficult>
		<occluded>0</occluded>
		<bndbox>
			<xmin>155</xmin>
			<xmax>394</xmax>
			<ymin>374</ymin>
			<ymax>471</ymax>
		</bndbox>
	</object>
	<object>
		<name>Footpath</name>
		<pose>Unspecified</pose>
		<truncated>0</truncated>
		<difficult>0</difficult>
		<occluded>0</occluded>
		<bndbox>
			<xmin>26</xmin>
			<xmax>641</xmax>
			<ymin>321</ymin>
			<ymax>641</ymax>
		</bndbox>
		<polygon>
			<x1>219.723772</x1>
			<y1>320.130341</y1>
			<x2>24.975586</x2>
			<y2>639.739837</y2>
			<x3>640</x3>
			<y3>634.498029</y3>
			<x4>389.32166</x4>
			<y4>322.212215</y4>
			<x5>219.723772</x5>
			<y5>320.130341</y5>
		</polygon>
	</object>
</annotation>
