<annotation>
	<folder></folder>
	<filename>36_jpg.rf.17c8093cf920d0ea8b9c3b3f14d4e357.jpg</filename>
	<path>36_jpg.rf.17c8093cf920d0ea8b9c3b3f14d4e357.jpg</path>
	<source>
		<database>roboflow.com</database>
	</source>
	<size>
		<width>640</width>
		<height>640</height>
		<depth>3</depth>
	</size>
	<segmented>0</segmented>
	<object>
		<name>Obstacle</name>
		<pose>Unspecified</pose>
		<truncated>0</truncated>
		<difficult>0</difficult>
		<occluded>0</occluded>
		<bndbox>
			<xmin>123</xmin>
			<xmax>362</xmax>
			<ymin>368</ymin>
			<ymax>464</ymax>
		</bndbox>
	</object>
</annotation>
