<annotation>
	<folder></folder>
	<filename>37_jpg.rf.6c8eaf75e1d427e5ae5077d169490076.jpg</filename>
	<path>37_jpg.rf.6c8eaf75e1d427e5ae5077d169490076.jpg</path>
	<source>
		<database>roboflow.com</database>
	</source>
	<size>
		<width>640</width>
		<height>640</height>
		<depth>3</depth>
	</size>
	<segmented>0</segmented>
	<object>
		<name>Obstacle</name>
		<pose>Unspecified</pose>
		<truncated>0</truncated>
		<difficult>0</difficult>
		<occluded>0</occluded>
		<bndbox>
			<xmin>200</xmin>
			<xmax>519</xmax>
			<ymin>376</ymin>
			<ymax>543</ymax>
		</bndbox>
	</object>
</annotation>
