<annotation>
	<folder></folder>
	<filename>38_jpg.rf.710953bdfafd36b3e7ea6c6108784ff2.jpg</filename>
	<path>38_jpg.rf.710953bdfafd36b3e7ea6c6108784ff2.jpg</path>
	<source>
		<database>roboflow.com</database>
	</source>
	<size>
		<width>640</width>
		<height>640</height>
		<depth>3</depth>
	</size>
	<segmented>0</segmented>
	<object>
		<name>stairs</name>
		<pose>Unspecified</pose>
		<truncated>0</truncated>
		<difficult>0</difficult>
		<occluded>0</occluded>
		<bndbox>
			<xmin>230</xmin>
			<xmax>446</xmax>
			<ymin>42</ymin>
			<ymax>460</ymax>
		</bndbox>
		<polygon>
			<x1>441.275798</x1>
			<y1>278.424016</y1>
			<x2>380.237648</x2>
			<y2>41.275798</y2>
			<x3>297.18574</x3>
			<y3>62.288976</y3>
			<x4>233.145717</x4>
			<y4>442.52658</y4>
			<x5>229.143214</x5>
			<y5>452.532834</y5>
			<x6>445.278299</x6>
			<y6>458.536645</y6>
			<x7>441.275798</x7>
			<y7>278.424016</y7>
		</polygon>
	</object>
	<object>
		<name>Footpath</name>
		<pose>Unspecified</pose>
		<truncated>0</truncated>
		<difficult>0</difficult>
		<occluded>0</occluded>
		<bndbox>
			<xmin>1</xmin>
			<xmax>641</xmax>
			<ymin>360</ymin>
			<ymax>641</ymax>
		</bndbox>
		<polygon>
			<x1>640</x1>
			<y1>556.135292</y1>
			<x2>438.28576</x2>
			<y2>363.515926</y2>
			<x3>181.99967</x3>
			<y3>359.132888</y3>
			<x4>0.189906</x4>
			<y4>497.198051</y4>
			<x5>0</x5>
			<y5>640</y5>
			<x6>640</x6>
			<y6>640</y6>
			<x7>640</x7>
			<y7>556.135292</y7>
		</polygon>
	</object>
</annotation>
