<annotation>
	<folder></folder>
	<filename>39_jpg.rf.a914aec9549b8b362994d2d8a6553426.jpg</filename>
	<path>39_jpg.rf.a914aec9549b8b362994d2d8a6553426.jpg</path>
	<source>
		<database>roboflow.com</database>
	</source>
	<size>
		<width>640</width>
		<height>640</height>
		<depth>3</depth>
	</size>
	<segmented>0</segmented>
	<object>
		<name>Obstacle</name>
		<pose>Unspecified</pose>
		<truncated>0</truncated>
		<difficult>0</difficult>
		<occluded>0</occluded>
		<bndbox>
			<xmin>206</xmin>
			<xmax>470</xmax>
			<ymin>336</ymin>
			<ymax>480</ymax>
		</bndbox>
	</object>
	<object>
		<name>Footpath</name>
		<pose>Unspecified</pose>
		<truncated>0</truncated>
		<difficult>0</difficult>
		<occluded>0</occluded>
		<bndbox>
			<xmin>1</xmin>
			<xmax>639</xmax>
			<ymin>349</ymin>
			<ymax>641</ymax>
		</bndbox>
		<polygon>
			<x1>194.752372</x1>
			<y1>353.440791</y1>
			<x2>0</x2>
			<y2>640</y2>
			<x3>637.995835</x3>
			<y3>636.579902</y3>
			<x4>439.264539</x4>
			<y4>348.23603</y4>
			<x5>194.752372</x5>
			<y5>353.440791</y5>
		</polygon>
	</object>
</annotation>
