<annotation>
	<folder></folder>
	<filename>3_jpg.rf.92e6938ab23f8efed5dc3768404b4995.jpg</filename>
	<path>3_jpg.rf.92e6938ab23f8efed5dc3768404b4995.jpg</path>
	<source>
		<database>roboflow.com</database>
	</source>
	<size>
		<width>640</width>
		<height>640</height>
		<depth>3</depth>
	</size>
	<segmented>0</segmented>
	<object>
		<name>Vendor</name>
		<pose>Unspecified</pose>
		<truncated>0</truncated>
		<difficult>0</difficult>
		<occluded>0</occluded>
		<bndbox>
			<xmin>381</xmin>
			<xmax>571</xmax>
			<ymin>270</ymin>
			<ymax>619</ymax>
		</bndbox>
	</object>
</annotation>
