<annotation>
	<folder></folder>
	<filename>40_jpg.rf.9617dd5253ea9cadae4399a92f5fb2fc.jpg</filename>
	<path>40_jpg.rf.9617dd5253ea9cadae4399a92f5fb2fc.jpg</path>
	<source>
		<database>roboflow.com</database>
	</source>
	<size>
		<width>640</width>
		<height>640</height>
		<depth>3</depth>
	</size>
	<segmented>0</segmented>
	<object>
		<name>Pedestrian</name>
		<pose>Unspecified</pose>
		<truncated>0</truncated>
		<difficult>0</difficult>
		<occluded>0</occluded>
		<bndbox>
			<xmin>119</xmin>
			<xmax>263</xmax>
			<ymin>137</ymin>
			<ymax>431</ymax>
		</bndbox>
	</object>
	<object>
		<name>Pedestrian</name>
		<pose>Unspecified</pose>
		<truncated>0</truncated>
		<difficult>0</difficult>
		<occluded>0</occluded>
		<bndbox>
			<xmin>453</xmin>
			<xmax>503</xmax>
			<ymin>161</ymin>
			<ymax>407</ymax>
		</bndbox>
	</object>
	<object>
		<name>signboard</name>
		<pose>Unspecified</pose>
		<truncated>0</truncated>
		<difficult>0</difficult>
		<occluded>0</occluded>
		<bndbox>
			<xmin>302</xmin>
			<xmax>418</xmax>
			<ymin>310</ymin>
			<ymax>570</ymax>
		</bndbox>
	</object>
	<object>
		<name>signboard</name>
		<pose>Unspecified</pose>
		<truncated>0</truncated>
		<difficult>0</difficult>
		<occluded>0</occluded>
		<bndbox>
			<xmin>494</xmin>
			<xmax>585</xmax>
			<ymin>355</ymin>
			<ymax>544</ymax>
		</bndbox>
	</object>
	<object>
		<name>Pedestrian</name>
		<pose>Unspecified</pose>
		<truncated>0</truncated>
		<difficult>0</difficult>
		<occluded>0</occluded>
		<bndbox>
			<xmin>371</xmin>
			<xmax>443</xmax>
			<ymin>173</ymin>
			<ymax>340</ymax>
		</bndbox>
	</object>
	<object>
		<name>signboard</name>
		<pose>Unspecified</pose>
		<truncated>0</truncated>
		<difficult>0</difficult>
		<occluded>0</occluded>
		<bndbox>
			<xmin>187</xmin>
			<xmax>282</xmax>
			<ymin>1</ymin>
			<ymax>267</ymax>
		</bndbox>
		<polygon>
			<x1>202.12633</x1>
			<y1>128.330206</y1>
			<x2>238.148844</x2>
			<y2>133.333333</y2>
			<x3>245.15322</x3>
			<y3>266.41651</y3>
			<x4>257.160726</x4>
			<y4>263.414634</y4>
			<x5>250.156347</x5>
			<y5>87.304611</y5>
			<x6>281.175735</x6>
			<y6>85.303329</y6>
			<x7>272.170107</x7>
			<y7>0</y7>
			<x8>186.116384</x8>
			<y8>3.252033</y8>
			<x9>194.121327</x9>
			<y9>88.305192</y9>
			<x10>230.143839</x10>
			<y10>87.054408</y10>
			<x11>232.14509</x11>
			<y11>97.310866</y11>
			<x12>198.123827</x12>
			<y12>96.310194</y12>
			<x13>202.12633</x13>
			<y13>128.330206</y13>
		</polygon>
	</object>
</annotation>
