<annotation>
	<folder></folder>
	<filename>41_jpg.rf.6a1c1a3fdd58c88d010dbcfec87304ae.jpg</filename>
	<path>41_jpg.rf.6a1c1a3fdd58c88d010dbcfec87304ae.jpg</path>
	<source>
		<database>roboflow.com</database>
	</source>
	<size>
		<width>640</width>
		<height>640</height>
		<depth>3</depth>
	</size>
	<segmented>0</segmented>
	<object>
		<name>signboard</name>
		<pose>Unspecified</pose>
		<truncated>0</truncated>
		<difficult>0</difficult>
		<occluded>0</occluded>
		<bndbox>
			<xmin>299</xmin>
			<xmax>416</xmax>
			<ymin>331</ymin>
			<ymax>578</ymax>
		</bndbox>
	</object>
	<object>
		<name>signboard</name>
		<pose>Unspecified</pose>
		<truncated>0</truncated>
		<difficult>0</difficult>
		<occluded>0</occluded>
		<bndbox>
			<xmin>491</xmin>
			<xmax>574</xmax>
			<ymin>348</ymin>
			<ymax>558</ymax>
		</bndbox>
	</object>
	<object>
		<name>Pedestrian</name>
		<pose>Unspecified</pose>
		<truncated>0</truncated>
		<difficult>0</difficult>
		<occluded>0</occluded>
		<bndbox>
			<xmin>81</xmin>
			<xmax>221</xmax>
			<ymin>156</ymin>
			<ymax>408</ymax>
		</bndbox>
	</object>
	<object>
		<name>Pedestrian</name>
		<pose>Unspecified</pose>
		<truncated>0</truncated>
		<difficult>0</difficult>
		<occluded>0</occluded>
		<bndbox>
			<xmin>438</xmin>
			<xmax>520</xmax>
			<ymin>151</ymin>
			<ymax>421</ymax>
		</bndbox>
	</object>
	<object>
		<name>signboard</name>
		<pose>Unspecified</pose>
		<truncated>0</truncated>
		<difficult>0</difficult>
		<occluded>0</occluded>
		<bndbox>
			<xmin>187</xmin>
			<xmax>277</xmax>
			<ymin>5</ymin>
			<ymax>393</ymax>
		</bndbox>
		<polygon>
			<x1>276.172607</x1>
			<y1>134.333958</y1>
			<x2>273.170732</x2>
			<y2>101.313322</y2>
			<x3>237.148217</x3>
			<y3>116.3227</y3>
			<x4>244.152596</x4>
			<y4>94.308959</y4>
			<x5>272.170107</x5>
			<y5>95.309583</y5>
			<x6>267.16698</x6>
			<y6>4.252673</y6>
			<x7>186.116384</x7>
			<y7>12.25766</y7>
			<x8>188.117573</x8>
			<y8>93.308319</y8>
			<x9>223.139463</x9>
			<y9>92.307739</y9>
			<x10>229.143214</x10>
			<y10>104.315197</y10>
			<x11>191.119511</x11>
			<y11>106.316449</y11>
			<x12>195.121951</x12>
			<y12>137.335865</y12>
			<x13>228.14259</x13>
			<y13>145.340839</y13>
			<x14>242.151344</x14>
			<y14>392.245154</y14>
			<x15>270.168856</x15>
			<y15>383.489743</y15>
			<x16>242.151344</x16>
			<y16>140.337712</y16>
			<x17>276.172607</x17>
			<y17>134.333958</y17>
		</polygon>
	</object>
	<object>
		<name>Pedestrian</name>
		<pose>Unspecified</pose>
		<truncated>0</truncated>
		<difficult>0</difficult>
		<occluded>0</occluded>
		<bndbox>
			<xmin>351</xmin>
			<xmax>414</xmax>
			<ymin>194</ymin>
			<ymax>339</ymax>
		</bndbox>
	</object>
	<object>
		<name>signboard</name>
		<pose>Unspecified</pose>
		<truncated>0</truncated>
		<difficult>0</difficult>
		<occluded>0</occluded>
		<bndbox>
			<xmin>315</xmin>
			<xmax>354</xmax>
			<ymin>266</ymin>
			<ymax>343</ymax>
		</bndbox>
	</object>
	<object>
		<name>Footpath</name>
		<pose>Unspecified</pose>
		<truncated>0</truncated>
		<difficult>0</difficult>
		<occluded>0</occluded>
		<bndbox>
			<xmin>1</xmin>
			<xmax>638</xmax>
			<ymin>313</ymin>
			<ymax>641</ymax>
		</bndbox>
		<polygon>
			<x1>260.302416</x1>
			<y1>321.171278</y1>
			<x2>0</x2>
			<y2>638.439024</y2>
			<x3>636.955294</x3>
			<y3>640</y3>
			<x4>506.895586</x4>
			<y4>311.802687</y4>
			<x5>260.302416</x5>
			<y5>321.171278</y5>
		</polygon>
	</object>
</annotation>
