<annotation>
	<folder></folder>
	<filename>42_jpg.rf.ed8494bb338b23c7bb3da6f515764509.jpg</filename>
	<path>42_jpg.rf.ed8494bb338b23c7bb3da6f515764509.jpg</path>
	<source>
		<database>roboflow.com</database>
	</source>
	<size>
		<width>640</width>
		<height>640</height>
		<depth>3</depth>
	</size>
	<segmented>0</segmented>
	<object>
		<name>Pedestrian</name>
		<pose>Unspecified</pose>
		<truncated>0</truncated>
		<difficult>0</difficult>
		<occluded>0</occluded>
		<bndbox>
			<xmin>84</xmin>
			<xmax>237</xmax>
			<ymin>148</ymin>
			<ymax>428</ymax>
		</bndbox>
	</object>
	<object>
		<name>Pedestrian</name>
		<pose>Unspecified</pose>
		<truncated>0</truncated>
		<difficult>0</difficult>
		<occluded>0</occluded>
		<bndbox>
			<xmin>442</xmin>
			<xmax>492</xmax>
			<ymin>161</ymin>
			<ymax>418</ymax>
		</bndbox>
	</object>
	<object>
		<name>signboard</name>
		<pose>Unspecified</pose>
		<truncated>0</truncated>
		<difficult>0</difficult>
		<occluded>0</occluded>
		<bndbox>
			<xmin>282</xmin>
			<xmax>413</xmax>
			<ymin>327</ymin>
			<ymax>565</ymax>
		</bndbox>
	</object>
	<object>
		<name>signboard</name>
		<pose>Unspecified</pose>
		<truncated>0</truncated>
		<difficult>0</difficult>
		<occluded>0</occluded>
		<bndbox>
			<xmin>478</xmin>
			<xmax>567</xmax>
			<ymin>349</ymin>
			<ymax>548</ymax>
		</bndbox>
	</object>
	<object>
		<name>signboard</name>
		<pose>Unspecified</pose>
		<truncated>0</truncated>
		<difficult>0</difficult>
		<occluded>0</occluded>
		<bndbox>
			<xmin>172</xmin>
			<xmax>269</xmax>
			<ymin>4</ymin>
			<ymax>375</ymax>
		</bndbox>
		<polygon>
			<x1>231.144466</x1>
			<y1>128.330206</y1>
			<x2>268.167605</x2>
			<y2>124.327706</y2>
			<x3>264.165104</x3>
			<y3>99.312086</y3>
			<x4>231.144466</x4>
			<y4>101.313322</y4>
			<x5>227.141963</x5>
			<y5>90.306456</y5>
			<x6>262.163853</x6>
			<y6>92.307739</y6>
			<x7>265.165729</x7>
			<y7>3.252033</y7>
			<x8>171.107002</x8>
			<y8>11.257035</y8>
			<x9>176.110129</x9>
			<y9>89.305832</y9>
			<x10>218.136336</x10>
			<y10>89.305832</y10>
			<x11>221.138211</x11>
			<y11>98.311446</y11>
			<x12>183.114446</x12>
			<y12>98.311446</y12>
			<x13>184.115073</x13>
			<y13>131.332082</y13>
			<x14>220.137587</x14>
			<y14>128.080049</y14>
			<x15>235.146966</x15>
			<y15>374.484053</y15>
			<x16>251.156974</x16>
			<y16>371.482178</y16>
			<x17>231.144466</x17>
			<y17>128.330206</y17>
		</polygon>
	</object>
	<object>
		<name>Pedestrian</name>
		<pose>Unspecified</pose>
		<truncated>0</truncated>
		<difficult>0</difficult>
		<occluded>0</occluded>
		<bndbox>
			<xmin>344</xmin>
			<xmax>411</xmax>
			<ymin>181</ymin>
			<ymax>326</ymax>
		</bndbox>
	</object>
	<object>
		<name>signboard</name>
		<pose>Unspecified</pose>
		<truncated>0</truncated>
		<difficult>0</difficult>
		<occluded>0</occluded>
		<bndbox>
			<xmin>309</xmin>
			<xmax>346</xmax>
			<ymin>255</ymin>
			<ymax>347</ymax>
		</bndbox>
	</object>
</annotation>
