<annotation>
	<folder></folder>
	<filename>43_jpg.rf.1f4330d5ad83b0279958f6425c11a171.jpg</filename>
	<path>43_jpg.rf.1f4330d5ad83b0279958f6425c11a171.jpg</path>
	<source>
		<database>roboflow.com</database>
	</source>
	<size>
		<width>640</width>
		<height>640</height>
		<depth>3</depth>
	</size>
	<segmented>0</segmented>
	<object>
		<name>Obstacle</name>
		<pose>Unspecified</pose>
		<truncated>0</truncated>
		<difficult>0</difficult>
		<occluded>0</occluded>
		<bndbox>
			<xmin>216</xmin>
			<xmax>537</xmax>
			<ymin>412</ymin>
			<ymax>520</ymax>
		</bndbox>
	</object>
	<object>
		<name>Obstacle</name>
		<pose>Unspecified</pose>
		<truncated>0</truncated>
		<difficult>0</difficult>
		<occluded>0</occluded>
		<bndbox>
			<xmin>272</xmin>
			<xmax>467</xmax>
			<ymin>271</ymin>
			<ymax>354</ymax>
		</bndbox>
	</object>
	<object>
		<name>Obstacle</name>
		<pose>Unspecified</pose>
		<truncated>0</truncated>
		<difficult>0</difficult>
		<occluded>0</occluded>
		<bndbox>
			<xmin>68</xmin>
			<xmax>202</xmax>
			<ymin>7</ymin>
			<ymax>242</ymax>
		</bndbox>
	</object>
	<object>
		<name>Obstacle</name>
		<pose>Unspecified</pose>
		<truncated>0</truncated>
		<difficult>0</difficult>
		<occluded>0</occluded>
		<bndbox>
			<xmin>194</xmin>
			<xmax>261</xmax>
			<ymin>30</ymin>
			<ymax>158</ymax>
		</bndbox>
	</object>
	<object>
		<name>Obstacle</name>
		<pose>Unspecified</pose>
		<truncated>0</truncated>
		<difficult>0</difficult>
		<occluded>0</occluded>
		<bndbox>
			<xmin>254</xmin>
			<xmax>300</xmax>
			<ymin>34</ymin>
			<ymax>146</ymax>
		</bndbox>
	</object>
	<object>
		<name>Pedestrian</name>
		<pose>Unspecified</pose>
		<truncated>0</truncated>
		<difficult>0</difficult>
		<occluded>0</occluded>
		<bndbox>
			<xmin>336</xmin>
			<xmax>380</xmax>
			<ymin>46</ymin>
			<ymax>133</ymax>
		</bndbox>
	</object>
	<object>
		<name>Footpath</name>
		<pose>Unspecified</pose>
		<truncated>0</truncated>
		<difficult>0</difficult>
		<occluded>0</occluded>
		<bndbox>
			<xmin>132</xmin>
			<xmax>581</xmax>
			<ymin>109</ymin>
			<ymax>641</ymax>
		</bndbox>
		<polygon>
			<x1>326.893</x1>
			<y1>107.775997</y1>
			<x2>131.283171</x2>
			<y2>639.702793</y2>
			<x3>579.729022</x3>
			<y3>639.702793</y3>
			<x4>397.645513</x4>
			<y4>109.857889</y4>
			<x5>326.893</x5>
			<y5>107.775997</y5>
		</polygon>
	</object>
</annotation>
