<annotation>
	<folder></folder>
	<filename>44_jpg.rf.a2b42152bf34c51b99d84c9fcadc24cf.jpg</filename>
	<path>44_jpg.rf.a2b42152bf34c51b99d84c9fcadc24cf.jpg</path>
	<source>
		<database>roboflow.com</database>
	</source>
	<size>
		<width>640</width>
		<height>640</height>
		<depth>3</depth>
	</size>
	<segmented>0</segmented>
	<object>
		<name>Obstacle</name>
		<pose>Unspecified</pose>
		<truncated>0</truncated>
		<difficult>0</difficult>
		<occluded>0</occluded>
		<bndbox>
			<xmin>275</xmin>
			<xmax>460</xmax>
			<ymin>262</ymin>
			<ymax>345</ymax>
		</bndbox>
	</object>
	<object>
		<name>Obstacle</name>
		<pose>Unspecified</pose>
		<truncated>0</truncated>
		<difficult>0</difficult>
		<occluded>0</occluded>
		<bndbox>
			<xmin>216</xmin>
			<xmax>515</xmax>
			<ymin>414</ymin>
			<ymax>517</ymax>
		</bndbox>
	</object>
	<object>
		<name>Obstacle</name>
		<pose>Unspecified</pose>
		<truncated>0</truncated>
		<difficult>0</difficult>
		<occluded>0</occluded>
		<bndbox>
			<xmin>65</xmin>
			<xmax>269</xmax>
			<ymin>12</ymin>
			<ymax>224</ymax>
		</bndbox>
	</object>
	<object>
		<name>Pedestrian</name>
		<pose>Unspecified</pose>
		<truncated>0</truncated>
		<difficult>0</difficult>
		<occluded>0</occluded>
		<bndbox>
			<xmin>327</xmin>
			<xmax>374</xmax>
			<ymin>40</ymin>
			<ymax>136</ymax>
		</bndbox>
	</object>
	<object>
		<name>Footpath</name>
		<pose>Unspecified</pose>
		<truncated>0</truncated>
		<difficult>0</difficult>
		<occluded>0</occluded>
		<bndbox>
			<xmin>4</xmin>
			<xmax>641</xmax>
			<ymin>119</ymin>
			<ymax>637</ymax>
		</bndbox>
		<polygon>
			<x1>299.840598</x1>
			<y1>120.267416</y1>
			<x2>2.861765</x2>
			<y2>635.056911</y2>
			<x3>640</x3>
			<y3>635.538966</y3>
			<x4>399.726436</x4>
			<y4>118.185522</y4>
			<x5>299.840598</x5>
			<y5>120.267416</y5>
		</polygon>
	</object>
</annotation>
