<annotation>
	<folder></folder>
	<filename>45_jpg.rf.1991a005354169526416db93d72280df.jpg</filename>
	<path>45_jpg.rf.1991a005354169526416db93d72280df.jpg</path>
	<source>
		<database>roboflow.com</database>
	</source>
	<size>
		<width>640</width>
		<height>640</height>
		<depth>3</depth>
	</size>
	<segmented>0</segmented>
	<object>
		<name>Obstacle</name>
		<pose>Unspecified</pose>
		<truncated>0</truncated>
		<difficult>0</difficult>
		<occluded>0</occluded>
		<bndbox>
			<xmin>293</xmin>
			<xmax>427</xmax>
			<ymin>215</ymin>
			<ymax>277</ymax>
		</bndbox>
	</object>
	<object>
		<name>Obstacle</name>
		<pose>Unspecified</pose>
		<truncated>0</truncated>
		<difficult>0</difficult>
		<occluded>0</occluded>
		<bndbox>
			<xmin>271</xmin>
			<xmax>456</xmax>
			<ymin>285</ymin>
			<ymax>331</ymax>
		</bndbox>
	</object>
	<object>
		<name>Obstacle</name>
		<pose>Unspecified</pose>
		<truncated>0</truncated>
		<difficult>0</difficult>
		<occluded>0</occluded>
		<bndbox>
			<xmin>144</xmin>
			<xmax>523</xmax>
			<ymin>382</ymin>
			<ymax>572</ymax>
		</bndbox>
	</object>
</annotation>
