<annotation>
	<folder></folder>
	<filename>46_jpg.rf.3c9aa64fe27c6ef285f8390f56b0fa85.jpg</filename>
	<path>46_jpg.rf.3c9aa64fe27c6ef285f8390f56b0fa85.jpg</path>
	<source>
		<database>roboflow.com</database>
	</source>
	<size>
		<width>640</width>
		<height>640</height>
		<depth>3</depth>
	</size>
	<segmented>0</segmented>
	<object>
		<name>Pedestrian</name>
		<pose>Unspecified</pose>
		<truncated>0</truncated>
		<difficult>0</difficult>
		<occluded>0</occluded>
		<bndbox>
			<xmin>270</xmin>
			<xmax>370</xmax>
			<ymin>22</ymin>
			<ymax>158</ymax>
		</bndbox>
	</object>
	<object>
		<name>Vendor</name>
		<pose>Unspecified</pose>
		<truncated>0</truncated>
		<difficult>0</difficult>
		<occluded>0</occluded>
		<bndbox>
			<xmin>410</xmin>
			<xmax>521</xmax>
			<ymin>140</ymin>
			<ymax>256</ymax>
		</bndbox>
	</object>
	<object>
		<name>Footpath</name>
		<pose>Unspecified</pose>
		<truncated>0</truncated>
		<difficult>0</difficult>
		<occluded>0</occluded>
		<bndbox>
			<xmin>1</xmin>
			<xmax>641</xmax>
			<ymin>106</ymin>
			<ymax>640</ymax>
		</bndbox>
		<polygon>
			<x1>190.590444</x1>
			<y1>114.021716</y1>
			<x2>0</x2>
			<y2>635.837398</y2>
			<x3>640</x3>
			<y3>638.661856</y3>
			<x4>368.512107</x4>
			<y4>104.653128</y4>
			<x5>190.590444</x5>
			<y5>114.021716</y5>
		</polygon>
	</object>
</annotation>
