<annotation>
	<folder></folder>
	<filename>47_jpg.rf.504741a6ff2fe81d7cfda613e29fcf3f.jpg</filename>
	<path>47_jpg.rf.504741a6ff2fe81d7cfda613e29fcf3f.jpg</path>
	<source>
		<database>roboflow.com</database>
	</source>
	<size>
		<width>640</width>
		<height>640</height>
		<depth>3</depth>
	</size>
	<segmented>0</segmented>
	<object>
		<name>Obstacle</name>
		<pose>Unspecified</pose>
		<truncated>0</truncated>
		<difficult>0</difficult>
		<occluded>0</occluded>
		<bndbox>
			<xmin>148</xmin>
			<xmax>214</xmax>
			<ymin>112</ymin>
			<ymax>258</ymax>
		</bndbox>
	</object>
	<object>
		<name>Obstacle</name>
		<pose>Unspecified</pose>
		<truncated>0</truncated>
		<difficult>0</difficult>
		<occluded>0</occluded>
		<bndbox>
			<xmin>359</xmin>
			<xmax>554</xmax>
			<ymin>311</ymin>
			<ymax>429</ymax>
		</bndbox>
	</object>
	<object>
		<name>Footpath</name>
		<pose>Unspecified</pose>
		<truncated>0</truncated>
		<difficult>0</difficult>
		<occluded>0</occluded>
		<bndbox>
			<xmin>6</xmin>
			<xmax>639</xmax>
			<ymin>180</ymin>
			<ymax>641</ymax>
		</bndbox>
		<polygon>
			<x1>341.459705</x1>
			<y1>178.560765</y1>
			<x2>232.209551</x2>
			<y2>190.011268</y2>
			<x3>5.463391</x3>
			<y3>638.439024</y3>
			<x4>11.628241</x4>
			<y4>640</y4>
			<x5>637.995835</x5>
			<y5>635.538966</y5>
			<x6>341.459705</x6>
			<y6>178.560765</y6>
		</polygon>
	</object>
	<object>
		<name>signboard</name>
		<pose>Unspecified</pose>
		<truncated>0</truncated>
		<difficult>0</difficult>
		<occluded>0</occluded>
		<bndbox>
			<xmin>1</xmin>
			<xmax>83</xmax>
			<ymin>104</ymin>
			<ymax>308</ymax>
		</bndbox>
		<polygon>
			<x1>71.975977</x1>
			<y1>105.694083</y1>
			<x2>0</x2>
			<y2>102.504065</y2>
			<x3>0.183004</x3>
			<y3>306.597927</y3>
			<x4>82.380753</x4>
			<y4>295.147463</y4>
			<x5>71.975977</x5>
			<y5>105.694083</y5>
		</polygon>
	</object>
</annotation>
