<annotation>
	<folder></folder>
	<filename>49_jpg.rf.d92649b8ceb8a623df8c48807c898d87.jpg</filename>
	<path>49_jpg.rf.d92649b8ceb8a623df8c48807c898d87.jpg</path>
	<source>
		<database>roboflow.com</database>
	</source>
	<size>
		<width>640</width>
		<height>640</height>
		<depth>3</depth>
	</size>
	<segmented>0</segmented>
	<object>
		<name>Vendor</name>
		<pose>Unspecified</pose>
		<truncated>0</truncated>
		<difficult>0</difficult>
		<occluded>0</occluded>
		<bndbox>
			<xmin>166</xmin>
			<xmax>270</xmax>
			<ymin>7</ymin>
			<ymax>267</ymax>
		</bndbox>
	</object>
</annotation>
