<annotation>
	<folder></folder>
	<filename>4_jpg.rf.9d3237cb5df6c8ecfcd5bf41b5a7499e.jpg</filename>
	<path>4_jpg.rf.9d3237cb5df6c8ecfcd5bf41b5a7499e.jpg</path>
	<source>
		<database>roboflow.com</database>
	</source>
	<size>
		<width>640</width>
		<height>640</height>
		<depth>3</depth>
	</size>
	<segmented>0</segmented>
	<object>
		<name>Vendor</name>
		<pose>Unspecified</pose>
		<truncated>0</truncated>
		<difficult>0</difficult>
		<occluded>0</occluded>
		<bndbox>
			<xmin>124</xmin>
			<xmax>392</xmax>
			<ymin>464</ymin>
			<ymax>641</ymax>
		</bndbox>
	</object>
	<object>
		<name>Vendor</name>
		<pose>Unspecified</pose>
		<truncated>0</truncated>
		<difficult>0</difficult>
		<occluded>0</occluded>
		<bndbox>
			<xmin>239</xmin>
			<xmax>407</xmax>
			<ymin>353</ymin>
			<ymax>523</ymax>
		</bndbox>
	</object>
	<object>
		<name>Vendor</name>
		<pose>Unspecified</pose>
		<truncated>0</truncated>
		<difficult>0</difficult>
		<occluded>0</occluded>
		<bndbox>
			<xmin>320</xmin>
			<xmax>430</xmax>
			<ymin>321</ymin>
			<ymax>406</ymax>
		</bndbox>
	</object>
	<object>
		<name>Vendor</name>
		<pose>Unspecified</pose>
		<truncated>0</truncated>
		<difficult>0</difficult>
		<occluded>0</occluded>
		<bndbox>
			<xmin>390</xmin>
			<xmax>481</xmax>
			<ymin>240</ymin>
			<ymax>336</ymax>
		</bndbox>
	</object>
	<object>
		<name>Pedestrian</name>
		<pose>Unspecified</pose>
		<truncated>0</truncated>
		<difficult>0</difficult>
		<occluded>0</occluded>
		<bndbox>
			<xmin>138</xmin>
			<xmax>207</xmax>
			<ymin>122</ymin>
			<ymax>492</ymax>
		</bndbox>
	</object>
	<object>
		<name>Pedestrian</name>
		<pose>Unspecified</pose>
		<truncated>0</truncated>
		<difficult>0</difficult>
		<occluded>0</occluded>
		<bndbox>
			<xmin>294</xmin>
			<xmax>379</xmax>
			<ymin>109</ymin>
			<ymax>311</ymax>
		</bndbox>
	</object>
	<object>
		<name>Footpath</name>
		<pose>Unspecified</pose>
		<truncated>0</truncated>
		<difficult>0</difficult>
		<occluded>0</occluded>
		<bndbox>
			<xmin>12</xmin>
			<xmax>641</xmax>
			<ymin>177</ymin>
			<ymax>641</ymax>
		</bndbox>
		<polygon>
			<x1>444.874118</x1>
			<y1>178.354615</y1>
			<x2>11.086953</x2>
			<y2>613.303907</y2>
			<x3>640</x3>
			<y3>640</y3>
			<x4>534.427047</x4>
			<y4>176.093931</y4>
			<x5>444.874118</x5>
			<y5>178.354615</y5>
		</polygon>
	</object>
</annotation>
