<annotation>
	<folder></folder>
	<filename>50_jpg.rf.dffff4561c8ec213341f8a36b1e0fd07.jpg</filename>
	<path>50_jpg.rf.dffff4561c8ec213341f8a36b1e0fd07.jpg</path>
	<source>
		<database>roboflow.com</database>
	</source>
	<size>
		<width>640</width>
		<height>640</height>
		<depth>3</depth>
	</size>
	<segmented>0</segmented>
	<object>
		<name>Obstacle</name>
		<pose>Unspecified</pose>
		<truncated>0</truncated>
		<difficult>0</difficult>
		<occluded>0</occluded>
		<bndbox>
			<xmin>352</xmin>
			<xmax>591</xmax>
			<ymin>68</ymin>
			<ymax>234</ymax>
		</bndbox>
	</object>
	<object>
		<name>Obstacle</name>
		<pose>Unspecified</pose>
		<truncated>0</truncated>
		<difficult>0</difficult>
		<occluded>0</occluded>
		<bndbox>
			<xmin>185</xmin>
			<xmax>308</xmax>
			<ymin>101</ymin>
			<ymax>209</ymax>
		</bndbox>
	</object>
	<object>
		<name>Pedestrian</name>
		<pose>Unspecified</pose>
		<truncated>0</truncated>
		<difficult>0</difficult>
		<occluded>0</occluded>
		<bndbox>
			<xmin>114</xmin>
			<xmax>201</xmax>
			<ymin>36</ymin>
			<ymax>232</ymax>
		</bndbox>
	</object>
	<object>
		<name>Footpath</name>
		<pose>Unspecified</pose>
		<truncated>0</truncated>
		<difficult>0</difficult>
		<occluded>0</occluded>
		<bndbox>
			<xmin>79</xmin>
			<xmax>439</xmax>
			<ymin>96</ymin>
			<ymax>332</ymax>
		</bndbox>
		<polygon>
			<x1>78.30892</x1>
			<y1>330.666667</y1>
			<x2>438.224156</x2>
			<y2>298.270312</y2>
			<x3>417.414525</x3>
			<y3>115.062652</y3>
			<x4>222.845237</x4>
			<y4>95.284558</y4>
			<x5>78.30892</x5>
			<y5>330.666667</y5>
		</polygon>
	</object>
</annotation>
