<annotation>
	<folder></folder>
	<filename>51_jpg.rf.f0a2fbe9aa56506560ad7cb49b51ecbc.jpg</filename>
	<path>51_jpg.rf.f0a2fbe9aa56506560ad7cb49b51ecbc.jpg</path>
	<source>
		<database>roboflow.com</database>
	</source>
	<size>
		<width>640</width>
		<height>640</height>
		<depth>3</depth>
	</size>
	<segmented>0</segmented>
	<object>
		<name>Pedestrian</name>
		<pose>Unspecified</pose>
		<truncated>0</truncated>
		<difficult>0</difficult>
		<occluded>0</occluded>
		<bndbox>
			<xmin>286</xmin>
			<xmax>472</xmax>
			<ymin>223</ymin>
			<ymax>542</ymax>
		</bndbox>
	</object>
	<object>
		<name>Vendor</name>
		<pose>Unspecified</pose>
		<truncated>0</truncated>
		<difficult>0</difficult>
		<occluded>0</occluded>
		<bndbox>
			<xmin>285</xmin>
			<xmax>477</xmax>
			<ymin>207</ymin>
			<ymax>536</ymax>
		</bndbox>
	</object>
	<object>
		<name>Car</name>
		<pose>Unspecified</pose>
		<truncated>0</truncated>
		<difficult>0</difficult>
		<occluded>0</occluded>
		<bndbox>
			<xmin>141</xmin>
			<xmax>233</xmax>
			<ymin>212</ymin>
			<ymax>304</ymax>
		</bndbox>
	</object>
	<object>
		<name>Footpath</name>
		<pose>Unspecified</pose>
		<truncated>0</truncated>
		<difficult>0</difficult>
		<occluded>0</occluded>
		<bndbox>
			<xmin>5</xmin>
			<xmax>640</xmax>
			<ymin>249</ymin>
			<ymax>641</ymax>
		</bndbox>
		<polygon>
			<x1>229.366278</x1>
			<y1>254.817704</y1>
			<x2>3.740493</x2>
			<y2>633.94898</y2>
			<x3>638.997515</x3>
			<y3>640</y3>
			<x4>311.511592</x4>
			<y4>248.243148</y4>
			<x5>229.366278</x5>
			<y5>254.817704</y5>
		</polygon>
	</object>
</annotation>
