<annotation>
	<folder></folder>
	<filename>52_jpg.rf.b4500c3a29cf2ce0d9ad84056b987cb8.jpg</filename>
	<path>52_jpg.rf.b4500c3a29cf2ce0d9ad84056b987cb8.jpg</path>
	<source>
		<database>roboflow.com</database>
	</source>
	<size>
		<width>640</width>
		<height>640</height>
		<depth>3</depth>
	</size>
	<segmented>0</segmented>
	<object>
		<name>Vendor</name>
		<pose>Unspecified</pose>
		<truncated>0</truncated>
		<difficult>0</difficult>
		<occluded>0</occluded>
		<bndbox>
			<xmin>290</xmin>
			<xmax>411</xmax>
			<ymin>213</ymin>
			<ymax>400</ymax>
		</bndbox>
	</object>
	<object>
		<name>Obstacle</name>
		<pose>Unspecified</pose>
		<truncated>0</truncated>
		<difficult>0</difficult>
		<occluded>0</occluded>
		<bndbox>
			<xmin>1</xmin>
			<xmax>602</xmax>
			<ymin>249</ymin>
			<ymax>641</ymax>
		</bndbox>
		<polygon>
			<x1>285.273894</x1>
			<y1>256.632208</y1>
			<x2>0.183004</x2>
			<y2>629.293268</y2>
			<x3>600.538576</x3>
			<y3>640</y3>
			<x4>354.985865</x4>
			<y4>248.304596</y4>
			<x5>285.273894</x5>
			<y5>256.632208</y5>
		</polygon>
	</object>
</annotation>
