<annotation>
	<folder></folder>
	<filename>54_jpg.rf.ab0b1dadfcfe48edb9ec22d23ad97f58.jpg</filename>
	<path>54_jpg.rf.ab0b1dadfcfe48edb9ec22d23ad97f58.jpg</path>
	<source>
		<database>roboflow.com</database>
	</source>
	<size>
		<width>640</width>
		<height>640</height>
		<depth>3</depth>
	</size>
	<segmented>0</segmented>
	<object>
		<name>Pedestrian</name>
		<pose>Unspecified</pose>
		<truncated>0</truncated>
		<difficult>0</difficult>
		<occluded>0</occluded>
		<bndbox>
			<xmin>162</xmin>
			<xmax>299</xmax>
			<ymin>176</ymin>
			<ymax>451</ymax>
		</bndbox>
	</object>
	<object>
		<name>Pedestrian</name>
		<pose>Unspecified</pose>
		<truncated>0</truncated>
		<difficult>0</difficult>
		<occluded>0</occluded>
		<bndbox>
			<xmin>133</xmin>
			<xmax>208</xmax>
			<ymin>290</ymin>
			<ymax>431</ymax>
		</bndbox>
	</object>
	<object>
		<name>pole</name>
		<pose>Unspecified</pose>
		<truncated>0</truncated>
		<difficult>0</difficult>
		<occluded>0</occluded>
		<bndbox>
			<xmin>410</xmin>
			<xmax>474</xmax>
			<ymin>1</ymin>
			<ymax>400</ymax>
		</bndbox>
	</object>
</annotation>
