<annotation>
	<folder></folder>
	<filename>55_jpg.rf.59d3ef5089af7783d0e983c2f178cc39.jpg</filename>
	<path>55_jpg.rf.59d3ef5089af7783d0e983c2f178cc39.jpg</path>
	<source>
		<database>roboflow.com</database>
	</source>
	<size>
		<width>640</width>
		<height>640</height>
		<depth>3</depth>
	</size>
	<segmented>0</segmented>
	<object>
		<name>Vendor</name>
		<pose>Unspecified</pose>
		<truncated>0</truncated>
		<difficult>0</difficult>
		<occluded>0</occluded>
		<bndbox>
			<xmin>305</xmin>
			<xmax>427</xmax>
			<ymin>52</ymin>
			<ymax>254</ymax>
		</bndbox>
	</object>
	<object>
		<name>Footpath</name>
		<pose>Unspecified</pose>
		<truncated>0</truncated>
		<difficult>0</difficult>
		<occluded>0</occluded>
		<bndbox>
			<xmin>108</xmin>
			<xmax>550</xmax>
			<ymin>144</ymin>
			<ymax>423</ymax>
		</bndbox>
		<polygon>
			<x1>107.077445</x1>
			<y1>420.64185</y1>
			<x2>549.185337</x2>
			<y2>422.453208</y2>
			<x3>380.513608</x3>
			<y3>143.035666</y3>
			<x4>258.938557</x4>
			<y4>159.471992</y4>
			<x5>107.077445</x5>
			<y5>420.64185</y5>
		</polygon>
	</object>
</annotation>
