<annotation>
	<folder></folder>
	<filename>57_jpg.rf.ddf47d4b765c7547f8c839e0b53fcca6.jpg</filename>
	<path>57_jpg.rf.ddf47d4b765c7547f8c839e0b53fcca6.jpg</path>
	<source>
		<database>roboflow.com</database>
	</source>
	<size>
		<width>640</width>
		<height>640</height>
		<depth>3</depth>
	</size>
	<segmented>0</segmented>
	<object>
		<name>Pedestrian</name>
		<pose>Unspecified</pose>
		<truncated>0</truncated>
		<difficult>0</difficult>
		<occluded>0</occluded>
		<bndbox>
			<xmin>237</xmin>
			<xmax>300</xmax>
			<ymin>130</ymin>
			<ymax>385</ymax>
		</bndbox>
	</object>
	<object>
		<name>Vendor</name>
		<pose>Unspecified</pose>
		<truncated>0</truncated>
		<difficult>0</difficult>
		<occluded>0</occluded>
		<bndbox>
			<xmin>360</xmin>
			<xmax>570</xmax>
			<ymin>159</ymin>
			<ymax>417</ymax>
		</bndbox>
	</object>
	<object>
		<name>pole</name>
		<pose>Unspecified</pose>
		<truncated>0</truncated>
		<difficult>0</difficult>
		<occluded>0</occluded>
		<bndbox>
			<xmin>512</xmin>
			<xmax>554</xmax>
			<ymin>19</ymin>
			<ymax>562</ymax>
		</bndbox>
	</object>
</annotation>
