<annotation>
	<folder></folder>
	<filename>59_jpg.rf.dd7ed687d49414b57834c33a7b454b23.jpg</filename>
	<path>59_jpg.rf.dd7ed687d49414b57834c33a7b454b23.jpg</path>
	<source>
		<database>roboflow.com</database>
	</source>
	<size>
		<width>640</width>
		<height>640</height>
		<depth>3</depth>
	</size>
	<segmented>0</segmented>
	<object>
		<name>Vendor</name>
		<pose>Unspecified</pose>
		<truncated>0</truncated>
		<difficult>0</difficult>
		<occluded>0</occluded>
		<bndbox>
			<xmin>176</xmin>
			<xmax>271</xmax>
			<ymin>228</ymin>
			<ymax>341</ymax>
		</bndbox>
	</object>
</annotation>
