<annotation>
	<folder></folder>
	<filename>5_jpg.rf.6c8df36db4c9d18f58864f051fe6ec02.jpg</filename>
	<path>5_jpg.rf.6c8df36db4c9d18f58864f051fe6ec02.jpg</path>
	<source>
		<database>roboflow.com</database>
	</source>
	<size>
		<width>640</width>
		<height>640</height>
		<depth>3</depth>
	</size>
	<segmented>0</segmented>
	<object>
		<name>Vendor</name>
		<pose>Unspecified</pose>
		<truncated>0</truncated>
		<difficult>0</difficult>
		<occluded>0</occluded>
		<bndbox>
			<xmin>134</xmin>
			<xmax>283</xmax>
			<ymin>140</ymin>
			<ymax>496</ymax>
		</bndbox>
	</object>
	<object>
		<name>Pedestrian</name>
		<pose>Unspecified</pose>
		<truncated>0</truncated>
		<difficult>0</difficult>
		<occluded>0</occluded>
		<bndbox>
			<xmin>285</xmin>
			<xmax>371</xmax>
			<ymin>254</ymin>
			<ymax>471</ymax>
		</bndbox>
	</object>
	<object>
		<name>Pedestrian</name>
		<pose>Unspecified</pose>
		<truncated>0</truncated>
		<difficult>0</difficult>
		<occluded>0</occluded>
		<bndbox>
			<xmin>132</xmin>
			<xmax>192</xmax>
			<ymin>227</ymin>
			<ymax>510</ymax>
		</bndbox>
	</object>
	<object>
		<name>Footpath</name>
		<pose>Unspecified</pose>
		<truncated>0</truncated>
		<difficult>0</difficult>
		<occluded>0</occluded>
		<bndbox>
			<xmin>79</xmin>
			<xmax>412</xmax>
			<ymin>303</ymin>
			<ymax>638</ymax>
		</bndbox>
		<polygon>
			<x1>264.608366</x1>
			<y1>301.784402</y1>
			<x2>78.282608</x2>
			<y2>637.096907</y2>
			<x3>410.869735</x3>
			<y3>636.529009</y3>
			<x4>365.014837</x4>
			<y4>302.840406</y4>
			<x5>264.608366</x5>
			<y5>301.784402</y5>
		</polygon>
	</object>
</annotation>
