<annotation>
	<folder></folder>
	<filename>5_jpg.rf.551c1a7c20c5e18e766bddb20055465c.jpg</filename>
	<path>5_jpg.rf.551c1a7c20c5e18e766bddb20055465c.jpg</path>
	<source>
		<database>roboflow.com</database>
	</source>
	<size>
		<width>640</width>
		<height>640</height>
		<depth>3</depth>
	</size>
	<segmented>0</segmented>
	<object>
		<name>Vendor</name>
		<pose>Unspecified</pose>
		<truncated>0</truncated>
		<difficult>0</difficult>
		<occluded>0</occluded>
		<bndbox>
			<xmin>315</xmin>
			<xmax>641</xmax>
			<ymin>102</ymin>
			<ymax>641</ymax>
		</bndbox>
	</object>
</annotation>
