<annotation>
	<folder></folder>
	<filename>61_jpg.rf.0b367730780f8ded57ad86d6f1c3f4d4.jpg</filename>
	<path>61_jpg.rf.0b367730780f8ded57ad86d6f1c3f4d4.jpg</path>
	<source>
		<database>roboflow.com</database>
	</source>
	<size>
		<width>640</width>
		<height>640</height>
		<depth>3</depth>
	</size>
	<segmented>0</segmented>
	<object>
		<name>Vendor</name>
		<pose>Unspecified</pose>
		<truncated>0</truncated>
		<difficult>0</difficult>
		<occluded>0</occluded>
		<bndbox>
			<xmin>119</xmin>
			<xmax>256</xmax>
			<ymin>156</ymin>
			<ymax>389</ymax>
		</bndbox>
	</object>
	<object>
		<name>Vendor</name>
		<pose>Unspecified</pose>
		<truncated>0</truncated>
		<difficult>0</difficult>
		<occluded>0</occluded>
		<bndbox>
			<xmin>33</xmin>
			<xmax>191</xmax>
			<ymin>315</ymin>
			<ymax>475</ymax>
		</bndbox>
	</object>
	<object>
		<name>Obstacle</name>
		<pose>Unspecified</pose>
		<truncated>0</truncated>
		<difficult>0</difficult>
		<occluded>0</occluded>
		<bndbox>
			<xmin>267</xmin>
			<xmax>323</xmax>
			<ymin>34</ymin>
			<ymax>479</ymax>
		</bndbox>
	</object>
</annotation>
