<annotation>
	<folder></folder>
	<filename>62_jpg.rf.467714caac44bae64d54af4f9e0fd6dc.jpg</filename>
	<path>62_jpg.rf.467714caac44bae64d54af4f9e0fd6dc.jpg</path>
	<source>
		<database>roboflow.com</database>
	</source>
	<size>
		<width>640</width>
		<height>640</height>
		<depth>3</depth>
	</size>
	<segmented>0</segmented>
	<object>
		<name>Vendor</name>
		<pose>Unspecified</pose>
		<truncated>0</truncated>
		<difficult>0</difficult>
		<occluded>0</occluded>
		<bndbox>
			<xmin>357</xmin>
			<xmax>595</xmax>
			<ymin>130</ymin>
			<ymax>441</ymax>
		</bndbox>
	</object>
	<object>
		<name>Footpath</name>
		<pose>Unspecified</pose>
		<truncated>0</truncated>
		<difficult>0</difficult>
		<occluded>0</occluded>
		<bndbox>
			<xmin>49</xmin>
			<xmax>641</xmax>
			<ymin>247</ymin>
			<ymax>639</ymax>
		</bndbox>
		<polygon>
			<x1>306.597097</x1>
			<y1>247.132397</y1>
			<x2>48.199636</x2>
			<y2>638.356868</y2>
			<x3>639.559459</x3>
			<y3>637.221185</y3>
			<x4>411.743167</x4>
			<y4>246.036618</y4>
			<x5>306.597097</x5>
			<y5>247.132397</y5>
		</polygon>
	</object>
</annotation>
