<annotation>
	<folder></folder>
	<filename>63_jpg.rf.3c8ac35aeb44afc4265746c768fd4c5d.jpg</filename>
	<path>63_jpg.rf.3c8ac35aeb44afc4265746c768fd4c5d.jpg</path>
	<source>
		<database>roboflow.com</database>
	</source>
	<size>
		<width>640</width>
		<height>640</height>
		<depth>3</depth>
	</size>
	<segmented>0</segmented>
	<object>
		<name>Vendor</name>
		<pose>Unspecified</pose>
		<truncated>0</truncated>
		<difficult>0</difficult>
		<occluded>0</occluded>
		<bndbox>
			<xmin>313</xmin>
			<xmax>413</xmax>
			<ymin>149</ymin>
			<ymax>399</ymax>
		</bndbox>
	</object>
	<object>
		<name>Pedestrian</name>
		<pose>Unspecified</pose>
		<truncated>0</truncated>
		<difficult>0</difficult>
		<occluded>0</occluded>
		<bndbox>
			<xmin>322</xmin>
			<xmax>420</xmax>
			<ymin>147</ymin>
			<ymax>423</ymax>
		</bndbox>
	</object>
	<object>
		<name>Pedestrian</name>
		<pose>Unspecified</pose>
		<truncated>0</truncated>
		<difficult>0</difficult>
		<occluded>0</occluded>
		<bndbox>
			<xmin>163</xmin>
			<xmax>283</xmax>
			<ymin>157</ymin>
			<ymax>429</ymax>
		</bndbox>
	</object>
</annotation>
