<annotation>
	<folder></folder>
	<filename>64_jpg.rf.15cec265acdbee43b7c3376612b2e2a4.jpg</filename>
	<path>64_jpg.rf.15cec265acdbee43b7c3376612b2e2a4.jpg</path>
	<source>
		<database>roboflow.com</database>
	</source>
	<size>
		<width>640</width>
		<height>640</height>
		<depth>3</depth>
	</size>
	<segmented>0</segmented>
	<object>
		<name>Vendor</name>
		<pose>Unspecified</pose>
		<truncated>0</truncated>
		<difficult>0</difficult>
		<occluded>0</occluded>
		<bndbox>
			<xmin>5</xmin>
			<xmax>125</xmax>
			<ymin>247</ymin>
			<ymax>628</ymax>
		</bndbox>
	</object>
	<object>
		<name>Vendor</name>
		<pose>Unspecified</pose>
		<truncated>0</truncated>
		<difficult>0</difficult>
		<occluded>0</occluded>
		<bndbox>
			<xmin>116</xmin>
			<xmax>254</xmax>
			<ymin>266</ymin>
			<ymax>430</ymax>
		</bndbox>
	</object>
</annotation>
