<annotation>
	<folder></folder>
	<filename>65_jpg.rf.5aa8cff05e4c52b95b59cc689fe7c083.jpg</filename>
	<path>65_jpg.rf.5aa8cff05e4c52b95b59cc689fe7c083.jpg</path>
	<source>
		<database>roboflow.com</database>
	</source>
	<size>
		<width>640</width>
		<height>640</height>
		<depth>3</depth>
	</size>
	<segmented>0</segmented>
	<object>
		<name>Vendor</name>
		<pose>Unspecified</pose>
		<truncated>0</truncated>
		<difficult>0</difficult>
		<occluded>0</occluded>
		<bndbox>
			<xmin>209</xmin>
			<xmax>413</xmax>
			<ymin>118</ymin>
			<ymax>466</ymax>
		</bndbox>
	</object>
	<object>
		<name>Vendor</name>
		<pose>Unspecified</pose>
		<truncated>0</truncated>
		<difficult>0</difficult>
		<occluded>0</occluded>
		<bndbox>
			<xmin>58</xmin>
			<xmax>234</xmax>
			<ymin>129</ymin>
			<ymax>392</ymax>
		</bndbox>
	</object>
</annotation>
