<annotation>
	<folder></folder>
	<filename>66_jpg.rf.b99f5aa16c278956ad6c6f460a52e03e.jpg</filename>
	<path>66_jpg.rf.b99f5aa16c278956ad6c6f460a52e03e.jpg</path>
	<source>
		<database>roboflow.com</database>
	</source>
	<size>
		<width>640</width>
		<height>640</height>
		<depth>3</depth>
	</size>
	<segmented>0</segmented>
	<object>
		<name>Vendor</name>
		<pose>Unspecified</pose>
		<truncated>0</truncated>
		<difficult>0</difficult>
		<occluded>0</occluded>
		<bndbox>
			<xmin>77</xmin>
			<xmax>220</xmax>
			<ymin>142</ymin>
			<ymax>498</ymax>
		</bndbox>
	</object>
	<object>
		<name>Pedestrian</name>
		<pose>Unspecified</pose>
		<truncated>0</truncated>
		<difficult>0</difficult>
		<occluded>0</occluded>
		<bndbox>
			<xmin>260</xmin>
			<xmax>288</xmax>
			<ymin>251</ymin>
			<ymax>358</ymax>
		</bndbox>
	</object>
	<object>
		<name>Pedestrian</name>
		<pose>Unspecified</pose>
		<truncated>0</truncated>
		<difficult>0</difficult>
		<occluded>0</occluded>
		<bndbox>
			<xmin>304</xmin>
			<xmax>346</xmax>
			<ymin>252</ymin>
			<ymax>361</ymax>
		</bndbox>
	</object>
</annotation>
