<annotation>
	<folder></folder>
	<filename>67_jpg.rf.5fb80620b784d82c64c4d08bd45f3c41.jpg</filename>
	<path>67_jpg.rf.5fb80620b784d82c64c4d08bd45f3c41.jpg</path>
	<source>
		<database>roboflow.com</database>
	</source>
	<size>
		<width>640</width>
		<height>640</height>
		<depth>3</depth>
	</size>
	<segmented>0</segmented>
	<object>
		<name>Pedestrian</name>
		<pose>Unspecified</pose>
		<truncated>0</truncated>
		<difficult>0</difficult>
		<occluded>0</occluded>
		<bndbox>
			<xmin>256</xmin>
			<xmax>336</xmax>
			<ymin>227</ymin>
			<ymax>370</ymax>
		</bndbox>
	</object>
	<object>
		<name>Pedestrian</name>
		<pose>Unspecified</pose>
		<truncated>0</truncated>
		<difficult>0</difficult>
		<occluded>0</occluded>
		<bndbox>
			<xmin>193</xmin>
			<xmax>261</xmax>
			<ymin>206</ymin>
			<ymax>405</ymax>
		</bndbox>
	</object>
	<object>
		<name>Vendor</name>
		<pose>Unspecified</pose>
		<truncated>0</truncated>
		<difficult>0</difficult>
		<occluded>0</occluded>
		<bndbox>
			<xmin>14</xmin>
			<xmax>195</xmax>
			<ymin>104</ymin>
			<ymax>492</ymax>
		</bndbox>
	</object>
</annotation>
