<annotation>
	<folder></folder>
	<filename>69_jpg.rf.279ad4117b508d6e47fe7d628405aa30.jpg</filename>
	<path>69_jpg.rf.279ad4117b508d6e47fe7d628405aa30.jpg</path>
	<source>
		<database>roboflow.com</database>
	</source>
	<size>
		<width>640</width>
		<height>640</height>
		<depth>3</depth>
	</size>
	<segmented>0</segmented>
	<object>
		<name>Pedestrian</name>
		<pose>Unspecified</pose>
		<truncated>0</truncated>
		<difficult>0</difficult>
		<occluded>0</occluded>
		<bndbox>
			<xmin>357</xmin>
			<xmax>466</xmax>
			<ymin>144</ymin>
			<ymax>554</ymax>
		</bndbox>
	</object>
	<object>
		<name>Vendor</name>
		<pose>Unspecified</pose>
		<truncated>0</truncated>
		<difficult>0</difficult>
		<occluded>0</occluded>
		<bndbox>
			<xmin>261</xmin>
			<xmax>355</xmax>
			<ymin>134</ymin>
			<ymax>336</ymax>
		</bndbox>
	</object>
</annotation>
