<annotation>
	<folder></folder>
	<filename>6_jpg.rf.30eaf40fe11cd83615951e1c6f7ec9a6.jpg</filename>
	<path>6_jpg.rf.30eaf40fe11cd83615951e1c6f7ec9a6.jpg</path>
	<source>
		<database>roboflow.com</database>
	</source>
	<size>
		<width>640</width>
		<height>640</height>
		<depth>3</depth>
	</size>
	<segmented>0</segmented>
	<object>
		<name>Pedestrian</name>
		<pose>Unspecified</pose>
		<truncated>0</truncated>
		<difficult>0</difficult>
		<occluded>0</occluded>
		<bndbox>
			<xmin>197</xmin>
			<xmax>272</xmax>
			<ymin>297</ymin>
			<ymax>567</ymax>
		</bndbox>
	</object>
	<object>
		<name>Obstacle</name>
		<pose>Unspecified</pose>
		<truncated>0</truncated>
		<difficult>0</difficult>
		<occluded>0</occluded>
		<bndbox>
			<xmin>398</xmin>
			<xmax>641</xmax>
			<ymin>325</ymin>
			<ymax>574</ymax>
		</bndbox>
	</object>
	<object>
		<name>Car</name>
		<pose>Unspecified</pose>
		<truncated>0</truncated>
		<difficult>0</difficult>
		<occluded>0</occluded>
		<bndbox>
			<xmin>381</xmin>
			<xmax>460</xmax>
			<ymin>261</ymin>
			<ymax>383</ymax>
		</bndbox>
	</object>
	<object>
		<name>crosswalk</name>
		<pose>Unspecified</pose>
		<truncated>0</truncated>
		<difficult>0</difficult>
		<occluded>0</occluded>
		<bndbox>
			<xmin>2</xmin>
			<xmax>282</xmax>
			<ymin>556</ymin>
			<ymax>641</ymax>
		</bndbox>
	</object>
	<object>
		<name>pothole</name>
		<pose>Unspecified</pose>
		<truncated>0</truncated>
		<difficult>0</difficult>
		<occluded>0</occluded>
		<bndbox>
			<xmin>336</xmin>
			<xmax>641</xmax>
			<ymin>563</ymin>
			<ymax>641</ymax>
		</bndbox>
	</object>
</annotation>
