<annotation>
	<folder></folder>
	<filename>6_jpg.rf.59053f13c0e8296dbd87f17bcf349777.jpg</filename>
	<path>6_jpg.rf.59053f13c0e8296dbd87f17bcf349777.jpg</path>
	<source>
		<database>roboflow.com</database>
	</source>
	<size>
		<width>640</width>
		<height>640</height>
		<depth>3</depth>
	</size>
	<segmented>0</segmented>
	<object>
		<name>Pedestrian</name>
		<pose>Unspecified</pose>
		<truncated>0</truncated>
		<difficult>0</difficult>
		<occluded>0</occluded>
		<bndbox>
			<xmin>243</xmin>
			<xmax>361</xmax>
			<ymin>120</ymin>
			<ymax>556</ymax>
		</bndbox>
	</object>
	<object>
		<name>Pedestrian</name>
		<pose>Unspecified</pose>
		<truncated>0</truncated>
		<difficult>0</difficult>
		<occluded>0</occluded>
		<bndbox>
			<xmin>505</xmin>
			<xmax>641</xmax>
			<ymin>135</ymin>
			<ymax>467</ymax>
		</bndbox>
	</object>
	<object>
		<name>Pedestrian</name>
		<pose>Unspecified</pose>
		<truncated>0</truncated>
		<difficult>0</difficult>
		<occluded>0</occluded>
		<bndbox>
			<xmin>2</xmin>
			<xmax>187</xmax>
			<ymin>110</ymin>
			<ymax>592</ymax>
		</bndbox>
	</object>
	<object>
		<name>Footpath</name>
		<pose>Unspecified</pose>
		<truncated>0</truncated>
		<difficult>0</difficult>
		<occluded>0</occluded>
		<bndbox>
			<xmin>16</xmin>
			<xmax>639</xmax>
			<ymin>289</ymin>
			<ymax>639</ymax>
		</bndbox>
		<polygon>
			<x1>181.747881</x1>
			<y1>637.643523</y1>
			<x2>638.175627</x2>
			<y2>349.907947</y2>
			<x3>546.442584</x3>
			<y3>288.029333</y3>
			<x4>15.435202</x4>
			<y4>459.22682</y4>
			<x5>181.747881</x5>
			<y5>637.643523</y5>
		</polygon>
	</object>
</annotation>
