<annotation>
	<folder></folder>
	<filename>70_jpg.rf.437f224b51f6a40d8bf2e364708b2b28.jpg</filename>
	<path>70_jpg.rf.437f224b51f6a40d8bf2e364708b2b28.jpg</path>
	<source>
		<database>roboflow.com</database>
	</source>
	<size>
		<width>640</width>
		<height>640</height>
		<depth>3</depth>
	</size>
	<segmented>0</segmented>
	<object>
		<name>Vendor</name>
		<pose>Unspecified</pose>
		<truncated>0</truncated>
		<difficult>0</difficult>
		<occluded>0</occluded>
		<bndbox>
			<xmin>258</xmin>
			<xmax>419</xmax>
			<ymin>93</ymin>
			<ymax>422</ymax>
		</bndbox>
	</object>
	<object>
		<name>Pedestrian</name>
		<pose>Unspecified</pose>
		<truncated>0</truncated>
		<difficult>0</difficult>
		<occluded>0</occluded>
		<bndbox>
			<xmin>19</xmin>
			<xmax>111</xmax>
			<ymin>159</ymin>
			<ymax>491</ymax>
		</bndbox>
	</object>
	<object>
		<name>Pedestrian</name>
		<pose>Unspecified</pose>
		<truncated>0</truncated>
		<difficult>0</difficult>
		<occluded>0</occluded>
		<bndbox>
			<xmin>133</xmin>
			<xmax>260</xmax>
			<ymin>183</ymin>
			<ymax>522</ymax>
		</bndbox>
	</object>
	<object>
		<name>Pedestrian</name>
		<pose>Unspecified</pose>
		<truncated>0</truncated>
		<difficult>0</difficult>
		<occluded>0</occluded>
		<bndbox>
			<xmin>429</xmin>
			<xmax>488</xmax>
			<ymin>181</ymin>
			<ymax>421</ymax>
		</bndbox>
	</object>
	<object>
		<name>Footpath</name>
		<pose>Unspecified</pose>
		<truncated>0</truncated>
		<difficult>0</difficult>
		<occluded>0</occluded>
		<bndbox>
			<xmin>98</xmin>
			<xmax>641</xmax>
			<ymin>398</ymin>
			<ymax>641</ymax>
		</bndbox>
		<polygon>
			<x1>147.930877</x1>
			<y1>408.611312</y1>
			<x2>96.520302</x2>
			<y2>640</y2>
			<x3>640</x3>
			<y3>638.661856</y3>
			<x4>513.138516</x4>
			<y4>397.160809</y4>
			<x5>147.930877</x5>
			<y5>408.611312</y5>
		</polygon>
	</object>
	<object>
		<name>Footpath</name>
		<pose>Unspecified</pose>
		<truncated>0</truncated>
		<difficult>0</difficult>
		<occluded>0</occluded>
		<bndbox>
			<xmin>415</xmin>
			<xmax>572</xmax>
			<ymin>427</ymin>
			<ymax>504</ymax>
		</bndbox>
		<polygon>
			<x1>413.918676</x1>
			<y1>432.130081</y1>
			<x2>419.495527</x2>
			<y2>503.338019</y2>
			<x3>571.405328</x3>
			<y3>502.297004</y3>
			<x4>545.393387</x4>
			<y4>426.307473</y4>
			<x5>413.918676</x5>
			<y5>432.130081</y5>
		</polygon>
	</object>
</annotation>
