<annotation>
	<folder></folder>
	<filename>71_jpg.rf.6803bdf118e669a66d9b55f7f7c27a48.jpg</filename>
	<path>71_jpg.rf.6803bdf118e669a66d9b55f7f7c27a48.jpg</path>
	<source>
		<database>roboflow.com</database>
	</source>
	<size>
		<width>640</width>
		<height>640</height>
		<depth>3</depth>
	</size>
	<segmented>0</segmented>
	<object>
		<name>Obstacle</name>
		<pose>Unspecified</pose>
		<truncated>0</truncated>
		<difficult>0</difficult>
		<occluded>0</occluded>
		<bndbox>
			<xmin>201</xmin>
			<xmax>414</xmax>
			<ymin>1</ymin>
			<ymax>463</ymax>
		</bndbox>
	</object>
</annotation>
