<annotation>
	<folder></folder>
	<filename>72_jpg.rf.43bfca5d8529d599cf079ad8f574024c.jpg</filename>
	<path>72_jpg.rf.43bfca5d8529d599cf079ad8f574024c.jpg</path>
	<source>
		<database>roboflow.com</database>
	</source>
	<size>
		<width>640</width>
		<height>640</height>
		<depth>3</depth>
	</size>
	<segmented>0</segmented>
	<object>
		<name>Vendor</name>
		<pose>Unspecified</pose>
		<truncated>0</truncated>
		<difficult>0</difficult>
		<occluded>0</occluded>
		<bndbox>
			<xmin>194</xmin>
			<xmax>414</xmax>
			<ymin>86</ymin>
			<ymax>424</ymax>
		</bndbox>
	</object>
</annotation>
