<annotation>
	<folder></folder>
	<filename>73_jpg.rf.50a1f4bd523b1405f81170e587dabf33.jpg</filename>
	<path>73_jpg.rf.50a1f4bd523b1405f81170e587dabf33.jpg</path>
	<source>
		<database>roboflow.com</database>
	</source>
	<size>
		<width>640</width>
		<height>640</height>
		<depth>3</depth>
	</size>
	<segmented>0</segmented>
	<object>
		<name>Vendor</name>
		<pose>Unspecified</pose>
		<truncated>0</truncated>
		<difficult>0</difficult>
		<occluded>0</occluded>
		<bndbox>
			<xmin>245</xmin>
			<xmax>427</xmax>
			<ymin>109</ymin>
			<ymax>382</ymax>
		</bndbox>
	</object>
	<object>
		<name>Pedestrian</name>
		<pose>Unspecified</pose>
		<truncated>0</truncated>
		<difficult>0</difficult>
		<occluded>0</occluded>
		<bndbox>
			<xmin>171</xmin>
			<xmax>283</xmax>
			<ymin>100</ymin>
			<ymax>407</ymax>
		</bndbox>
	</object>
	<object>
		<name>Pedestrian</name>
		<pose>Unspecified</pose>
		<truncated>0</truncated>
		<difficult>0</difficult>
		<occluded>0</occluded>
		<bndbox>
			<xmin>51</xmin>
			<xmax>157</xmax>
			<ymin>100</ymin>
			<ymax>323</ymax>
		</bndbox>
	</object>
</annotation>
