<annotation>
	<folder></folder>
	<filename>76_jpg.rf.e2f387cf624a9fe3880d7f1c7e46ba3e.jpg</filename>
	<path>76_jpg.rf.e2f387cf624a9fe3880d7f1c7e46ba3e.jpg</path>
	<source>
		<database>roboflow.com</database>
	</source>
	<size>
		<width>640</width>
		<height>640</height>
		<depth>3</depth>
	</size>
	<segmented>0</segmented>
	<object>
		<name>Vendor</name>
		<pose>Unspecified</pose>
		<truncated>0</truncated>
		<difficult>0</difficult>
		<occluded>0</occluded>
		<bndbox>
			<xmin>293</xmin>
			<xmax>490</xmax>
			<ymin>178</ymin>
			<ymax>370</ymax>
		</bndbox>
	</object>
	<object>
		<name>Pedestrian</name>
		<pose>Unspecified</pose>
		<truncated>0</truncated>
		<difficult>0</difficult>
		<occluded>0</occluded>
		<bndbox>
			<xmin>92</xmin>
			<xmax>205</xmax>
			<ymin>136</ymin>
			<ymax>415</ymax>
		</bndbox>
	</object>
	<object>
		<name>Car</name>
		<pose>Unspecified</pose>
		<truncated>0</truncated>
		<difficult>0</difficult>
		<occluded>0</occluded>
		<bndbox>
			<xmin>491</xmin>
			<xmax>628</xmax>
			<ymin>206</ymin>
			<ymax>313</ymax>
		</bndbox>
	</object>
</annotation>
