<annotation>
	<folder></folder>
	<filename>77_jpg.rf.ed6204d298123cea068d96e439fc3e7a.jpg</filename>
	<path>77_jpg.rf.ed6204d298123cea068d96e439fc3e7a.jpg</path>
	<source>
		<database>roboflow.com</database>
	</source>
	<size>
		<width>640</width>
		<height>640</height>
		<depth>3</depth>
	</size>
	<segmented>0</segmented>
	<object>
		<name>Vendor</name>
		<pose>Unspecified</pose>
		<truncated>0</truncated>
		<difficult>0</difficult>
		<occluded>0</occluded>
		<bndbox>
			<xmin>303</xmin>
			<xmax>475</xmax>
			<ymin>178</ymin>
			<ymax>393</ymax>
		</bndbox>
	</object>
	<object>
		<name>Pedestrian</name>
		<pose>Unspecified</pose>
		<truncated>0</truncated>
		<difficult>0</difficult>
		<occluded>0</occluded>
		<bndbox>
			<xmin>92</xmin>
			<xmax>209</xmax>
			<ymin>135</ymin>
			<ymax>416</ymax>
		</bndbox>
	</object>
</annotation>
