<annotation>
	<folder></folder>
	<filename>78_jpg.rf.997a3d308ee41c190d29850f35470626.jpg</filename>
	<path>78_jpg.rf.997a3d308ee41c190d29850f35470626.jpg</path>
	<source>
		<database>roboflow.com</database>
	</source>
	<size>
		<width>640</width>
		<height>640</height>
		<depth>3</depth>
	</size>
	<segmented>0</segmented>
	<object>
		<name>Vendor</name>
		<pose>Unspecified</pose>
		<truncated>0</truncated>
		<difficult>0</difficult>
		<occluded>0</occluded>
		<bndbox>
			<xmin>168</xmin>
			<xmax>329</xmax>
			<ymin>71</ymin>
			<ymax>335</ymax>
		</bndbox>
	</object>
	<object>
		<name>motorcycle</name>
		<pose>Unspecified</pose>
		<truncated>0</truncated>
		<difficult>0</difficult>
		<occluded>0</occluded>
		<bndbox>
			<xmin>434</xmin>
			<xmax>548</xmax>
			<ymin>198</ymin>
			<ymax>369</ymax>
		</bndbox>
	</object>
	<object>
		<name>pothole</name>
		<pose>Unspecified</pose>
		<truncated>0</truncated>
		<difficult>0</difficult>
		<occluded>0</occluded>
		<bndbox>
			<xmin>147</xmin>
			<xmax>641</xmax>
			<ymin>324</ymin>
			<ymax>641</ymax>
		</bndbox>
		<polygon>
			<x1>640</x1>
			<y1>640</y1>
			<x2>634.396498</x2>
			<y2>463.539772</y2>
			<x3>419.262038</x3>
			<y3>323.452157</y3>
			<x4>168.105067</x4>
			<y4>332.457816</y4>
			<x5>146.091369</x5>
			<y5>524.57786</y5>
			<x6>382.2389</x6>
			<y6>640</y6>
			<x7>640</x7>
			<y7>640</y7>
		</polygon>
	</object>
</annotation>
