<annotation>
	<folder></folder>
	<filename>79_jpg.rf.03efeddc85c067bb0bb35929bdd3c2c1.jpg</filename>
	<path>79_jpg.rf.03efeddc85c067bb0bb35929bdd3c2c1.jpg</path>
	<source>
		<database>roboflow.com</database>
	</source>
	<size>
		<width>640</width>
		<height>640</height>
		<depth>3</depth>
	</size>
	<segmented>0</segmented>
	<object>
		<name>Vendor</name>
		<pose>Unspecified</pose>
		<truncated>0</truncated>
		<difficult>0</difficult>
		<occluded>0</occluded>
		<bndbox>
			<xmin>105</xmin>
			<xmax>306</xmax>
			<ymin>85</ymin>
			<ymax>412</ymax>
		</bndbox>
	</object>
	<object>
		<name>motorcycle</name>
		<pose>Unspecified</pose>
		<truncated>0</truncated>
		<difficult>0</difficult>
		<occluded>0</occluded>
		<bndbox>
			<xmin>536</xmin>
			<xmax>641</xmax>
			<ymin>213</ymin>
			<ymax>449</ymax>
		</bndbox>
	</object>
	<object>
		<name>Pedestrian</name>
		<pose>Unspecified</pose>
		<truncated>0</truncated>
		<difficult>0</difficult>
		<occluded>0</occluded>
		<bndbox>
			<xmin>274</xmin>
			<xmax>360</xmax>
			<ymin>106</ymin>
			<ymax>355</ymax>
		</bndbox>
	</object>
	<object>
		<name>pothole</name>
		<pose>Unspecified</pose>
		<truncated>0</truncated>
		<difficult>0</difficult>
		<occluded>0</occluded>
		<bndbox>
			<xmin>61</xmin>
			<xmax>567</xmax>
			<ymin>435</ymin>
			<ymax>513</ymax>
		</bndbox>
	</object>
	<object>
		<name>Pedestrian</name>
		<pose>Unspecified</pose>
		<truncated>0</truncated>
		<difficult>0</difficult>
		<occluded>0</occluded>
		<bndbox>
			<xmin>461</xmin>
			<xmax>544</xmax>
			<ymin>127</ymin>
			<ymax>318</ymax>
		</bndbox>
	</object>
	<object>
		<name>Footpath</name>
		<pose>Unspecified</pose>
		<truncated>0</truncated>
		<difficult>0</difficult>
		<occluded>0</occluded>
		<bndbox>
			<xmin>55</xmin>
			<xmax>530</xmax>
			<ymin>191</ymin>
			<ymax>442</ymax>
		</bndbox>
		<polygon>
			<x1>345.62163</x1>
			<y1>206.666492</y1>
			<x2>221.804774</x2>
			<y2>190.011268</y2>
			<x3>53.738857</x3>
			<y3>440.714862</y3>
			<x4>528.745681</x4>
			<y4>438.798913</y4>
			<x5>345.62163</x5>
			<y5>206.666492</y5>
		</polygon>
	</object>
</annotation>
