<annotation>
	<folder></folder>
	<filename>7_jpg.rf.031901d4e5dcb9b2d9f07c0fe401ebcb.jpg</filename>
	<path>7_jpg.rf.031901d4e5dcb9b2d9f07c0fe401ebcb.jpg</path>
	<source>
		<database>roboflow.com</database>
	</source>
	<size>
		<width>640</width>
		<height>640</height>
		<depth>3</depth>
	</size>
	<segmented>0</segmented>
	<object>
		<name>Vendor</name>
		<pose>Unspecified</pose>
		<truncated>0</truncated>
		<difficult>0</difficult>
		<occluded>0</occluded>
		<bndbox>
			<xmin>156</xmin>
			<xmax>455</xmax>
			<ymin>193</ymin>
			<ymax>452</ymax>
		</bndbox>
	</object>
</annotation>
