<annotation>
	<folder></folder>
	<filename>80_jpg.rf.44f00822f18b239a548eac471488e629.jpg</filename>
	<path>80_jpg.rf.44f00822f18b239a548eac471488e629.jpg</path>
	<source>
		<database>roboflow.com</database>
	</source>
	<size>
		<width>640</width>
		<height>640</height>
		<depth>3</depth>
	</size>
	<segmented>0</segmented>
	<object>
		<name>Vendor</name>
		<pose>Unspecified</pose>
		<truncated>0</truncated>
		<difficult>0</difficult>
		<occluded>0</occluded>
		<bndbox>
			<xmin>167</xmin>
			<xmax>405</xmax>
			<ymin>183</ymin>
			<ymax>393</ymax>
		</bndbox>
	</object>
	<object>
		<name>Pedestrian</name>
		<pose>Unspecified</pose>
		<truncated>0</truncated>
		<difficult>0</difficult>
		<occluded>0</occluded>
		<bndbox>
			<xmin>453</xmin>
			<xmax>587</xmax>
			<ymin>136</ymin>
			<ymax>346</ymax>
		</bndbox>
	</object>
</annotation>
