<annotation>
	<folder></folder>
	<filename>81_jpg.rf.8b3e3849a3a1b4788a90d2fd81e11296.jpg</filename>
	<path>81_jpg.rf.8b3e3849a3a1b4788a90d2fd81e11296.jpg</path>
	<source>
		<database>roboflow.com</database>
	</source>
	<size>
		<width>640</width>
		<height>640</height>
		<depth>3</depth>
	</size>
	<segmented>0</segmented>
	<object>
		<name>Vendor</name>
		<pose>Unspecified</pose>
		<truncated>0</truncated>
		<difficult>0</difficult>
		<occluded>0</occluded>
		<bndbox>
			<xmin>26</xmin>
			<xmax>288</xmax>
			<ymin>90</ymin>
			<ymax>373</ymax>
		</bndbox>
	</object>
	<object>
		<name>Footpath</name>
		<pose>Unspecified</pose>
		<truncated>0</truncated>
		<difficult>0</difficult>
		<occluded>0</occluded>
		<bndbox>
			<xmin>8</xmin>
			<xmax>639</xmax>
			<ymin>152</ymin>
			<ymax>641</ymax>
		</bndbox>
		<polygon>
			<x1>196.833296</x1>
			<y1>155.659801</y1>
			<x2>7.466393</x2>
			<y2>637.620842</y2>
			<x3>637.995835</x3>
			<y3>639.702793</y3>
			<x4>322.731075</x4>
			<y4>151.496013</y4>
			<x5>196.833296</x5>
			<y5>155.659801</y5>
		</polygon>
	</object>
</annotation>
