<annotation>
	<folder></folder>
	<filename>82_jpg.rf.e4768158052b5d9b78f2d69a05950246.jpg</filename>
	<path>82_jpg.rf.e4768158052b5d9b78f2d69a05950246.jpg</path>
	<source>
		<database>roboflow.com</database>
	</source>
	<size>
		<width>640</width>
		<height>640</height>
		<depth>3</depth>
	</size>
	<segmented>0</segmented>
	<object>
		<name>Vendor</name>
		<pose>Unspecified</pose>
		<truncated>0</truncated>
		<difficult>0</difficult>
		<occluded>0</occluded>
		<bndbox>
			<xmin>290</xmin>
			<xmax>526</xmax>
			<ymin>96</ymin>
			<ymax>417</ymax>
		</bndbox>
	</object>
</annotation>
