<annotation>
	<folder></folder>
	<filename>84_jpg.rf.c18c76d0529d5ac20ab5e86a1a0298d8.jpg</filename>
	<path>84_jpg.rf.c18c76d0529d5ac20ab5e86a1a0298d8.jpg</path>
	<source>
		<database>roboflow.com</database>
	</source>
	<size>
		<width>640</width>
		<height>640</height>
		<depth>3</depth>
	</size>
	<segmented>0</segmented>
	<object>
		<name>Vendor</name>
		<pose>Unspecified</pose>
		<truncated>0</truncated>
		<difficult>0</difficult>
		<occluded>0</occluded>
		<bndbox>
			<xmin>352</xmin>
			<xmax>635</xmax>
			<ymin>81</ymin>
			<ymax>413</ymax>
		</bndbox>
	</object>
	<object>
		<name>Pedestrian</name>
		<pose>Unspecified</pose>
		<truncated>0</truncated>
		<difficult>0</difficult>
		<occluded>0</occluded>
		<bndbox>
			<xmin>309</xmin>
			<xmax>403</xmax>
			<ymin>71</ymin>
			<ymax>273</ymax>
		</bndbox>
	</object>
	<object>
		<name>Car</name>
		<pose>Unspecified</pose>
		<truncated>0</truncated>
		<difficult>0</difficult>
		<occluded>0</occluded>
		<bndbox>
			<xmin>1</xmin>
			<xmax>149</xmax>
			<ymin>143</ymin>
			<ymax>237</ymax>
		</bndbox>
	</object>
</annotation>
