<annotation>
	<folder></folder>
	<filename>85_jpg.rf.b3f1e5540b2952e2e0a7cfc2eecdc4fb.jpg</filename>
	<path>85_jpg.rf.b3f1e5540b2952e2e0a7cfc2eecdc4fb.jpg</path>
	<source>
		<database>roboflow.com</database>
	</source>
	<size>
		<width>640</width>
		<height>640</height>
		<depth>3</depth>
	</size>
	<segmented>0</segmented>
	<object>
		<name>Vendor</name>
		<pose>Unspecified</pose>
		<truncated>0</truncated>
		<difficult>0</difficult>
		<occluded>0</occluded>
		<bndbox>
			<xmin>1</xmin>
			<xmax>273</xmax>
			<ymin>123</ymin>
			<ymax>367</ymax>
		</bndbox>
	</object>
	<object>
		<name>Pedestrian</name>
		<pose>Unspecified</pose>
		<truncated>0</truncated>
		<difficult>0</difficult>
		<occluded>0</occluded>
		<bndbox>
			<xmin>362</xmin>
			<xmax>442</xmax>
			<ymin>69</ymin>
			<ymax>308</ymax>
		</bndbox>
	</object>
	<object>
		<name>Footpath</name>
		<pose>Unspecified</pose>
		<truncated>0</truncated>
		<difficult>0</difficult>
		<occluded>0</occluded>
		<bndbox>
			<xmin>1</xmin>
			<xmax>641</xmax>
			<ymin>197</ymin>
			<ymax>640</ymax>
		</bndbox>
		<polygon>
			<x1>121.918936</x1>
			<y1>196.256968</y1>
			<x2>0.260139</x2>
			<y2>631.154472</y2>
			<x3>640</x3>
			<y3>638.661856</y3>
			<x4>637.995835</x4>
			<y4>212.912193</y4>
			<x5>121.918936</x5>
			<y5>196.256968</y5>
		</polygon>
	</object>
</annotation>
