<annotation>
	<folder></folder>
	<filename>86_jpg.rf.36db0636d5bee2fff8203912ba4528ee.jpg</filename>
	<path>86_jpg.rf.36db0636d5bee2fff8203912ba4528ee.jpg</path>
	<source>
		<database>roboflow.com</database>
	</source>
	<size>
		<width>640</width>
		<height>640</height>
		<depth>3</depth>
	</size>
	<segmented>0</segmented>
	<object>
		<name>Pedestrian</name>
		<pose>Unspecified</pose>
		<truncated>0</truncated>
		<difficult>0</difficult>
		<occluded>0</occluded>
		<bndbox>
			<xmin>222</xmin>
			<xmax>378</xmax>
			<ymin>24</ymin>
			<ymax>360</ymax>
		</bndbox>
	</object>
	<object>
		<name>Vendor</name>
		<pose>Unspecified</pose>
		<truncated>0</truncated>
		<difficult>0</difficult>
		<occluded>0</occluded>
		<bndbox>
			<xmin>10</xmin>
			<xmax>222</xmax>
			<ymin>189</ymin>
			<ymax>558</ymax>
		</bndbox>
	</object>
	<object>
		<name>Footpath</name>
		<pose>Unspecified</pose>
		<truncated>0</truncated>
		<difficult>0</difficult>
		<occluded>0</occluded>
		<bndbox>
			<xmin>5</xmin>
			<xmax>640</xmax>
			<ymin>142</ymin>
			<ymax>641</ymax>
		</bndbox>
		<polygon>
			<x1>264.464341</x1>
			<y1>141.086488</y1>
			<x2>4.162578</x2>
			<y2>633.756098</y2>
			<x3>639.036376</x3>
			<y3>640</y3>
			<x4>439.264539</x4>
			<y4>142.127425</y4>
			<x5>264.464341</x5>
			<y5>141.086488</y5>
		</polygon>
	</object>
</annotation>
