<annotation>
	<folder></folder>
	<filename>87_jpg.rf.4e9515b54cdbc30dd2b8026036ede807.jpg</filename>
	<path>87_jpg.rf.4e9515b54cdbc30dd2b8026036ede807.jpg</path>
	<source>
		<database>roboflow.com</database>
	</source>
	<size>
		<width>640</width>
		<height>640</height>
		<depth>3</depth>
	</size>
	<segmented>0</segmented>
	<object>
		<name>Vendor</name>
		<pose>Unspecified</pose>
		<truncated>0</truncated>
		<difficult>0</difficult>
		<occluded>0</occluded>
		<bndbox>
			<xmin>341</xmin>
			<xmax>635</xmax>
			<ymin>287</ymin>
			<ymax>497</ymax>
		</bndbox>
	</object>
	<object>
		<name>Pedestrian</name>
		<pose>Unspecified</pose>
		<truncated>0</truncated>
		<difficult>0</difficult>
		<occluded>0</occluded>
		<bndbox>
			<xmin>120</xmin>
			<xmax>193</xmax>
			<ymin>154</ymin>
			<ymax>310</ymax>
		</bndbox>
	</object>
	<object>
		<name>Tree</name>
		<pose>Unspecified</pose>
		<truncated>0</truncated>
		<difficult>0</difficult>
		<occluded>0</occluded>
		<bndbox>
			<xmin>1</xmin>
			<xmax>556</xmax>
			<ymin>1</ymin>
			<ymax>332</ymax>
		</bndbox>
		<polygon>
			<x1>424.265166</x1>
			<y1>101.313322</y1>
			<x2>526.328955</x2>
			<y2>0</y2>
			<x3>1.000687</x3>
			<y3>4.252673</y3>
			<x4>0</x4>
			<y4>78.298937</y4>
			<x5>352.220137</x5>
			<y5>118.323952</y5>
			<x6>490.30644</x6>
			<y6>331.207004</y6>
			<x7>498.311566</x7>
			<y7>329.455909</y7>
			<x8>555.347091</x8>
			<y8>317.448437</y8>
			<x9>424.265166</x9>
			<y9>101.313322</y9>
		</polygon>
	</object>
</annotation>
