<annotation>
	<folder></folder>
	<filename>88_jpg.rf.50579804e5c12b073d62de013c8b83b1.jpg</filename>
	<path>88_jpg.rf.50579804e5c12b073d62de013c8b83b1.jpg</path>
	<source>
		<database>roboflow.com</database>
	</source>
	<size>
		<width>640</width>
		<height>640</height>
		<depth>3</depth>
	</size>
	<segmented>0</segmented>
	<object>
		<name>Pedestrian</name>
		<pose>Unspecified</pose>
		<truncated>0</truncated>
		<difficult>0</difficult>
		<occluded>0</occluded>
		<bndbox>
			<xmin>368</xmin>
			<xmax>490</xmax>
			<ymin>101</ymin>
			<ymax>466</ymax>
		</bndbox>
	</object>
	<object>
		<name>Pedestrian</name>
		<pose>Unspecified</pose>
		<truncated>0</truncated>
		<difficult>0</difficult>
		<occluded>0</occluded>
		<bndbox>
			<xmin>551</xmin>
			<xmax>641</xmax>
			<ymin>63</ymin>
			<ymax>487</ymax>
		</bndbox>
	</object>
	<object>
		<name>Pedestrian</name>
		<pose>Unspecified</pose>
		<truncated>0</truncated>
		<difficult>0</difficult>
		<occluded>0</occluded>
		<bndbox>
			<xmin>494</xmin>
			<xmax>537</xmax>
			<ymin>144</ymin>
			<ymax>344</ymax>
		</bndbox>
	</object>
	<object>
		<name>Vendor</name>
		<pose>Unspecified</pose>
		<truncated>0</truncated>
		<difficult>0</difficult>
		<occluded>0</occluded>
		<bndbox>
			<xmin>137</xmin>
			<xmax>352</xmax>
			<ymin>293</ymin>
			<ymax>474</ymax>
		</bndbox>
	</object>
	<object>
		<name>Tree</name>
		<pose>Unspecified</pose>
		<truncated>0</truncated>
		<difficult>0</difficult>
		<occluded>0</occluded>
		<bndbox>
			<xmin>22</xmin>
			<xmax>476</xmax>
			<ymin>3</ymin>
			<ymax>483</ymax>
		</bndbox>
		<polygon>
			<x1>105.065665</x1>
			<y1>415.509692</y1>
			<x2>140.087555</x2>
			<y2>342.46407</y2>
			<x3>295.184489</x3>
			<y3>91.307067</y3>
			<x4>377.235772</x4>
			<y4>158.348969</y4>
			<x5>475.297061</x5>
			<y5>4.252673</y5>
			<x6>349.218261</x6>
			<y6>2.251408</y6>
			<x7>248.155096</x7>
			<y7>6.253908</y7>
			<x8>82.051283</x8>
			<y8>273.420888</y8>
			<x9>21.013133</x9>
			<y9>459.287056</y9>
			<x10>82.051283</x10>
			<y10>481.55097</y10>
			<x11>123.076922</x11>
			<y11>439.524704</y11>
			<x12>105.065665</x12>
			<y12>415.509692</y12>
		</polygon>
	</object>
</annotation>
