<annotation>
	<folder></folder>
	<filename>8_jpg.rf.efd030e617b3ce0591634696c09a99a4.jpg</filename>
	<path>8_jpg.rf.efd030e617b3ce0591634696c09a99a4.jpg</path>
	<source>
		<database>roboflow.com</database>
	</source>
	<size>
		<width>640</width>
		<height>640</height>
		<depth>3</depth>
	</size>
	<segmented>0</segmented>
	<object>
		<name>Vendor</name>
		<pose>Unspecified</pose>
		<truncated>0</truncated>
		<difficult>0</difficult>
		<occluded>0</occluded>
		<bndbox>
			<xmin>371</xmin>
			<xmax>436</xmax>
			<ymin>211</ymin>
			<ymax>328</ymax>
		</bndbox>
	</object>
	<object>
		<name>Footpath</name>
		<pose>Unspecified</pose>
		<truncated>0</truncated>
		<difficult>0</difficult>
		<occluded>0</occluded>
		<bndbox>
			<xmin>1</xmin>
			<xmax>641</xmax>
			<ymin>240</ymin>
			<ymax>640</ymax>
		</bndbox>
		<polygon>
			<x1>280.071506</x1>
			<y1>242.058896</y1>
			<x2>0.260139</x2>
			<y2>637.658537</y2>
			<x3>640</x3>
			<y3>638.661856</y3>
			<x4>388.281199</x4>
			<y4>238.936008</y4>
			<x5>280.071506</x5>
			<y5>242.058896</y5>
		</polygon>
	</object>
</annotation>
