<annotation>
	<folder></folder>
	<filename>90_jpg.rf.11fe66e547c0a50490e1ee52407fd7ba.jpg</filename>
	<path>90_jpg.rf.11fe66e547c0a50490e1ee52407fd7ba.jpg</path>
	<source>
		<database>roboflow.com</database>
	</source>
	<size>
		<width>640</width>
		<height>640</height>
		<depth>3</depth>
	</size>
	<segmented>0</segmented>
	<object>
		<name>Vendor</name>
		<pose>Unspecified</pose>
		<truncated>0</truncated>
		<difficult>0</difficult>
		<occluded>0</occluded>
		<bndbox>
			<xmin>349</xmin>
			<xmax>586</xmax>
			<ymin>127</ymin>
			<ymax>426</ymax>
		</bndbox>
	</object>
	<object>
		<name>Obstacle</name>
		<pose>Unspecified</pose>
		<truncated>0</truncated>
		<difficult>0</difficult>
		<occluded>0</occluded>
		<bndbox>
			<xmin>1</xmin>
			<xmax>170</xmax>
			<ymin>457</ymin>
			<ymax>641</ymax>
		</bndbox>
		<polygon>
			<x1>3.964001</x1>
			<y1>640</y1>
			<x2>169.015745</x2>
			<y2>636.918317</y2>
			<x3>151.755424</x3>
			<y3>467.569202</y3>
			<x4>93.501861</x4>
			<y4>455.703984</y4>
			<x5>0.062067</x5>
			<y5>547.328957</y5>
			<x6>3.964001</x6>
			<y6>640</y6>
		</polygon>
	</object>
	<object>
		<name>Vendor</name>
		<pose>Unspecified</pose>
		<truncated>0</truncated>
		<difficult>0</difficult>
		<occluded>0</occluded>
		<bndbox>
			<xmin>509</xmin>
			<xmax>637</xmax>
			<ymin>336</ymin>
			<ymax>635</ymax>
		</bndbox>
		<polygon>
			<x1>507.749219</x1>
			<y1>488.06368</y1>
			<x2>625.335123</x2>
			<y2>633.682313</y2>
			<x3>636.12276</x3>
			<y3>334.89446</y3>
			<x4>540.112388</x4>
			<y4>347.838345</y4>
			<x5>507.749219</x5>
			<y5>488.06368</y5>
		</polygon>
	</object>
</annotation>
