<annotation>
	<folder></folder>
	<filename>91_jpg.rf.7cc77ba4e20e5af9e503143003bb5a93.jpg</filename>
	<path>91_jpg.rf.7cc77ba4e20e5af9e503143003bb5a93.jpg</path>
	<source>
		<database>roboflow.com</database>
	</source>
	<size>
		<width>640</width>
		<height>640</height>
		<depth>3</depth>
	</size>
	<segmented>0</segmented>
	<object>
		<name>Vendor</name>
		<pose>Unspecified</pose>
		<truncated>0</truncated>
		<difficult>0</difficult>
		<occluded>0</occluded>
		<bndbox>
			<xmin>325</xmin>
			<xmax>628</xmax>
			<ymin>77</ymin>
			<ymax>404</ymax>
		</bndbox>
	</object>
	<object>
		<name>Obstacle</name>
		<pose>Unspecified</pose>
		<truncated>0</truncated>
		<difficult>0</difficult>
		<occluded>0</occluded>
		<bndbox>
			<xmin>1</xmin>
			<xmax>154</xmax>
			<ymin>417</ymin>
			<ymax>641</ymax>
		</bndbox>
		<polygon>
			<x1>152.834206</x1>
			<y1>640</y1>
			<x2>143.125263</x2>
			<y2>505.322196</y2>
			<x3>56.823745</x3>
			<y3>415.793699</y3>
			<x4>0</x4>
			<y4>479.434422</y4>
			<x5>3.964001</x5>
			<y5>480.51309</y5>
			<x6>8.279126</x6>
			<y6>639.075564</y6>
			<x7>152.834206</x7>
			<y7>640</y7>
		</polygon>
	</object>
</annotation>
