<annotation>
	<folder></folder>
	<filename>92_jpg.rf.97fe1cf104193aaabddbfe851038689c.jpg</filename>
	<path>92_jpg.rf.97fe1cf104193aaabddbfe851038689c.jpg</path>
	<source>
		<database>roboflow.com</database>
	</source>
	<size>
		<width>640</width>
		<height>640</height>
		<depth>3</depth>
	</size>
	<segmented>0</segmented>
	<object>
		<name>Vendor</name>
		<pose>Unspecified</pose>
		<truncated>0</truncated>
		<difficult>0</difficult>
		<occluded>0</occluded>
		<bndbox>
			<xmin>144</xmin>
			<xmax>342</xmax>
			<ymin>125</ymin>
			<ymax>436</ymax>
		</bndbox>
	</object>
	<object>
		<name>Pedestrian</name>
		<pose>Unspecified</pose>
		<truncated>0</truncated>
		<difficult>0</difficult>
		<occluded>0</occluded>
		<bndbox>
			<xmin>319</xmin>
			<xmax>427</xmax>
			<ymin>94</ymin>
			<ymax>439</ymax>
		</bndbox>
	</object>
	<object>
		<name>Footpath</name>
		<pose>Unspecified</pose>
		<truncated>0</truncated>
		<difficult>0</difficult>
		<occluded>0</occluded>
		<bndbox>
			<xmin>180</xmin>
			<xmax>641</xmax>
			<ymin>214</ymin>
			<ymax>641</ymax>
		</bndbox>
		<polygon>
			<x1>501.693198</x1>
			<y1>212.912193</y1>
			<x2>266.545264</x2>
			<y2>224.362695</y2>
			<x3>179.145207</x3>
			<y3>640</y3>
			<x4>188.509443</x4>
			<y4>637.620842</y4>
			<x5>640</x5>
			<y5>634.498029</y5>
			<x6>501.693198</x6>
			<y6>212.912193</y6>
		</polygon>
	</object>
</annotation>
