<annotation>
	<folder></folder>
	<filename>93_jpg.rf.8deb8074b2875d90753e3e561a372658.jpg</filename>
	<path>93_jpg.rf.8deb8074b2875d90753e3e561a372658.jpg</path>
	<source>
		<database>roboflow.com</database>
	</source>
	<size>
		<width>640</width>
		<height>640</height>
		<depth>3</depth>
	</size>
	<segmented>0</segmented>
	<object>
		<name>Vendor</name>
		<pose>Unspecified</pose>
		<truncated>0</truncated>
		<difficult>0</difficult>
		<occluded>0</occluded>
		<bndbox>
			<xmin>243</xmin>
			<xmax>499</xmax>
			<ymin>24</ymin>
			<ymax>400</ymax>
		</bndbox>
	</object>
	<object>
		<name>Vendor</name>
		<pose>Unspecified</pose>
		<truncated>0</truncated>
		<difficult>0</difficult>
		<occluded>0</occluded>
		<bndbox>
			<xmin>1</xmin>
			<xmax>123</xmax>
			<ymin>140</ymin>
			<ymax>375</ymax>
		</bndbox>
		<polygon>
			<x1>121.78943</x1>
			<y1>360.850352</y1>
			<x2>102.132022</x2>
			<y2>149.365586</y2>
			<x3>2.885219</x3>
			<y3>138.579033</y3>
			<x4>0</x4>
			<y4>373.726119</y4>
			<x5>121.78943</x5>
			<y5>360.850352</y5>
		</polygon>
	</object>
	<object>
		<name>Car</name>
		<pose>Unspecified</pose>
		<truncated>0</truncated>
		<difficult>0</difficult>
		<occluded>0</occluded>
		<bndbox>
			<xmin>422</xmin>
			<xmax>497</xmax>
			<ymin>152</ymin>
			<ymax>233</ymax>
		</bndbox>
		<polygon>
			<x1>490.488898</x1>
			<y1>157.994844</y1>
			<x2>420.976421</x2>
			<y2>151.274924</y2>
			<x3>440.865584</x3>
			<y3>228.107489</y3>
			<x4>495.882805</x4>
			<y4>232.422116</y4>
			<x5>490.488898</x5>
			<y5>157.994844</y5>
		</polygon>
	</object>
</annotation>
