<annotation>
	<folder></folder>
	<filename>94_jpg.rf.65adaf6e2e9aba41332ce4c1dfd421c2.jpg</filename>
	<path>94_jpg.rf.65adaf6e2e9aba41332ce4c1dfd421c2.jpg</path>
	<source>
		<database>roboflow.com</database>
	</source>
	<size>
		<width>640</width>
		<height>640</height>
		<depth>3</depth>
	</size>
	<segmented>0</segmented>
	<object>
		<name>Vendor</name>
		<pose>Unspecified</pose>
		<truncated>0</truncated>
		<difficult>0</difficult>
		<occluded>0</occluded>
		<bndbox>
			<xmin>177</xmin>
			<xmax>404</xmax>
			<ymin>78</ymin>
			<ymax>471</ymax>
		</bndbox>
	</object>
	<object>
		<name>Pedestrian</name>
		<pose>Unspecified</pose>
		<truncated>0</truncated>
		<difficult>0</difficult>
		<occluded>0</occluded>
		<bndbox>
			<xmin>477</xmin>
			<xmax>567</xmax>
			<ymin>212</ymin>
			<ymax>368</ymax>
		</bndbox>
		<polygon>
			<x1>496.134507</x1>
			<y1>210.534184</y1>
			<x2>476.464921</x2>
			<y2>361.860901</y2>
			<x3>556.293841</x3>
			<y3>367.254155</y3>
			<x4>566.002781</x4>
			<y4>217.320939</y4>
			<x5>496.134507</x5>
			<y5>210.534184</y5>
		</polygon>
	</object>
	<object>
		<name>Obstacle</name>
		<pose>Unspecified</pose>
		<truncated>0</truncated>
		<difficult>0</difficult>
		<occluded>0</occluded>
		<bndbox>
			<xmin>35</xmin>
			<xmax>206</xmax>
			<ymin>277</ymin>
			<ymax>624</ymax>
		</bndbox>
		<polygon>
			<x1>108.60462</x1>
			<y1>622.895716</y1>
			<x2>204.615082</x2>
			<y2>494.535602</y2>
			<x3>161.464367</x3>
			<y3>290.669588</y3>
			<x4>34.169519</x4>
			<y4>275.568364</y4>
			<x5>108.60462</x5>
			<y5>622.895716</y5>
		</polygon>
	</object>
	<object>
		<name>Vendor</name>
		<pose>Unspecified</pose>
		<truncated>0</truncated>
		<difficult>0</difficult>
		<occluded>0</occluded>
		<bndbox>
			<xmin>4</xmin>
			<xmax>78</xmax>
			<ymin>140</ymin>
			<ymax>641</ymax>
		</bndbox>
		<polygon>
			<x1>77.320323</x1>
			<y1>628.289059</y1>
			<x2>73.005287</x2>
			<y2>628.289059</y2>
			<x3>61.138781</x3>
			<y3>162.309474</y3>
			<x4>2.885219</x4>
			<y4>138.579033</y4>
			<x5>7.200343</x5>
			<y5>640</y5>
			<x6>77.320323</x6>
			<y6>628.289059</y6>
		</polygon>
	</object>
	<object>
		<name>Auto</name>
		<pose>Unspecified</pose>
		<truncated>0</truncated>
		<difficult>0</difficult>
		<occluded>0</occluded>
		<bndbox>
			<xmin>370</xmin>
			<xmax>466</xmax>
			<ymin>192</ymin>
			<ymax>303</ymax>
		</bndbox>
	</object>
</annotation>
