<annotation>
	<folder></folder>
	<filename>95_jpg.rf.4dcead88a9bf396ec6885a134923f5ba.jpg</filename>
	<path>95_jpg.rf.4dcead88a9bf396ec6885a134923f5ba.jpg</path>
	<source>
		<database>roboflow.com</database>
	</source>
	<size>
		<width>640</width>
		<height>640</height>
		<depth>3</depth>
	</size>
	<segmented>0</segmented>
	<object>
		<name>Vendor</name>
		<pose>Unspecified</pose>
		<truncated>0</truncated>
		<difficult>0</difficult>
		<occluded>0</occluded>
		<bndbox>
			<xmin>238</xmin>
			<xmax>446</xmax>
			<ymin>183</ymin>
			<ymax>442</ymax>
		</bndbox>
	</object>
	<object>
		<name>pothole</name>
		<pose>Unspecified</pose>
		<truncated>0</truncated>
		<difficult>0</difficult>
		<occluded>0</occluded>
		<bndbox>
			<xmin>218</xmin>
			<xmax>387</xmax>
			<ymin>558</ymin>
			<ymax>641</ymax>
		</bndbox>
	</object>
	<object>
		<name>pole</name>
		<pose>Unspecified</pose>
		<truncated>0</truncated>
		<difficult>0</difficult>
		<occluded>0</occluded>
		<bndbox>
			<xmin>174</xmin>
			<xmax>365</xmax>
			<ymin>1</ymin>
			<ymax>523</ymax>
		</bndbox>
		<polygon>
			<x1>341.482292</x1>
			<y1>0</y1>
			<x2>173.330781</x2>
			<y2>521.502044</y2>
			<x3>253.159701</x3>
			<y3>520.423376</y3>
			<x4>364.272921</x4>
			<y4>0.510993</y4>
			<x5>341.482292</x5>
			<y5>0</y5>
		</polygon>
	</object>
	<object>
		<name>Footpath</name>
		<pose>Unspecified</pose>
		<truncated>0</truncated>
		<difficult>0</difficult>
		<occluded>0</occluded>
		<bndbox>
			<xmin>100</xmin>
			<xmax>619</xmax>
			<ymin>335</ymin>
			<ymax>632</ymax>
		</bndbox>
		<polygon>
			<x1>258.221492</x1>
			<y1>333.662717</y1>
			<x2>99.121928</x2>
			<y2>630.634146</y2>
			<x3>618.226823</x3>
			<y3>631.375141</y3>
			<x4>399.726436</x4>
			<y4>335.74463</y4>
			<x5>258.221492</x5>
			<y5>333.662717</y5>
		</polygon>
	</object>
</annotation>
