<annotation>
	<folder></folder>
	<filename>96_jpg.rf.137feecfd292d52518db934486dc5ebb.jpg</filename>
	<path>96_jpg.rf.137feecfd292d52518db934486dc5ebb.jpg</path>
	<source>
		<database>roboflow.com</database>
	</source>
	<size>
		<width>640</width>
		<height>640</height>
		<depth>3</depth>
	</size>
	<segmented>0</segmented>
	<object>
		<name>Vendor</name>
		<pose>Unspecified</pose>
		<truncated>0</truncated>
		<difficult>0</difficult>
		<occluded>0</occluded>
		<bndbox>
			<xmin>237</xmin>
			<xmax>456</xmax>
			<ymin>190</ymin>
			<ymax>451</ymax>
		</bndbox>
	</object>
	<object>
		<name>Car</name>
		<pose>Unspecified</pose>
		<truncated>0</truncated>
		<difficult>0</difficult>
		<occluded>0</occluded>
		<bndbox>
			<xmin>19</xmin>
			<xmax>143</xmax>
			<ymin>275</ymin>
			<ymax>374</ymax>
		</bndbox>
	</object>
	<object>
		<name>Auto</name>
		<pose>Unspecified</pose>
		<truncated>0</truncated>
		<difficult>0</difficult>
		<occluded>0</occluded>
		<bndbox>
			<xmin>178</xmin>
			<xmax>266</xmax>
			<ymin>286</ymin>
			<ymax>425</ymax>
		</bndbox>
	</object>
	<object>
		<name>Footpath</name>
		<pose>Unspecified</pose>
		<truncated>0</truncated>
		<difficult>0</difficult>
		<occluded>0</occluded>
		<bndbox>
			<xmin>111</xmin>
			<xmax>615</xmax>
			<ymin>314</ymin>
			<ymax>641</ymax>
		</bndbox>
		<polygon>
			<x1>289.435822</x1>
			<y1>315.966514</y1>
			<x2>109.528432</x2>
			<y2>636.357724</y2>
			<x3>614.064817</x3>
			<y3>640</y3>
			<x4>403.888362</x4>
			<y4>312.843666</y4>
			<x5>289.435822</x5>
			<y5>315.966514</y5>
		</polygon>
	</object>
</annotation>
