<annotation>
	<folder></folder>
	<filename>97_jpg.rf.1fc920a8fa605a33edcb81a3cb7b56ed.jpg</filename>
	<path>97_jpg.rf.1fc920a8fa605a33edcb81a3cb7b56ed.jpg</path>
	<source>
		<database>roboflow.com</database>
	</source>
	<size>
		<width>640</width>
		<height>640</height>
		<depth>3</depth>
	</size>
	<segmented>0</segmented>
	<object>
		<name>Vendor</name>
		<pose>Unspecified</pose>
		<truncated>0</truncated>
		<difficult>0</difficult>
		<occluded>0</occluded>
		<bndbox>
			<xmin>149</xmin>
			<xmax>341</xmax>
			<ymin>156</ymin>
			<ymax>497</ymax>
		</bndbox>
	</object>
	<object>
		<name>Pedestrian</name>
		<pose>Unspecified</pose>
		<truncated>0</truncated>
		<difficult>0</difficult>
		<occluded>0</occluded>
		<bndbox>
			<xmin>329</xmin>
			<xmax>381</xmax>
			<ymin>214</ymin>
			<ymax>377</ymax>
		</bndbox>
	</object>
	<object>
		<name>pole</name>
		<pose>Unspecified</pose>
		<truncated>0</truncated>
		<difficult>0</difficult>
		<occluded>0</occluded>
		<bndbox>
			<xmin>465</xmin>
			<xmax>522</xmax>
			<ymin>1</ymin>
			<ymax>446</ymax>
		</bndbox>
	</object>
	<object>
		<name>pole</name>
		<pose>Unspecified</pose>
		<truncated>0</truncated>
		<difficult>0</difficult>
		<occluded>0</occluded>
		<bndbox>
			<xmin>587</xmin>
			<xmax>641</xmax>
			<ymin>4</ymin>
			<ymax>575</ymax>
		</bndbox>
	</object>
	<object>
		<name>pole</name>
		<pose>Unspecified</pose>
		<truncated>0</truncated>
		<difficult>0</difficult>
		<occluded>0</occluded>
		<bndbox>
			<xmin>404</xmin>
			<xmax>446</xmax>
			<ymin>1</ymin>
			<ymax>407</ymax>
		</bndbox>
	</object>
</annotation>
