<annotation>
	<folder></folder>
	<filename>98_jpg.rf.a1e14303b472d1cdc90096ebac6ff484.jpg</filename>
	<path>98_jpg.rf.a1e14303b472d1cdc90096ebac6ff484.jpg</path>
	<source>
		<database>roboflow.com</database>
	</source>
	<size>
		<width>640</width>
		<height>640</height>
		<depth>3</depth>
	</size>
	<segmented>0</segmented>
	<object>
		<name>Vendor</name>
		<pose>Unspecified</pose>
		<truncated>0</truncated>
		<difficult>0</difficult>
		<occluded>0</occluded>
		<bndbox>
			<xmin>89</xmin>
			<xmax>272</xmax>
			<ymin>191</ymin>
			<ymax>463</ymax>
		</bndbox>
	</object>
	<object>
		<name>Pedestrian</name>
		<pose>Unspecified</pose>
		<truncated>0</truncated>
		<difficult>0</difficult>
		<occluded>0</occluded>
		<bndbox>
			<xmin>315</xmin>
			<xmax>388</xmax>
			<ymin>174</ymin>
			<ymax>312</ymax>
		</bndbox>
	</object>
	<object>
		<name>Vendor</name>
		<pose>Unspecified</pose>
		<truncated>0</truncated>
		<difficult>0</difficult>
		<occluded>0</occluded>
		<bndbox>
			<xmin>435</xmin>
			<xmax>626</xmax>
			<ymin>171</ymin>
			<ymax>405</ymax>
		</bndbox>
	</object>
	<object>
		<name>Footpath</name>
		<pose>Unspecified</pose>
		<truncated>0</truncated>
		<difficult>0</difficult>
		<occluded>0</occluded>
		<bndbox>
			<xmin>34</xmin>
			<xmax>641</xmax>
			<ymin>206</ymin>
			<ymax>635</ymax>
		</bndbox>
		<polygon>
			<x1>235.330937</x1>
			<y1>213.953168</y1>
			<x2>32.780464</x2>
			<y2>629.333333</y2>
			<x3>640</x3>
			<y3>634.498029</y3>
			<x4>318.569147</x4>
			<y4>204.58458</y4>
			<x5>235.330937</x5>
			<y5>213.953168</y5>
		</polygon>
	</object>
</annotation>
