<annotation>
	<folder></folder>
	<filename>99_jpg.rf.18567cfceb39d4c66ab23ae171f4c54a.jpg</filename>
	<path>99_jpg.rf.18567cfceb39d4c66ab23ae171f4c54a.jpg</path>
	<source>
		<database>roboflow.com</database>
	</source>
	<size>
		<width>640</width>
		<height>640</height>
		<depth>3</depth>
	</size>
	<segmented>0</segmented>
	<object>
		<name>Pedestrian</name>
		<pose>Unspecified</pose>
		<truncated>0</truncated>
		<difficult>0</difficult>
		<occluded>0</occluded>
		<bndbox>
			<xmin>259</xmin>
			<xmax>447</xmax>
			<ymin>189</ymin>
			<ymax>413</ymax>
		</bndbox>
	</object>
	<object>
		<name>Vendor</name>
		<pose>Unspecified</pose>
		<truncated>0</truncated>
		<difficult>0</difficult>
		<occluded>0</occluded>
		<bndbox>
			<xmin>259</xmin>
			<xmax>442</xmax>
			<ymin>189</ymin>
			<ymax>407</ymax>
		</bndbox>
	</object>
	<object>
		<name>pole</name>
		<pose>Unspecified</pose>
		<truncated>0</truncated>
		<difficult>0</difficult>
		<occluded>0</occluded>
		<bndbox>
			<xmin>19</xmin>
			<xmax>235</xmax>
			<ymin>3</ymin>
			<ymax>498</ymax>
		</bndbox>
	</object>
</annotation>
