<annotation>
	<folder></folder>
	<filename>9_jpg.rf.ea83c3c41456ed791b2f32c2af6a764f.jpg</filename>
	<path>9_jpg.rf.ea83c3c41456ed791b2f32c2af6a764f.jpg</path>
	<source>
		<database>roboflow.com</database>
	</source>
	<size>
		<width>640</width>
		<height>640</height>
		<depth>3</depth>
	</size>
	<segmented>0</segmented>
	<object>
		<name>Vendor</name>
		<pose>Unspecified</pose>
		<truncated>0</truncated>
		<difficult>0</difficult>
		<occluded>0</occluded>
		<bndbox>
			<xmin>426</xmin>
			<xmax>613</xmax>
			<ymin>245</ymin>
			<ymax>638</ymax>
		</bndbox>
	</object>
	<object>
		<name>Vendor</name>
		<pose>Unspecified</pose>
		<truncated>0</truncated>
		<difficult>0</difficult>
		<occluded>0</occluded>
		<bndbox>
			<xmin>313</xmin>
			<xmax>455</xmax>
			<ymin>205</ymin>
			<ymax>523</ymax>
		</bndbox>
	</object>
	<object>
		<name>Footpath</name>
		<pose>Unspecified</pose>
		<truncated>0</truncated>
		<difficult>0</difficult>
		<occluded>0</occluded>
		<bndbox>
			<xmin>150</xmin>
			<xmax>562</xmax>
			<ymin>324</ymin>
			<ymax>641</ymax>
		</bndbox>
		<polygon>
			<x1>149.472016</x1>
			<y1>349.901493</y1>
			<x2>277.137911</x2>
			<y2>634.995886</y2>
			<x3>561.287341</x3>
			<y3>640</y3>
			<x4>229.660502</x4>
			<y4>322.50261</y4>
			<x5>149.472016</x5>
			<y5>349.901493</y5>
		</polygon>
	</object>
</annotation>
