<annotation>
	<folder></folder>
	<filename>AnyConv-com__fp-56-_jpg.rf.4654be613a23b22448f680e6c74cacae.jpg</filename>
	<path>AnyConv-com__fp-56-_jpg.rf.4654be613a23b22448f680e6c74cacae.jpg</path>
	<source>
		<database>roboflow.com</database>
	</source>
	<size>
		<width>640</width>
		<height>640</height>
		<depth>3</depth>
	</size>
	<segmented>0</segmented>
	<object>
		<name>signboard</name>
		<pose>Unspecified</pose>
		<truncated>0</truncated>
		<difficult>0</difficult>
		<occluded>0</occluded>
		<bndbox>
			<xmin>464</xmin>
			<xmax>641</xmax>
			<ymin>235</ymin>
			<ymax>376</ymax>
		</bndbox>
	</object>
	<object>
		<name>pothole</name>
		<pose>Unspecified</pose>
		<truncated>0</truncated>
		<difficult>0</difficult>
		<occluded>0</occluded>
		<bndbox>
			<xmin>93</xmin>
			<xmax>420</xmax>
			<ymin>257</ymin>
			<ymax>374</ymax>
		</bndbox>
	</object>
	<object>
		<name>pothole</name>
		<pose>Unspecified</pose>
		<truncated>0</truncated>
		<difficult>0</difficult>
		<occluded>0</occluded>
		<bndbox>
			<xmin>176</xmin>
			<xmax>366</xmax>
			<ymin>196</ymin>
			<ymax>250</ymax>
		</bndbox>
	</object>
</annotation>
