<annotation>
	<folder></folder>
	<filename>AnyConv-com__fp-59-_jpg.rf.74ae1c19a72f2758f239b7ab699e8e87.jpg</filename>
	<path>AnyConv-com__fp-59-_jpg.rf.74ae1c19a72f2758f239b7ab699e8e87.jpg</path>
	<source>
		<database>roboflow.com</database>
	</source>
	<size>
		<width>640</width>
		<height>640</height>
		<depth>3</depth>
	</size>
	<segmented>0</segmented>
	<object>
		<name>pole</name>
		<pose>Unspecified</pose>
		<truncated>0</truncated>
		<difficult>0</difficult>
		<occluded>0</occluded>
		<bndbox>
			<xmin>99</xmin>
			<xmax>189</xmax>
			<ymin>1</ymin>
			<ymax>303</ymax>
		</bndbox>
	</object>
	<object>
		<name>pole</name>
		<pose>Unspecified</pose>
		<truncated>0</truncated>
		<difficult>0</difficult>
		<occluded>0</occluded>
		<bndbox>
			<xmin>321</xmin>
			<xmax>374</xmax>
			<ymin>175</ymin>
			<ymax>417</ymax>
		</bndbox>
	</object>
	<object>
		<name>Footpath</name>
		<pose>Unspecified</pose>
		<truncated>0</truncated>
		<difficult>0</difficult>
		<occluded>0</occluded>
		<bndbox>
			<xmin>1</xmin>
			<xmax>641</xmax>
			<ymin>63</ymin>
			<ymax>641</ymax>
		</bndbox>
		<polygon>
			<x1>640</x1>
			<y1>640</y1>
			<x2>437.063894</x2>
			<y2>66.450565</y2>
			<x3>350.411581</x3>
			<y3>62.004771</y3>
			<x4>4.444419</x4>
			<y4>228.055556</y4>
			<x5>0</x5>
			<y5>640</y5>
			<x6>640</x6>
			<y6>640</y6>
		</polygon>
	</object>
</annotation>
