<annotation>
	<folder></folder>
	<filename>AnyConv-com__fp-58-_jpg.rf.578687837b04e3376a2d43c32413cdf4.jpg</filename>
	<path>AnyConv-com__fp-58-_jpg.rf.578687837b04e3376a2d43c32413cdf4.jpg</path>
	<source>
		<database>roboflow.com</database>
	</source>
	<size>
		<width>640</width>
		<height>640</height>
		<depth>3</depth>
	</size>
	<segmented>0</segmented>
	<object>
		<name>pole</name>
		<pose>Unspecified</pose>
		<truncated>0</truncated>
		<difficult>0</difficult>
		<occluded>0</occluded>
		<bndbox>
			<xmin>308</xmin>
			<xmax>349</xmax>
			<ymin>93</ymin>
			<ymax>415</ymax>
		</bndbox>
	</object>
	<object>
		<name>Pedestrian</name>
		<pose>Unspecified</pose>
		<truncated>0</truncated>
		<difficult>0</difficult>
		<occluded>0</occluded>
		<bndbox>
			<xmin>389</xmin>
			<xmax>639</xmax>
			<ymin>97</ymin>
			<ymax>415</ymax>
		</bndbox>
	</object>
	<object>
		<name>pothole</name>
		<pose>Unspecified</pose>
		<truncated>0</truncated>
		<difficult>0</difficult>
		<occluded>0</occluded>
		<bndbox>
			<xmin>360</xmin>
			<xmax>629</xmax>
			<ymin>425</ymin>
			<ymax>589</ymax>
		</bndbox>
	</object>
	<object>
		<name>Footpath</name>
		<pose>Unspecified</pose>
		<truncated>0</truncated>
		<difficult>0</difficult>
		<occluded>0</occluded>
		<bndbox>
			<xmin>111</xmin>
			<xmax>641</xmax>
			<ymin>259</ymin>
			<ymax>639</ymax>
		</bndbox>
		<polygon>
			<x1>640</x1>
			<y1>464.349468</y1>
			<x2>179.328859</x2>
			<y2>257.619883</y2>
			<x3>110.45144</x3>
			<y3>259.84279</y3>
			<x4>450.395065</x4>
			<y4>637.735569</y4>
			<x5>640</x5>
			<y5>633.289839</y5>
			<x6>640</x6>
			<y6>464.349468</y6>
		</polygon>
	</object>
</annotation>
