<annotation>
	<folder></folder>
	<filename>AnyConv-com__fp-57-_jpg.rf.3233ccd3d42c89663c0f6e7b869284f6.jpg</filename>
	<path>AnyConv-com__fp-57-_jpg.rf.3233ccd3d42c89663c0f6e7b869284f6.jpg</path>
	<source>
		<database>roboflow.com</database>
	</source>
	<size>
		<width>640</width>
		<height>640</height>
		<depth>3</depth>
	</size>
	<segmented>0</segmented>
	<object>
		<name>Pedestrian</name>
		<pose>Unspecified</pose>
		<truncated>0</truncated>
		<difficult>0</difficult>
		<occluded>0</occluded>
		<bndbox>
			<xmin>228</xmin>
			<xmax>293</xmax>
			<ymin>122</ymin>
			<ymax>274</ymax>
		</bndbox>
	</object>
	<object>
		<name>Pedestrian</name>
		<pose>Unspecified</pose>
		<truncated>0</truncated>
		<difficult>0</difficult>
		<occluded>0</occluded>
		<bndbox>
			<xmin>324</xmin>
			<xmax>514</xmax>
			<ymin>46</ymin>
			<ymax>634</ymax>
		</bndbox>
	</object>
	<object>
		<name>Footpath</name>
		<pose>Unspecified</pose>
		<truncated>0</truncated>
		<difficult>0</difficult>
		<occluded>0</occluded>
		<bndbox>
			<xmin>116</xmin>
			<xmax>641</xmax>
			<ymin>200</ymin>
			<ymax>641</ymax>
		</bndbox>
		<polygon>
			<x1>298.198062</x1>
			<y1>218.719151</y1>
			<x2>205.991115</x2>
			<y2>198.713069</y2>
			<x3>114.895164</x3>
			<y3>374.322078</y3>
			<x4>157.222196</x4>
			<y4>632.222224</y4>
			<x5>639.252596</x5>
			<y5>640</y5>
			<x6>640</x6>
			<y6>456.569313</y6>
			<x7>298.198062</x7>
			<y7>218.719151</y7>
		</polygon>
	</object>
</annotation>
