<annotation>
	<folder></folder>
	<filename>fp-046_jpg.rf.a6a1eee85ac67887727ca884b544a2e1.jpg</filename>
	<path>fp-046_jpg.rf.a6a1eee85ac67887727ca884b544a2e1.jpg</path>
	<source>
		<database>roboflow.com</database>
	</source>
	<size>
		<width>640</width>
		<height>640</height>
		<depth>3</depth>
	</size>
	<segmented>0</segmented>
	<object>
		<name>Pedestrian</name>
		<pose>Unspecified</pose>
		<truncated>0</truncated>
		<difficult>0</difficult>
		<occluded>0</occluded>
		<bndbox>
			<xmin>48</xmin>
			<xmax>215</xmax>
			<ymin>133</ymin>
			<ymax>503</ymax>
		</bndbox>
	</object>
	<object>
		<name>Pedestrian</name>
		<pose>Unspecified</pose>
		<truncated>0</truncated>
		<difficult>0</difficult>
		<occluded>0</occluded>
		<bndbox>
			<xmin>424</xmin>
			<xmax>501</xmax>
			<ymin>163</ymin>
			<ymax>410</ymax>
		</bndbox>
	</object>
</annotation>
