<annotation>
	<folder></folder>
	<filename>fp-065_jpg.rf.1ecee2de4e35bca5da376affacbfad69.jpg</filename>
	<path>fp-065_jpg.rf.1ecee2de4e35bca5da376affacbfad69.jpg</path>
	<source>
		<database>roboflow.com</database>
	</source>
	<size>
		<width>640</width>
		<height>640</height>
		<depth>3</depth>
	</size>
	<segmented>0</segmented>
	<object>
		<name>Pedestrian</name>
		<pose>Unspecified</pose>
		<truncated>0</truncated>
		<difficult>0</difficult>
		<occluded>0</occluded>
		<bndbox>
			<xmin>303</xmin>
			<xmax>361</xmax>
			<ymin>156</ymin>
			<ymax>353</ymax>
		</bndbox>
	</object>
	<object>
		<name>Vendor</name>
		<pose>Unspecified</pose>
		<truncated>0</truncated>
		<difficult>0</difficult>
		<occluded>0</occluded>
		<bndbox>
			<xmin>373</xmin>
			<xmax>483</xmax>
			<ymin>213</ymin>
			<ymax>343</ymax>
		</bndbox>
	</object>
</annotation>
