<annotation>
	<folder></folder>
	<filename>fp-051_jpg.rf.db56f612fa12dc732710c9ee7e904193.jpg</filename>
	<path>fp-051_jpg.rf.db56f612fa12dc732710c9ee7e904193.jpg</path>
	<source>
		<database>roboflow.com</database>
	</source>
	<size>
		<width>640</width>
		<height>640</height>
		<depth>3</depth>
	</size>
	<segmented>0</segmented>
	<object>
		<name>Pedestrian</name>
		<pose>Unspecified</pose>
		<truncated>0</truncated>
		<difficult>0</difficult>
		<occluded>0</occluded>
		<bndbox>
			<xmin>68</xmin>
			<xmax>228</xmax>
			<ymin>149</ymin>
			<ymax>428</ymax>
		</bndbox>
	</object>
	<object>
		<name>Vendor cart</name>
		<pose>Unspecified</pose>
		<truncated>0</truncated>
		<difficult>0</difficult>
		<occluded>0</occluded>
		<bndbox>
			<xmin>317</xmin>
			<xmax>468</xmax>
			<ymin>190</ymin>
			<ymax>393</ymax>
		</bndbox>
	</object>
</annotation>
