<annotation>
	<folder></folder>
	<filename>fp-060_jpg.rf.e3725f77506821443429a818088aa265.jpg</filename>
	<path>fp-060_jpg.rf.e3725f77506821443429a818088aa265.jpg</path>
	<source>
		<database>roboflow.com</database>
	</source>
	<size>
		<width>640</width>
		<height>640</height>
		<depth>3</depth>
	</size>
	<segmented>0</segmented>
	<object>
		<name>Vendor</name>
		<pose>Unspecified</pose>
		<truncated>0</truncated>
		<difficult>0</difficult>
		<occluded>0</occluded>
		<bndbox>
			<xmin>3</xmin>
			<xmax>98</xmax>
			<ymin>94</ymin>
			<ymax>217</ymax>
		</bndbox>
	</object>
	<object>
		<name>Pedestrian</name>
		<pose>Unspecified</pose>
		<truncated>0</truncated>
		<difficult>0</difficult>
		<occluded>0</occluded>
		<bndbox>
			<xmin>226</xmin>
			<xmax>386</xmax>
			<ymin>6</ymin>
			<ymax>380</ymax>
		</bndbox>
	</object>
	<object>
		<name>Pedestrian</name>
		<pose>Unspecified</pose>
		<truncated>0</truncated>
		<difficult>0</difficult>
		<occluded>0</occluded>
		<bndbox>
			<xmin>464</xmin>
			<xmax>534</xmax>
			<ymin>74</ymin>
			<ymax>229</ymax>
		</bndbox>
	</object>
	<object>
		<name>Vendor cart</name>
		<pose>Unspecified</pose>
		<truncated>0</truncated>
		<difficult>0</difficult>
		<occluded>0</occluded>
		<bndbox>
			<xmin>1</xmin>
			<xmax>172</xmax>
			<ymin>376</ymin>
			<ymax>596</ymax>
		</bndbox>
		<polygon>
			<x1>170.649655</x1>
			<y1>417.653073</y1>
			<x2>127.467779</x2>
			<y2>375.433534</y2>
			<x3>0</x3>
			<y3>594.703598</y3>
			<x4>69.666438</x4>
			<y4>593.703326</y4>
			<x5>170.649655</x5>
			<y5>417.653073</y5>
		</polygon>
	</object>
</annotation>
