<annotation>
	<folder></folder>
	<filename>fp-068_jpg.rf.10ae61e276695548753403ab54bc6ecb.jpg</filename>
	<path>fp-068_jpg.rf.10ae61e276695548753403ab54bc6ecb.jpg</path>
	<source>
		<database>roboflow.com</database>
	</source>
	<size>
		<width>640</width>
		<height>640</height>
		<depth>3</depth>
	</size>
	<segmented>0</segmented>
	<object>
		<name>Vendor</name>
		<pose>Unspecified</pose>
		<truncated>0</truncated>
		<difficult>0</difficult>
		<occluded>0</occluded>
		<bndbox>
			<xmin>119</xmin>
			<xmax>305</xmax>
			<ymin>229</ymin>
			<ymax>505</ymax>
		</bndbox>
	</object>
	<object>
		<name>Vendor cart</name>
		<pose>Unspecified</pose>
		<truncated>0</truncated>
		<difficult>0</difficult>
		<occluded>0</occluded>
		<bndbox>
			<xmin>145</xmin>
			<xmax>506</xmax>
			<ymin>88</ymin>
			<ymax>278</ymax>
		</bndbox>
		<polygon>
			<x1>314.625766</x1>
			<y1>188.5877</y1>
			<x2>304.627426</x2>
			<y2>273.611959</y2>
			<x3>319.624935</x3>
			<y3>276.612807</y3>
			<x4>331.622913</x4>
			<y4>188.5877</y4>
			<x5>492.59617</x5>
			<y5>193.589126</y5>
			<x6>504.594148</x6>
			<y6>165.581142</y6>
			<x7>394.612485</x7>
			<y7>88.559159</y7>
			<x8>243.999977</x8>
			<y8>86.500001</y8>
			<x9>162.650954</x9>
			<y9>129.570864</y9>
			<x10>143.654093</x10>
			<y10>153.57771</y10>
			<x11>257.635182</x11>
			<y11>192.588856</y11>
			<x12>314.625766</x12>
			<y12>188.5877</y12>
		</polygon>
	</object>
</annotation>
