<annotation>
	<folder></folder>
	<filename>fp-034_jpg.rf.bd67b725f7c0fddc7e6e6b378f80ff04.jpg</filename>
	<path>fp-034_jpg.rf.bd67b725f7c0fddc7e6e6b378f80ff04.jpg</path>
	<source>
		<database>roboflow.com</database>
	</source>
	<size>
		<width>640</width>
		<height>640</height>
		<depth>3</depth>
	</size>
	<segmented>0</segmented>
	<object>
		<name>pole</name>
		<pose>Unspecified</pose>
		<truncated>0</truncated>
		<difficult>0</difficult>
		<occluded>0</occluded>
		<bndbox>
			<xmin>297</xmin>
			<xmax>334</xmax>
			<ymin>2</ymin>
			<ymax>421</ymax>
		</bndbox>
	</object>
	<object>
		<name>pole</name>
		<pose>Unspecified</pose>
		<truncated>0</truncated>
		<difficult>0</difficult>
		<occluded>0</occluded>
		<bndbox>
			<xmin>500</xmin>
			<xmax>504</xmax>
			<ymin>68</ymin>
			<ymax>69</ymax>
		</bndbox>
	</object>
	<object>
		<name>Tree</name>
		<pose>Unspecified</pose>
		<truncated>0</truncated>
		<difficult>0</difficult>
		<occluded>0</occluded>
		<bndbox>
			<xmin>339</xmin>
			<xmax>636</xmax>
			<ymin>1</ymin>
			<ymax>397</ymax>
		</bndbox>
		<polygon>
			<x1>440.396624</x1>
			<y1>207.047859</y1>
			<x2>537.047209</x2>
			<y2>82.564319</y2>
			<x3>634.808789</x3>
			<y3>15.876693</y3>
			<x4>608.146616</x4>
			<y4>0</y4>
			<x5>483.722865</x5>
			<y5>69.22679</y5>
			<x6>375.962928</x6>
			<y6>247.060405</y6>
			<x7>338.191405</x7>
			<y7>395.996076</y7>
			<x8>384.85029</x8>
			<y8>385.992917</y8>
			<x9>440.396624</x9>
			<y9>207.047859</y9>
		</polygon>
	</object>
	<object>
		<name>Vendor</name>
		<pose>Unspecified</pose>
		<truncated>0</truncated>
		<difficult>0</difficult>
		<occluded>0</occluded>
		<bndbox>
			<xmin>131</xmin>
			<xmax>283</xmax>
			<ymin>242</ymin>
			<ymax>415</ymax>
		</bndbox>
	</object>
</annotation>
