<annotation>
	<folder></folder>
	<filename>fp-062_jpg.rf.765c7bedb6d621d22c87d74a07e3e6d9.jpg</filename>
	<path>fp-062_jpg.rf.765c7bedb6d621d22c87d74a07e3e6d9.jpg</path>
	<source>
		<database>roboflow.com</database>
	</source>
	<size>
		<width>640</width>
		<height>640</height>
		<depth>3</depth>
	</size>
	<segmented>0</segmented>
	<object>
		<name>Pedestrian</name>
		<pose>Unspecified</pose>
		<truncated>0</truncated>
		<difficult>0</difficult>
		<occluded>0</occluded>
		<bndbox>
			<xmin>320</xmin>
			<xmax>641</xmax>
			<ymin>57</ymin>
			<ymax>503</ymax>
		</bndbox>
	</object>
	<object>
		<name>Obstacle</name>
		<pose>Unspecified</pose>
		<truncated>0</truncated>
		<difficult>0</difficult>
		<occluded>0</occluded>
		<bndbox>
			<xmin>226</xmin>
			<xmax>342</xmax>
			<ymin>319</ymin>
			<ymax>378</ymax>
		</bndbox>
	</object>
	<object>
		<name>Obstacle</name>
		<pose>Unspecified</pose>
		<truncated>0</truncated>
		<difficult>0</difficult>
		<occluded>0</occluded>
		<bndbox>
			<xmin>173</xmin>
			<xmax>349</xmax>
			<ymin>376</ymin>
			<ymax>479</ymax>
		</bndbox>
	</object>
</annotation>
