<annotation>
	<folder></folder>
	<filename>fp-083_jpg.rf.d9346f610d1052f9d7bbc1882d1cff79.jpg</filename>
	<path>fp-083_jpg.rf.d9346f610d1052f9d7bbc1882d1cff79.jpg</path>
	<source>
		<database>roboflow.com</database>
	</source>
	<size>
		<width>640</width>
		<height>640</height>
		<depth>3</depth>
	</size>
	<segmented>0</segmented>
	<object>
		<name>Vendor cart</name>
		<pose>Unspecified</pose>
		<truncated>0</truncated>
		<difficult>0</difficult>
		<occluded>0</occluded>
		<bndbox>
			<xmin>214</xmin>
			<xmax>639</xmax>
			<ymin>2</ymin>
			<ymax>512</ymax>
		</bndbox>
		<polygon>
			<x1>498.595235</x1>
			<y1>224.597959</y1>
			<x2>353.61923</x2>
			<y2>199.590824</y2>
			<x3>320.624754</x3>
			<y3>245.603975</y3>
			<x4>322.624391</x4>
			<y4>414.652186</y4>
			<x5>365.617284</x5>
			<y5>509.679337</y5>
			<x6>552.58621</x6>
			<y6>510.679607</y6>
			<x7>571.583147</x7>
			<y7>264.609375</y7>
			<x8>518.591915</x8>
			<y8>253.606251</y8>
			<x9>539.588337</x9>
			<y9>82.557481</y9>
			<x10>637.572099</x10>
			<y10>88.559159</y10>
			<x11>634.572566</x11>
			<y11>0.534031</y11>
			<x12>225.249977</x12>
			<y12>1.500001</y12>
			<x13>212.642652</x13>
			<y13>13.537754</y13>
			<x14>242.637673</x14>
			<y14>57.550346</y14>
			<x15>506.593937</x15>
			<y15>78.556305</y15>
			<x16>498.595235</x16>
			<y16>224.597959</y16>
		</polygon>
	</object>
	<object>
		<name>Footpath</name>
		<pose>Unspecified</pose>
		<truncated>0</truncated>
		<difficult>0</difficult>
		<occluded>0</occluded>
		<bndbox>
			<xmin>1</xmin>
			<xmax>640</xmax>
			<ymin>202</ymin>
			<ymax>641</ymax>
		</bndbox>
		<polygon>
			<x1>165.650486</x1>
			<y1>202.090954</y1>
			<x2>0.249977</x2>
			<y2>631.500001</y2>
			<x3>638.571994</x3>
			<y3>640</y3>
			<x4>314.625766</x4>
			<y4>201.090679</y4>
			<x5>165.650486</x5>
			<y5>202.090954</y5>
		</polygon>
	</object>
</annotation>
