<annotation>
	<folder></folder>
	<filename>fp-026_jpg.rf.507d0a08e9987d3c13a302a5895d2938.jpg</filename>
	<path>fp-026_jpg.rf.507d0a08e9987d3c13a302a5895d2938.jpg</path>
	<source>
		<database>roboflow.com</database>
	</source>
	<size>
		<width>640</width>
		<height>640</height>
		<depth>3</depth>
	</size>
	<segmented>0</segmented>
	<object>
		<name>Footpath</name>
		<pose>Unspecified</pose>
		<truncated>0</truncated>
		<difficult>0</difficult>
		<occluded>0</occluded>
		<bndbox>
			<xmin>14</xmin>
			<xmax>600</xmax>
			<ymin>258</ymin>
			<ymax>638</ymax>
		</bndbox>
		<polygon>
			<x1>275.979529</x1>
			<y1>264.288563</y1>
			<x2>12.777752</x2>
			<y2>630.833335</y2>
			<x3>599.259169</x3>
			<y3>636.624136</y3>
			<x4>364.853661</x4>
			<y4>256.508407</y4>
			<x5>275.979529</x5>
			<y5>264.288563</y5>
		</polygon>
	</object>
</annotation>
