<annotation>
	<folder></folder>
	<filename>fp-017_jpg.rf.9916933b0dc55a989f56c7443078da7e.jpg</filename>
	<path>fp-017_jpg.rf.9916933b0dc55a989f56c7443078da7e.jpg</path>
	<source>
		<database>roboflow.com</database>
	</source>
	<size>
		<width>640</width>
		<height>640</height>
		<depth>3</depth>
	</size>
	<segmented>0</segmented>
	<object>
		<name>pole</name>
		<pose>Unspecified</pose>
		<truncated>0</truncated>
		<difficult>0</difficult>
		<occluded>0</occluded>
		<bndbox>
			<xmin>170</xmin>
			<xmax>240</xmax>
			<ymin>1</ymin>
			<ymax>235</ymax>
		</bndbox>
		<polygon>
			<x1>179.444419</x1>
			<y1>0</y1>
			<x2>190.438125</x2>
			<y2>159.25504</y2>
			<x3>169.330503</x3>
			<y3>175.926942</y3>
			<x4>174.885135</x4>
			<y4>233.722876</y4>
			<x5>239.318915</x5>
			<y5>228.165575</y5>
			<x6>235.986101</x6>
			<y6>165.923826</y6>
			<x7>212.656659</x7>
			<y7>159.25504</y7>
			<x8>200.436483</x8>
			<y8>0</y8>
			<x9>179.444419</x9>
			<y9>0</y9>
		</polygon>
	</object>
	<object>
		<name>pothole</name>
		<pose>Unspecified</pose>
		<truncated>0</truncated>
		<difficult>0</difficult>
		<occluded>0</occluded>
		<bndbox>
			<xmin>319</xmin>
			<xmax>405</xmax>
			<ymin>140</ymin>
			<ymax>196</ymax>
		</bndbox>
	</object>
	<object>
		<name>pothole</name>
		<pose>Unspecified</pose>
		<truncated>0</truncated>
		<difficult>0</difficult>
		<occluded>0</occluded>
		<bndbox>
			<xmin>269</xmin>
			<xmax>480</xmax>
			<ymin>283</ymin>
			<ymax>377</ymax>
		</bndbox>
	</object>
	<object>
		<name>pothole</name>
		<pose>Unspecified</pose>
		<truncated>0</truncated>
		<difficult>0</difficult>
		<occluded>0</occluded>
		<bndbox>
			<xmin>187</xmin>
			<xmax>523</xmax>
			<ymin>422</ymin>
			<ymax>503</ymax>
		</bndbox>
	</object>
	<object>
		<name>Footpath</name>
		<pose>Unspecified</pose>
		<truncated>0</truncated>
		<difficult>0</difficult>
		<occluded>0</occluded>
		<bndbox>
			<xmin>1</xmin>
			<xmax>586</xmax>
			<ymin>106</ymin>
			<ymax>641</ymax>
		</bndbox>
		<polygon>
			<x1>395.959558</x1>
			<y1>112.019998</y1>
			<x2>329.303958</x2>
			<y2>105.351296</y2>
			<x3>3.05553</x3>
			<y3>385.000001</y3>
			<x4>0.469684</x4>
			<y4>637.735569</y4>
			<x5>584.817089</x5>
			<y5>640</y5>
			<x6>395.959558</x6>
			<y6>112.019998</y6>
		</polygon>
	</object>
</annotation>
