<annotation>
	<folder></folder>
	<filename>fp-067_jpg.rf.bdd095c343cfb60a04c5ea89a91b8779.jpg</filename>
	<path>fp-067_jpg.rf.bdd095c343cfb60a04c5ea89a91b8779.jpg</path>
	<source>
		<database>roboflow.com</database>
	</source>
	<size>
		<width>640</width>
		<height>640</height>
		<depth>3</depth>
	</size>
	<segmented>0</segmented>
	<object>
		<name>Vendor cart</name>
		<pose>Unspecified</pose>
		<truncated>0</truncated>
		<difficult>0</difficult>
		<occluded>0</occluded>
		<bndbox>
			<xmin>233</xmin>
			<xmax>574</xmax>
			<ymin>1</ymin>
			<ymax>418</ymax>
		</bndbox>
		<polygon>
			<x1>307.626883</x1>
			<y1>0</y1>
			<x2>231.639514</x2>
			<y2>60.551175</y2>
			<x3>304.627426</x3>
			<y3>121.56857</y3>
			<x4>379.614975</x4>
			<y4>119.56801</y4>
			<x5>372.616091</x5>
			<y5>194.589396</y5>
			<x6>311.626234</x6>
			<y6>192.588856</y6>
			<x7>309.626596</x7>
			<y7>404.649331</y7>
			<x8>436.605559</x8>
			<y8>416.652764</y8>
			<x9>448.603536</x9>
			<y9>196.589975</y9>
			<x10>389.613315</x10>
			<y10>193.589126</y10>
			<x11>395.612304</x11>
			<y11>116.567143</y11>
			<x12>456.602239</x12>
			<y12>114.566584</y12>
			<x13>572.58289</x13>
			<y13>73.554878</y13>
			<x14>481.598088</x14>
			<y14>0</y14>
			<x15>307.626883</x15>
			<y15>0</y15>
		</polygon>
	</object>
	<object>
		<name>Pedestrian</name>
		<pose>Unspecified</pose>
		<truncated>0</truncated>
		<difficult>0</difficult>
		<occluded>0</occluded>
		<bndbox>
			<xmin>214</xmin>
			<xmax>309</xmax>
			<ymin>165</ymin>
			<ymax>251</ymax>
		</bndbox>
	</object>
</annotation>
