<annotation>
	<folder></folder>
	<filename>fp-036_jpg.rf.1fb5bb2bd8a6fe0c04a796365f0e71ca.jpg</filename>
	<path>fp-036_jpg.rf.1fb5bb2bd8a6fe0c04a796365f0e71ca.jpg</path>
	<source>
		<database>roboflow.com</database>
	</source>
	<size>
		<width>640</width>
		<height>640</height>
		<depth>3</depth>
	</size>
	<segmented>0</segmented>
	<object>
		<name>Pedestrian</name>
		<pose>Unspecified</pose>
		<truncated>0</truncated>
		<difficult>0</difficult>
		<occluded>0</occluded>
		<bndbox>
			<xmin>338</xmin>
			<xmax>431</xmax>
			<ymin>167</ymin>
			<ymax>401</ymax>
		</bndbox>
	</object>
	<object>
		<name>Pedestrian</name>
		<pose>Unspecified</pose>
		<truncated>0</truncated>
		<difficult>0</difficult>
		<occluded>0</occluded>
		<bndbox>
			<xmin>150</xmin>
			<xmax>302</xmax>
			<ymin>162</ymin>
			<ymax>455</ymax>
		</bndbox>
	</object>
	<object>
		<name>Vendor cart</name>
		<pose>Unspecified</pose>
		<truncated>0</truncated>
		<difficult>0</difficult>
		<occluded>0</occluded>
		<bndbox>
			<xmin>3</xmin>
			<xmax>296</xmax>
			<ymin>1</ymin>
			<ymax>553</ymax>
		</bndbox>
		<polygon>
			<x1>91.565636</x1>
			<y1>463.79521</y1>
			<x2>73.790826</x2>
			<y2>303.744854</y2>
			<x3>53.794198</x3>
			<y3>307.079268</y3>
			<x4>39.352117</x4>
			<y4>169.258199</y4>
			<x5>120.449796</x5>
			<y5>124.799795</y5>
			<x6>177.107039</x6>
			<y6>132.580003</y6>
			<x7>294.865248</x7>
			<y7>139.248767</y7>
			<x8>275.277753</x8>
			<y8>0</y8>
			<x9>1.580594</x9>
			<y9>4.762091</y9>
			<x10>3.802497</x10>
			<y10>551.600447</y10>
			<x11>91.565636</x11>
			<y11>463.79521</y11>
		</polygon>
	</object>
</annotation>
