<annotation>
	<folder></folder>
	<filename>fp-042_jpg.rf.53f4d69b53f55f6f86a143567a784ba9.jpg</filename>
	<path>fp-042_jpg.rf.53f4d69b53f55f6f86a143567a784ba9.jpg</path>
	<source>
		<database>roboflow.com</database>
	</source>
	<size>
		<width>640</width>
		<height>640</height>
		<depth>3</depth>
	</size>
	<segmented>0</segmented>
	<object>
		<name>Obstacle</name>
		<pose>Unspecified</pose>
		<truncated>0</truncated>
		<difficult>0</difficult>
		<occluded>0</occluded>
		<bndbox>
			<xmin>350</xmin>
			<xmax>561</xmax>
			<ymin>62</ymin>
			<ymax>466</ymax>
		</bndbox>
	</object>
</annotation>
