<annotation>
	<folder></folder>
	<filename>fp-055_jpg.rf.0b82749a761bd244a6b8003616ca2840.jpg</filename>
	<path>fp-055_jpg.rf.0b82749a761bd244a6b8003616ca2840.jpg</path>
	<source>
		<database>roboflow.com</database>
	</source>
	<size>
		<width>640</width>
		<height>640</height>
		<depth>3</depth>
	</size>
	<segmented>0</segmented>
	<object>
		<name>Vendor cart</name>
		<pose>Unspecified</pose>
		<truncated>0</truncated>
		<difficult>0</difficult>
		<occluded>0</occluded>
		<bndbox>
			<xmin>2</xmin>
			<xmax>211</xmax>
			<ymin>249</ymin>
			<ymax>513</ymax>
		</bndbox>
		<polygon>
			<x1>0.677877</x1>
			<y1>510.679607</y1>
			<x2>145.653806</x2>
			<y2>511.679878</y2>
			<x3>209.643196</x3>
			<y3>399.647905</y3>
			<x4>200.644675</x4>
			<y4>259.607948</y4>
			<x5>44.670587</x5>
			<y5>247.604554</y5>
			<x6>0.677877</x6>
			<y6>266.609954</y6>
			<x7>0.677877</x7>
			<y7>510.679607</y7>
		</polygon>
	</object>
	<object>
		<name>Vendor cart</name>
		<pose>Unspecified</pose>
		<truncated>0</truncated>
		<difficult>0</difficult>
		<occluded>0</occluded>
		<bndbox>
			<xmin>34</xmin>
			<xmax>331</xmax>
			<ymin>63</ymin>
			<ymax>363</ymax>
		</bndbox>
		<polygon>
			<x1>200.644675</x1>
			<y1>246.604245</y1>
			<x2>215.642185</x2>
			<y2>361.637068</y2>
			<x3>276.632044</x3>
			<y3>350.633942</y3>
			<x4>272.632693</x4>
			<y4>230.599694</y4>
			<x5>204.644026</x5>
			<y5>231.599964</y5>
			<x6>189.646516</x6>
			<y6>137.573159</y6>
			<x7>327.623561</x7>
			<y7>161.579986</y7>
			<x8>329.623275</x8>
			<y8>126.569996</y8>
			<x9>240.638035</x9>
			<y9>61.551445</y9>
			<x10>101.661095</x10>
			<y10>64.552312</y10>
			<x11>32.749977</x11>
			<y11>111.500001</y11>
			<x12>44.670587</x12>
			<y12>153.57771</y12>
			<x13>175.648825</x13>
			<y13>144.575126</y13>
			<x14>200.644675</x14>
			<y14>246.604245</y14>
		</polygon>
	</object>
</annotation>
