<annotation>
	<folder></folder>
	<filename>fp-006_jpg.rf.3d131ce856bccc37b5244ac65e4642ad.jpg</filename>
	<path>fp-006_jpg.rf.3d131ce856bccc37b5244ac65e4642ad.jpg</path>
	<source>
		<database>roboflow.com</database>
	</source>
	<size>
		<width>640</width>
		<height>640</height>
		<depth>3</depth>
	</size>
	<segmented>0</segmented>
	<object>
		<name>stairs</name>
		<pose>Unspecified</pose>
		<truncated>0</truncated>
		<difficult>0</difficult>
		<occluded>0</occluded>
		<bndbox>
			<xmin>120</xmin>
			<xmax>363</xmax>
			<ymin>308</ymin>
			<ymax>519</ymax>
		</bndbox>
	</object>
	<object>
		<name>pole</name>
		<pose>Unspecified</pose>
		<truncated>0</truncated>
		<difficult>0</difficult>
		<occluded>0</occluded>
		<bndbox>
			<xmin>346</xmin>
			<xmax>399</xmax>
			<ymin>123</ymin>
			<ymax>515</ymax>
		</bndbox>
	</object>
	<object>
		<name>Footpath</name>
		<pose>Unspecified</pose>
		<truncated>0</truncated>
		<difficult>0</difficult>
		<occluded>0</occluded>
		<bndbox>
			<xmin>4</xmin>
			<xmax>641</xmax>
			<ymin>296</ymin>
			<ymax>633</ymax>
		</bndbox>
		<polygon>
			<x1>631.475975</x1>
			<y1>498.804384</y1>
			<x2>379.295658</x2>
			<y2>303.189294</y2>
			<x3>238.208005</x3>
			<y3>295.409139</y3>
			<x4>7.222196</x4>
			<y4>618.333335</y4>
			<x5>2.691504</x5>
			<y5>627.732591</y5>
			<x6>640</x6>
			<y6>632.178321</y6>
			<x7>631.475975</x7>
			<y7>498.804384</y7>
		</polygon>
	</object>
</annotation>
