<annotation>
	<folder></folder>
	<filename>fp-052_jpg.rf.250ff34c8e8757bb072a8687149a17fc.jpg</filename>
	<path>fp-052_jpg.rf.250ff34c8e8757bb072a8687149a17fc.jpg</path>
	<source>
		<database>roboflow.com</database>
	</source>
	<size>
		<width>640</width>
		<height>640</height>
		<depth>3</depth>
	</size>
	<segmented>0</segmented>
	<object>
		<name>Vendor cart</name>
		<pose>Unspecified</pose>
		<truncated>0</truncated>
		<difficult>0</difficult>
		<occluded>0</occluded>
		<bndbox>
			<xmin>179</xmin>
			<xmax>342</xmax>
			<ymin>75</ymin>
			<ymax>339</ymax>
		</bndbox>
		<polygon>
			<x1>197.645143</x1>
			<y1>333.629084</y1>
			<x2>298.628361</x2>
			<y2>337.63024</y2>
			<x3>293.629191</x3>
			<y3>167.581721</y3>
			<x4>340.621434</x4>
			<y4>152.57744</y4>
			<x5>338.62172</x5>
			<y5>115.566854</y5>
			<x6>274.632406</x6>
			<y6>73.554878</y6>
			<x7>219.641536</x7>
			<y7>74.555167</y7>
			<x8>177.749977</x8>
			<y8>101.500001</y8>
			<x9>177.648463</x9>
			<y9>104.563729</y9>
			<x10>200.644675</x10>
			<y10>161.579986</y10>
			<x11>197.645143</x11>
			<y11>333.629084</y11>
		</polygon>
	</object>
	<object>
		<name>Pedestrian</name>
		<pose>Unspecified</pose>
		<truncated>0</truncated>
		<difficult>0</difficult>
		<occluded>0</occluded>
		<bndbox>
			<xmin>286</xmin>
			<xmax>342</xmax>
			<ymin>164</ymin>
			<ymax>315</ymax>
		</bndbox>
	</object>
</annotation>
