<annotation>
	<folder></folder>
	<filename>fp-047_jpg.rf.a7420c93638dd8a99507ae7fb0da733e.jpg</filename>
	<path>fp-047_jpg.rf.a7420c93638dd8a99507ae7fb0da733e.jpg</path>
	<source>
		<database>roboflow.com</database>
	</source>
	<size>
		<width>640</width>
		<height>640</height>
		<depth>3</depth>
	</size>
	<segmented>0</segmented>
	<object>
		<name>Vendor</name>
		<pose>Unspecified</pose>
		<truncated>0</truncated>
		<difficult>0</difficult>
		<occluded>0</occluded>
		<bndbox>
			<xmin>409</xmin>
			<xmax>478</xmax>
			<ymin>97</ymin>
			<ymax>354</ymax>
		</bndbox>
		<polygon>
			<x1>471.502604</x1>
			<y1>352.649115</y1>
			<x2>460.393337</x2>
			<y2>254.840635</y2>
			<x3>477.057236</x3>
			<y3>223.71976</y3>
			<x4>449.28407</x4>
			<y4>95.90187</y4>
			<x5>418.333308</x5>
			<y5>100.277779</y5>
			<x6>408.179734</x6>
			<y6>155.920669</y6>
			<x7>422.621814</x7>
			<y7>211.493674</y7>
			<x8>438.174804</x8>
			<y8>350.426186</y8>
			<x9>471.502604</x9>
			<y9>352.649115</y9>
		</polygon>
	</object>
	<object>
		<name>Vendor cart</name>
		<pose>Unspecified</pose>
		<truncated>0</truncated>
		<difficult>0</difficult>
		<occluded>0</occluded>
		<bndbox>
			<xmin>234</xmin>
			<xmax>455</xmax>
			<ymin>187</ymin>
			<ymax>390</ymax>
		</bndbox>
		<polygon>
			<x1>260.426539</x1>
			<y1>385.992917</y1>
			<x2>290.421525</x2>
			<y2>383.769989</y2>
			<x3>300.419881</x3>
			<y3>317.082384</y3>
			<x4>403.736095</x4>
			<y4>319.305311</y4>
			<x5>429.287356</x5>
			<y5>389.32729</y5>
			<x6>453.727709</x6>
			<y6>379.324174</y6>
			<x7>440.396624</x7>
			<y7>257.063564</y7>
			<x8>432.62017</x8>
			<y8>208.159303</y8>
			<x9>382.628471</x9>
			<y9>188.153029</y9>
			<x10>283.611086</x10>
			<y10>186.38889</y10>
			<x11>232.653373</x11>
			<y11>218.16246</y11>
			<x12>233.764283</x12>
			<y12>262.620864</y12>
			<x13>264.870262</x13>
			<y13>259.28645</y13>
			<x14>260.426539</x14>
			<y14>385.992917</y14>
		</polygon>
	</object>
	<object>
		<name>Pedestrian</name>
		<pose>Unspecified</pose>
		<truncated>0</truncated>
		<difficult>0</difficult>
		<occluded>0</occluded>
		<bndbox>
			<xmin>169</xmin>
			<xmax>280</xmax>
			<ymin>115</ymin>
			<ymax>370</ymax>
		</bndbox>
		<polygon>
			<x1>189.327216</x1>
			<y1>363.763716</y1>
			<x2>268.202991</x2>
			<y2>369.321016</y2>
			<x3>274.868534</x3>
			<y3>257.063564</y3>
			<x4>254.871905</x4>
			<y4>235.945804</y4>
			<x5>279.444419</x5>
			<y5>180.833335</y5>
			<x6>260.426539</x6>
			<y6>163.700898</y6>
			<x7>258.204635</x7>
			<y7>121.465401</y7>
			<x8>234.875191</x8>
			<y8>123.688372</y8>
			<x9>192.66003</x9>
			<y9>113.685194</y9>
			<x10>168.219592</x10>
			<y10>197.044701</y10>
			<x11>189.327216</x11>
			<y11>363.763716</y11>
		</polygon>
	</object>
	<object>
		<name>Pedestrian</name>
		<pose>Unspecified</pose>
		<truncated>0</truncated>
		<difficult>0</difficult>
		<occluded>0</occluded>
		<bndbox>
			<xmin>71</xmin>
			<xmax>143</xmax>
			<ymin>102</ymin>
			<ymax>331</ymax>
		</bndbox>
	</object>
	<object>
		<name>Pedestrian</name>
		<pose>Unspecified</pose>
		<truncated>0</truncated>
		<difficult>0</difficult>
		<occluded>0</occluded>
		<bndbox>
			<xmin>1</xmin>
			<xmax>67</xmax>
			<ymin>96</ymin>
			<ymax>437</ymax>
		</bndbox>
	</object>
</annotation>
