<annotation>
	<folder></folder>
	<filename>fp-053_jpg.rf.a03e282684277ce32899ccb272f16543.jpg</filename>
	<path>fp-053_jpg.rf.a03e282684277ce32899ccb272f16543.jpg</path>
	<source>
		<database>roboflow.com</database>
	</source>
	<size>
		<width>640</width>
		<height>640</height>
		<depth>3</depth>
	</size>
	<segmented>0</segmented>
	<object>
		<name>Pedestrian</name>
		<pose>Unspecified</pose>
		<truncated>0</truncated>
		<difficult>0</difficult>
		<occluded>0</occluded>
		<bndbox>
			<xmin>294</xmin>
			<xmax>363</xmax>
			<ymin>103</ymin>
			<ymax>337</ymax>
		</bndbox>
	</object>
	<object>
		<name>Vendor cart</name>
		<pose>Unspecified</pose>
		<truncated>0</truncated>
		<difficult>0</difficult>
		<occluded>0</occluded>
		<bndbox>
			<xmin>65</xmin>
			<xmax>372</xmax>
			<ymin>1</ymin>
			<ymax>424</ymax>
		</bndbox>
		<polygon>
			<x1>106.660265</x1>
			<y1>225.598267</y1>
			<x2>104.660628</x2>
			<y2>422.6545</y2>
			<x3>287.630202</x3>
			<y3>418.653419</y3>
			<x4>291.629554</x4>
			<y4>200.591132</y4>
			<x5>274.632406</x5>
			<y5>203.59198</y5>
			<x6>273.632511</x6>
			<y6>89.559448</y6>
			<x7>321.624572</x7>
			<y7>89.559448</y7>
			<x8>368.61674</x8>
			<y8>57.550346</y8>
			<x9>371.499977</x9>
			<y9>0</y9>
			<x10>63.667372</x10>
			<y10>2.53461</y10>
			<x11>98.661563</x11>
			<y11>67.5532</y11>
			<x12>106.660265</x12>
			<y12>225.598267</y12>
		</polygon>
	</object>
</annotation>
