<annotation>
	<folder></folder>
	<filename>fp-088_jpg.rf.a24c2daae6b5719a00ad88639c2e6310.jpg</filename>
	<path>fp-088_jpg.rf.a24c2daae6b5719a00ad88639c2e6310.jpg</path>
	<source>
		<database>roboflow.com</database>
	</source>
	<size>
		<width>640</width>
		<height>640</height>
		<depth>3</depth>
	</size>
	<segmented>0</segmented>
	<object>
		<name>Pedestrian</name>
		<pose>Unspecified</pose>
		<truncated>0</truncated>
		<difficult>0</difficult>
		<occluded>0</occluded>
		<bndbox>
			<xmin>269</xmin>
			<xmax>342</xmax>
			<ymin>70</ymin>
			<ymax>267</ymax>
		</bndbox>
	</object>
	<object>
		<name>Obstacle</name>
		<pose>Unspecified</pose>
		<truncated>0</truncated>
		<difficult>0</difficult>
		<occluded>0</occluded>
		<bndbox>
			<xmin>154</xmin>
			<xmax>277</xmax>
			<ymin>211</ymin>
			<ymax>432</ymax>
		</bndbox>
	</object>
	<object>
		<name>Footpath</name>
		<pose>Unspecified</pose>
		<truncated>0</truncated>
		<difficult>0</difficult>
		<occluded>0</occluded>
		<bndbox>
			<xmin>12</xmin>
			<xmax>625</xmax>
			<ymin>135</ymin>
			<ymax>638</ymax>
		</bndbox>
		<polygon>
			<x1>623.999977</x1>
			<y1>636.500001</y1>
			<x2>320.624754</x2>
			<y2>134.071216</y2>
			<x3>221.641174</x3>
			<y3>140.072981</y3>
			<x4>10.676217</x4>
			<y4>637.217306</y4>
			<x5>623.999977</x5>
			<y5>636.500001</y5>
		</polygon>
	</object>
</annotation>
