<annotation>
	<folder></folder>
	<filename>fp-073_jpg.rf.12fc150a5da02f00e0aac697c68ca2fa.jpg</filename>
	<path>fp-073_jpg.rf.12fc150a5da02f00e0aac697c68ca2fa.jpg</path>
	<source>
		<database>roboflow.com</database>
	</source>
	<size>
		<width>640</width>
		<height>640</height>
		<depth>3</depth>
	</size>
	<segmented>0</segmented>
	<object>
		<name>Obstacle</name>
		<pose>Unspecified</pose>
		<truncated>0</truncated>
		<difficult>0</difficult>
		<occluded>0</occluded>
		<bndbox>
			<xmin>214</xmin>
			<xmax>300</xmax>
			<ymin>293</ymin>
			<ymax>467</ymax>
		</bndbox>
	</object>
	<object>
		<name>Vendor cart</name>
		<pose>Unspecified</pose>
		<truncated>0</truncated>
		<difficult>0</difficult>
		<occluded>0</occluded>
		<bndbox>
			<xmin>247</xmin>
			<xmax>444</xmax>
			<ymin>194</ymin>
			<ymax>415</ymax>
		</bndbox>
		<polygon>
			<x1>313.625871</x1>
			<y1>413.651993</y1>
			<x2>442.604471</x2>
			<y2>402.648791</y2>
			<x3>426.607143</x3>
			<y3>192.588856</y3>
			<x4>268.999977</x4>
			<y4>219.000001</y4>
			<x5>245.637205</x5>
			<y5>241.602819</y5>
			<x6>264.634066</x6>
			<y6>256.6071</y6>
			<x7>310.626415</x7>
			<y7>254.606521</y7>
			<x8>313.625871</x8>
			<y8>413.651993</y8>
		</polygon>
	</object>
</annotation>
