<annotation>
	<folder></folder>
	<filename>fp-078_jpg.rf.34c4528a0ce0e15df5e264812730084c.jpg</filename>
	<path>fp-078_jpg.rf.34c4528a0ce0e15df5e264812730084c.jpg</path>
	<source>
		<database>roboflow.com</database>
	</source>
	<size>
		<width>640</width>
		<height>640</height>
		<depth>3</depth>
	</size>
	<segmented>0</segmented>
	<object>
		<name>Pedestrian</name>
		<pose>Unspecified</pose>
		<truncated>0</truncated>
		<difficult>0</difficult>
		<occluded>0</occluded>
		<bndbox>
			<xmin>170</xmin>
			<xmax>277</xmax>
			<ymin>98</ymin>
			<ymax>316</ymax>
		</bndbox>
	</object>
	<object>
		<name>Vendor cart</name>
		<pose>Unspecified</pose>
		<truncated>0</truncated>
		<difficult>0</difficult>
		<occluded>0</occluded>
		<bndbox>
			<xmin>205</xmin>
			<xmax>446</xmax>
			<ymin>1</ymin>
			<ymax>391</ymax>
		</bndbox>
		<polygon>
			<x1>406.610462</x1>
			<y1>384.643624</y1>
			<x2>444.604109</x2>
			<y2>0</y2>
			<x3>205.249977</x3>
			<y3>1.500001</y3>
			<x4>203.644131</x4>
			<y4>27.541745</y4>
			<x5>295.628905</x5>
			<y5>59.550886</y5>
			<x6>293.629191</x6>
			<y6>389.645051</y6>
			<x7>406.610462</x7>
			<y7>384.643624</y7>
		</polygon>
	</object>
</annotation>
