<annotation>
	<folder></folder>
	<filename>fp-007_jpg.rf.cfbff6e36fec1789cec82a14153a024d.jpg</filename>
	<path>fp-007_jpg.rf.cfbff6e36fec1789cec82a14153a024d.jpg</path>
	<source>
		<database>roboflow.com</database>
	</source>
	<size>
		<width>640</width>
		<height>640</height>
		<depth>3</depth>
	</size>
	<segmented>0</segmented>
	<object>
		<name>pole</name>
		<pose>Unspecified</pose>
		<truncated>0</truncated>
		<difficult>0</difficult>
		<occluded>0</occluded>
		<bndbox>
			<xmin>125</xmin>
			<xmax>364</xmax>
			<ymin>307</ymin>
			<ymax>560</ymax>
		</bndbox>
	</object>
	<object>
		<name>pole</name>
		<pose>Unspecified</pose>
		<truncated>0</truncated>
		<difficult>0</difficult>
		<occluded>0</occluded>
		<bndbox>
			<xmin>363</xmin>
			<xmax>392</xmax>
			<ymin>142</ymin>
			<ymax>501</ymax>
		</bndbox>
	</object>
	<object>
		<name>Footpath</name>
		<pose>Unspecified</pose>
		<truncated>0</truncated>
		<difficult>0</difficult>
		<occluded>0</occluded>
		<bndbox>
			<xmin>7</xmin>
			<xmax>641</xmax>
			<ymin>448</ymin>
			<ymax>641</ymax>
		</bndbox>
		<polygon>
			<x1>131.559064</x1>
			<y1>457.680788</y1>
			<x2>5.833308</x2>
			<y2>633.611112</y2>
			<x3>640</x3>
			<y3>640</y3>
			<x4>572.596998</x4>
			<y4>446.566293</y4>
			<x5>131.559064</x5>
			<y5>457.680788</y5>
		</polygon>
	</object>
</annotation>
