<annotation>
	<folder></folder>
	<filename>fp-010_jpg.rf.a0c0d473a03120b85b3e8461abd42f0b.jpg</filename>
	<path>fp-010_jpg.rf.a0c0d473a03120b85b3e8461abd42f0b.jpg</path>
	<source>
		<database>roboflow.com</database>
	</source>
	<size>
		<width>640</width>
		<height>640</height>
		<depth>3</depth>
	</size>
	<segmented>0</segmented>
	<object>
		<name>stairs</name>
		<pose>Unspecified</pose>
		<truncated>0</truncated>
		<difficult>0</difficult>
		<occluded>0</occluded>
		<bndbox>
			<xmin>129</xmin>
			<xmax>333</xmax>
			<ymin>318</ymin>
			<ymax>504</ymax>
		</bndbox>
	</object>
	<object>
		<name>pole</name>
		<pose>Unspecified</pose>
		<truncated>0</truncated>
		<difficult>0</difficult>
		<occluded>0</occluded>
		<bndbox>
			<xmin>324</xmin>
			<xmax>372</xmax>
			<ymin>190</ymin>
			<ymax>462</ymax>
		</bndbox>
	</object>
	<object>
		<name>Footpath</name>
		<pose>Unspecified</pose>
		<truncated>0</truncated>
		<difficult>0</difficult>
		<occluded>0</occluded>
		<bndbox>
			<xmin>1</xmin>
			<xmax>641</xmax>
			<ymin>393</ymin>
			<ymax>641</ymax>
		</bndbox>
		<polygon>
			<x1>472.613597</x1>
			<y1>398.773974</y1>
			<x2>178.217949</x2>
			<y2>392.105251</y2>
			<x3>0</x3>
			<y3>639.958517</y3>
			<x4>638.141602</x4>
			<y4>640</y4>
			<x5>640</x5>
			<y5>517.699076</y5>
			<x6>472.613597</x6>
			<y6>398.773974</y6>
		</polygon>
	</object>
</annotation>
