<annotation>
	<folder></folder>
	<filename>fp-037_jpg.rf.fdb15029a2da7dee39fbbf0c6166949f.jpg</filename>
	<path>fp-037_jpg.rf.fdb15029a2da7dee39fbbf0c6166949f.jpg</path>
	<source>
		<database>roboflow.com</database>
	</source>
	<size>
		<width>640</width>
		<height>640</height>
		<depth>3</depth>
	</size>
	<segmented>0</segmented>
	<object>
		<name>Vendor cart</name>
		<pose>Unspecified</pose>
		<truncated>0</truncated>
		<difficult>0</difficult>
		<occluded>0</occluded>
		<bndbox>
			<xmin>102</xmin>
			<xmax>106</xmax>
			<ymin>1</ymin>
			<ymax>8</ymax>
		</bndbox>
	</object>
	<object>
		<name>Obstacle</name>
		<pose>Unspecified</pose>
		<truncated>0</truncated>
		<difficult>0</difficult>
		<occluded>0</occluded>
		<bndbox>
			<xmin>106</xmin>
			<xmax>261</xmax>
			<ymin>304</ymin>
			<ymax>439</ymax>
		</bndbox>
	</object>
	<object>
		<name>Tree</name>
		<pose>Unspecified</pose>
		<truncated>0</truncated>
		<difficult>0</difficult>
		<occluded>0</occluded>
		<bndbox>
			<xmin>103</xmin>
			<xmax>155</xmax>
			<ymin>1</ymin>
			<ymax>300</ymax>
		</bndbox>
		<polygon>
			<x1>101.666641</x1>
			<y1>1.666667</y1>
			<x2>129.337159</x2>
			<y2>299.299039</y2>
			<x3>153.777596</x3>
			<y3>295.964666</y3>
			<x4>128.22625</x4>
			<y4>0</y4>
			<x5>101.666641</x5>
			<y5>1.666667</y5>
		</polygon>
	</object>
	<object>
		<name>Obstacle</name>
		<pose>Unspecified</pose>
		<truncated>0</truncated>
		<difficult>0</difficult>
		<occluded>0</occluded>
		<bndbox>
			<xmin>1</xmin>
			<xmax>143</xmax>
			<ymin>433</ymin>
			<ymax>641</ymax>
		</bndbox>
		<polygon>
			<x1>71.569007</x1>
			<y1>640</y1>
			<x2>120.449796</x2>
			<y2>608.28498</y2>
			<x3>117.116982</x3>
			<y3>560.492162</y3>
			<x4>141.557335</x4>
			<y4>549.377561</y4>
			<x5>138.224606</x5>
			<y5>456.014895</y5>
			<x6>96.00936</x6>
			<y6>438.231551</y6>
			<x7>0</x7>
			<y7>431.562765</y7>
			<x8>3.802497</x8>
			<y8>640</y8>
			<x9>71.569007</x9>
			<y9>640</y9>
		</polygon>
	</object>
	<object>
		<name>pole</name>
		<pose>Unspecified</pose>
		<truncated>0</truncated>
		<difficult>0</difficult>
		<occluded>0</occluded>
		<bndbox>
			<xmin>214</xmin>
			<xmax>254</xmax>
			<ymin>4</ymin>
			<ymax>299</ymax>
		</bndbox>
		<polygon>
			<x1>212.777753</x1>
			<y1>3.055556</y1>
			<x2>228.209649</x2>
			<y2>298.187552</y2>
			<x3>252.650001</x3>
			<y3>294.853181</y3>
			<x4>234.875191</x4>
			<y4>2.539184</y4>
			<x5>212.777753</x5>
			<y5>3.055556</y5>
		</polygon>
	</object>
</annotation>
