<annotation>
	<folder></folder>
	<filename>fp-013_jpg.rf.464fcb382e27191641f71c4a8155070f.jpg</filename>
	<path>fp-013_jpg.rf.464fcb382e27191641f71c4a8155070f.jpg</path>
	<source>
		<database>roboflow.com</database>
	</source>
	<size>
		<width>640</width>
		<height>640</height>
		<depth>3</depth>
	</size>
	<segmented>0</segmented>
	<object>
		<name>stairs</name>
		<pose>Unspecified</pose>
		<truncated>0</truncated>
		<difficult>0</difficult>
		<occluded>0</occluded>
		<bndbox>
			<xmin>191</xmin>
			<xmax>472</xmax>
			<ymin>311</ymin>
			<ymax>519</ymax>
		</bndbox>
	</object>
	<object>
		<name>Pedestrian</name>
		<pose>Unspecified</pose>
		<truncated>0</truncated>
		<difficult>0</difficult>
		<occluded>0</occluded>
		<bndbox>
			<xmin>313</xmin>
			<xmax>360</xmax>
			<ymin>57</ymin>
			<ymax>170</ymax>
		</bndbox>
	</object>
	<object>
		<name>Footpath</name>
		<pose>Unspecified</pose>
		<truncated>0</truncated>
		<difficult>0</difficult>
		<occluded>0</occluded>
		<bndbox>
			<xmin>3</xmin>
			<xmax>641</xmax>
			<ymin>401</ymin>
			<ymax>639</ymax>
		</bndbox>
		<polygon>
			<x1>481.500876</x1>
			<y1>399.885491</y1>
			<x2>137.113696</x2>
			<y2>408.776994</y2>
			<x3>1.666641</x3>
			<y3>514.166668</y3>
			<x4>2.691504</x4>
			<y4>637.735569</y4>
			<x5>640</x5>
			<y5>635.512704</y5>
			<x6>481.500876</x6>
			<y6>399.885491</y6>
		</polygon>
	</object>
</annotation>
