<annotation>
	<folder></folder>
	<filename>fp-024_jpg.rf.ed1424d91ae01f626a34a2e5d0adcb72.jpg</filename>
	<path>fp-024_jpg.rf.ed1424d91ae01f626a34a2e5d0adcb72.jpg</path>
	<source>
		<database>roboflow.com</database>
	</source>
	<size>
		<width>640</width>
		<height>640</height>
		<depth>3</depth>
	</size>
	<segmented>0</segmented>
	<object>
		<name>Pedestrian</name>
		<pose>Unspecified</pose>
		<truncated>0</truncated>
		<difficult>0</difficult>
		<occluded>0</occluded>
		<bndbox>
			<xmin>199</xmin>
			<xmax>324</xmax>
			<ymin>110</ymin>
			<ymax>199</ymax>
		</bndbox>
	</object>
	<object>
		<name>Vehicle</name>
		<pose>Unspecified</pose>
		<truncated>0</truncated>
		<difficult>0</difficult>
		<occluded>0</occluded>
		<bndbox>
			<xmin>349</xmin>
			<xmax>641</xmax>
			<ymin>4</ymin>
			<ymax>260</ymax>
		</bndbox>
		<polygon>
			<x1>370.408295</x1>
			<y1>234.834361</y1>
			<x2>550.378464</x2>
			<y2>259.28645</y2>
			<x3>610.368436</x3>
			<y3>212.605159</y3>
			<x4>640</x4>
			<y4>8.096484</y4>
			<x5>389.166641</x5>
			<y5>3.055556</y5>
			<x6>368.18639</x6>
			<y6>91.455991</y6>
			<x7>350.411581</x7>
			<y7>90.34457</y7>
			<x8>348.189761</x8>
			<y8>192.598844</y8>
			<x9>370.408295</x9>
			<y9>234.834361</y9>
		</polygon>
	</object>
	<object>
		<name>Footpath</name>
		<pose>Unspecified</pose>
		<truncated>0</truncated>
		<difficult>0</difficult>
		<occluded>0</occluded>
		<bndbox>
			<xmin>75</xmin>
			<xmax>495</xmax>
			<ymin>153</ymin>
			<ymax>336</ymax>
		</bndbox>
		<polygon>
			<x1>221.544106</x1>
			<y1>152.032183</y1>
			<x2>73.888864</x2>
			<y2>335.000001</y2>
			<x3>493.721136</x3>
			<y3>260.954223</y3>
			<x4>360.409937</x4>
			<y4>154.25509</y4>
			<x5>221.544106</x5>
			<y5>152.032183</y5>
		</polygon>
	</object>
</annotation>
