<annotation>
	<folder></folder>
	<filename>fp-086_jpg.rf.7165751e69e41148d8256de110010d6b.jpg</filename>
	<path>fp-086_jpg.rf.7165751e69e41148d8256de110010d6b.jpg</path>
	<source>
		<database>roboflow.com</database>
	</source>
	<size>
		<width>640</width>
		<height>640</height>
		<depth>3</depth>
	</size>
	<segmented>0</segmented>
	<object>
		<name>Obstacle</name>
		<pose>Unspecified</pose>
		<truncated>0</truncated>
		<difficult>0</difficult>
		<occluded>0</occluded>
		<bndbox>
			<xmin>304</xmin>
			<xmax>392</xmax>
			<ymin>10</ymin>
			<ymax>309</ymax>
		</bndbox>
	</object>
	<object>
		<name>Obstacle</name>
		<pose>Unspecified</pose>
		<truncated>0</truncated>
		<difficult>0</difficult>
		<occluded>0</occluded>
		<bndbox>
			<xmin>109</xmin>
			<xmax>200</xmax>
			<ymin>274</ymin>
			<ymax>340</ymax>
		</bndbox>
		<polygon>
			<x1>198.644961</x1>
			<y1>320.62538</y1>
			<x2>196.645324</x2>
			<y2>272.611689</y2>
			<x3>126.499977</x3>
			<y3>276.500001</y3>
			<x4>107.660084</x4>
			<y4>284.615083</y4>
			<x5>112.659254</x5>
			<y5>338.63051</y5>
			<x6>186.646984</x6>
			<y6>335.629661</y6>
			<x7>198.644961</x7>
			<y7>320.62538</y7>
		</polygon>
	</object>
	<object>
		<name>Obstacle</name>
		<pose>Unspecified</pose>
		<truncated>0</truncated>
		<difficult>0</difficult>
		<occluded>0</occluded>
		<bndbox>
			<xmin>113</xmin>
			<xmax>208</xmax>
			<ymin>309</ymin>
			<ymax>413</ymax>
		</bndbox>
		<polygon>
			<x1>202.644313</x1>
			<y1>307.621677</y1>
			<x2>111.659435</x2>
			<y2>317.624532</y2>
			<x3>112.749977</x3>
			<y3>349.000001</y3>
			<x4>115.658786</x4>
			<y4>411.651338</y4>
			<x5>186.646984</x5>
			<y5>408.650565</y5>
			<x6>206.643664</x6>
			<y6>378.642003</y6>
			<x7>202.644313</x7>
			<y7>307.621677</y7>
		</polygon>
	</object>
	<object>
		<name>Obstacle</name>
		<pose>Unspecified</pose>
		<truncated>0</truncated>
		<difficult>0</difficult>
		<occluded>0</occluded>
		<bndbox>
			<xmin>322</xmin>
			<xmax>406</xmax>
			<ymin>282</ymin>
			<ymax>361</ymax>
		</bndbox>
		<polygon>
			<x1>381.614613</x1>
			<y1>285.615391</y1>
			<x2>320.624754</x2>
			<y2>280.613965</y2>
			<x3>323.999977</x3>
			<y3>314.000001</y3>
			<x4>341.621253</x4>
			<y4>359.636489</y4>
			<x5>404.610825</x5>
			<y5>359.636489</y5>
			<x6>404.610825</x6>
			<y6>317.624532</y6>
			<x7>381.614613</x7>
			<y7>285.615391</y7>
		</polygon>
	</object>
</annotation>
