<annotation>
	<folder></folder>
	<filename>fp-098_jpg.rf.ac83f1079adab513f498eade5f5fbeb8.jpg</filename>
	<path>fp-098_jpg.rf.ac83f1079adab513f498eade5f5fbeb8.jpg</path>
	<source>
		<database>roboflow.com</database>
	</source>
	<size>
		<width>640</width>
		<height>640</height>
		<depth>3</depth>
	</size>
	<segmented>0</segmented>
	<object>
		<name>Tree</name>
		<pose>Unspecified</pose>
		<truncated>0</truncated>
		<difficult>0</difficult>
		<occluded>0</occluded>
		<bndbox>
			<xmin>8</xmin>
			<xmax>421</xmax>
			<ymin>15</ymin>
			<ymax>438</ymax>
		</bndbox>
		<polygon>
			<x1>184.647346</x1>
			<y1>116.567143</y1>
			<x2>153.652433</x2>
			<y2>14.538042</y2>
			<x3>6.676866</x3>
			<y3>13.537754</y3>
			<x4>7.676685</x4>
			<y4>142.574586</y4>
			<x5>191.646154</x5>
			<y5>234.600813</y5>
			<x6>212.642652</x6>
			<y6>330.628235</y6>
			<x7>191.646154</x7>
			<y7>431.657045</y7>
			<x8>332.622731</x8>
			<y8>436.658473</y8>
			<x9>325.623924</x9>
			<y9>400.648212</y9>
			<x10>297.628542</x10>
			<y10>210.593986</y10>
			<x11>328.62338</x11>
			<y11>155.578289</y11>
			<x12>420.249977</x12>
			<y12>125.250001</y12>
			<x13>382.614431</x13>
			<y13>39.545178</y13>
			<x14>278.631681</x14>
			<y14>100.562573</y14>
			<x15>184.647346</x15>
			<y15>116.567143</y15>
		</polygon>
	</object>
	<object>
		<name>pole</name>
		<pose>Unspecified</pose>
		<truncated>0</truncated>
		<difficult>0</difficult>
		<occluded>0</occluded>
		<bndbox>
			<xmin>429</xmin>
			<xmax>458</xmax>
			<ymin>148</ymin>
			<ymax>389</ymax>
		</bndbox>
	</object>
	<object>
		<name>Footpath</name>
		<pose>Unspecified</pose>
		<truncated>0</truncated>
		<difficult>0</difficult>
		<occluded>0</occluded>
		<bndbox>
			<xmin>1</xmin>
			<xmax>595</xmax>
			<ymin>267</ymin>
			<ymax>641</ymax>
		</bndbox>
		<polygon>
			<x1>593.579465</x1>
			<y1>640</y1>
			<x2>376.615442</x2>
			<y2>275.112183</y2>
			<x3>221.641174</x3>
			<y3>266.109554</y3>
			<x4>0</x4>
			<y4>638.217581</y4>
			<x5>593.579465</x5>
			<y5>640</y5>
		</polygon>
	</object>
</annotation>
