<annotation>
	<folder></folder>
	<filename>fp-074_jpg.rf.0ad448b6dea6170fc015b58882fc38bd.jpg</filename>
	<path>fp-074_jpg.rf.0ad448b6dea6170fc015b58882fc38bd.jpg</path>
	<source>
		<database>roboflow.com</database>
	</source>
	<size>
		<width>640</width>
		<height>640</height>
		<depth>3</depth>
	</size>
	<segmented>0</segmented>
	<object>
		<name>Vendor cart</name>
		<pose>Unspecified</pose>
		<truncated>0</truncated>
		<difficult>0</difficult>
		<occluded>0</occluded>
		<bndbox>
			<xmin>255</xmin>
			<xmax>429</xmax>
			<ymin>226</ymin>
			<ymax>415</ymax>
		</bndbox>
		<polygon>
			<x1>321.624572</x1>
			<y1>413.651993</y1>
			<x2>426.607143</x2>
			<y2>408.650565</y2>
			<x3>427.606961</x3>
			<y3>224.597959</y3>
			<x4>278.999977</x4>
			<y4>236.500001</y4>
			<x5>253.635831</x5>
			<y5>265.609684</y5>
			<x6>271.632874</x6>
			<y6>285.615391</y6>
			<x7>306.627064</x7>
			<y7>285.615391</y7>
			<x8>321.624572</x8>
			<y8>413.651993</y8>
		</polygon>
	</object>
	<object>
		<name>Obstacle</name>
		<pose>Unspecified</pose>
		<truncated>0</truncated>
		<difficult>0</difficult>
		<occluded>0</occluded>
		<bndbox>
			<xmin>214</xmin>
			<xmax>306</xmax>
			<ymin>317</ymin>
			<ymax>505</ymax>
		</bndbox>
	</object>
</annotation>
