<annotation>
	<folder></folder>
	<filename>fp-028_jpg.rf.532df8e2276b70e70e11f2b9148f4dc2.jpg</filename>
	<path>fp-028_jpg.rf.532df8e2276b70e70e11f2b9148f4dc2.jpg</path>
	<source>
		<database>roboflow.com</database>
	</source>
	<size>
		<width>640</width>
		<height>640</height>
		<depth>3</depth>
	</size>
	<segmented>0</segmented>
	<object>
		<name>pole</name>
		<pose>Unspecified</pose>
		<truncated>0</truncated>
		<difficult>0</difficult>
		<occluded>0</occluded>
		<bndbox>
			<xmin>401</xmin>
			<xmax>487</xmax>
			<ymin>2</ymin>
			<ymax>384</ymax>
		</bndbox>
		<polygon>
			<x1>421.510904</x1>
			<y1>3.650647</y1>
			<x2>400.40328</x2>
			<y2>371.543945</y2>
			<x3>469.280784</x3>
			<y3>382.658546</y3>
			<x4>485.944684</x4>
			<y4>1.427719</y4>
			<x5>421.510904</x5>
			<y5>3.650647</y5>
		</polygon>
	</object>
	<object>
		<name>Pedestrian</name>
		<pose>Unspecified</pose>
		<truncated>0</truncated>
		<difficult>0</difficult>
		<occluded>0</occluded>
		<bndbox>
			<xmin>206</xmin>
			<xmax>291</xmax>
			<ymin>155</ymin>
			<ymax>465</ymax>
		</bndbox>
	</object>
	<object>
		<name>Vendor</name>
		<pose>Unspecified</pose>
		<truncated>0</truncated>
		<difficult>0</difficult>
		<occluded>0</occluded>
		<bndbox>
			<xmin>142</xmin>
			<xmax>204</xmax>
			<ymin>282</ymin>
			<ymax>398</ymax>
		</bndbox>
	</object>
	<object>
		<name>Footpath</name>
		<pose>Unspecified</pose>
		<truncated>0</truncated>
		<difficult>0</difficult>
		<occluded>0</occluded>
		<bndbox>
			<xmin>5</xmin>
			<xmax>641</xmax>
			<ymin>251</ymin>
			<ymax>640</ymax>
		</bndbox>
		<polygon>
			<x1>219.641536</x1>
			<y1>250.104922</y1>
			<x2>3.999977</x2>
			<y2>631.500001</y2>
			<x3>640</x3>
			<y3>639.217858</y3>
			<x4>338.62172</x4>
			<y4>250.104922</y4>
			<x5>219.641536</x5>
			<y5>250.104922</y5>
		</polygon>
	</object>
</annotation>
