<annotation>
	<folder></folder>
	<filename>fp-054_jpg.rf.0e72486cbd4d5c110efbe5148e5d37e7.jpg</filename>
	<path>fp-054_jpg.rf.0e72486cbd4d5c110efbe5148e5d37e7.jpg</path>
	<source>
		<database>roboflow.com</database>
	</source>
	<size>
		<width>640</width>
		<height>640</height>
		<depth>3</depth>
	</size>
	<segmented>0</segmented>
	<object>
		<name>Vendor cart</name>
		<pose>Unspecified</pose>
		<truncated>0</truncated>
		<difficult>0</difficult>
		<occluded>0</occluded>
		<bndbox>
			<xmin>137</xmin>
			<xmax>325</xmax>
			<ymin>234</ymin>
			<ymax>400</ymax>
		</bndbox>
		<polygon>
			<x1>170.649655</x1>
			<y1>398.647711</y1>
			<x2>314.625766</x2>
			<y2>397.647365</y2>
			<x3>311.626234</x3>
			<y3>282.614542</y3>
			<x4>323.62421</x4>
			<y4>233.600543</y4>
			<x5>190.249977</x5>
			<y5>232.750001</y5>
			<x6>135.655466</x6>
			<y6>263.609105</y6>
			<x7>141.654455</x7>
			<y7>294.617937</y7>
			<x8>155.652146</x8>
			<y8>292.617397</y8>
			<x9>170.649655</x9>
			<y9>398.647711</y9>
		</polygon>
	</object>
	<object>
		<name>Pedestrian</name>
		<pose>Unspecified</pose>
		<truncated>0</truncated>
		<difficult>0</difficult>
		<occluded>0</occluded>
		<bndbox>
			<xmin>476</xmin>
			<xmax>577</xmax>
			<ymin>125</ymin>
			<ymax>333</ymax>
		</bndbox>
	</object>
</annotation>
