<annotation>
	<folder></folder>
	<filename>fp-071_jpg.rf.844ff21ca8471fa547fafd6267ceb474.jpg</filename>
	<path>fp-071_jpg.rf.844ff21ca8471fa547fafd6267ceb474.jpg</path>
	<source>
		<database>roboflow.com</database>
	</source>
	<size>
		<width>640</width>
		<height>640</height>
		<depth>3</depth>
	</size>
	<segmented>0</segmented>
	<object>
		<name>Vendor cart</name>
		<pose>Unspecified</pose>
		<truncated>0</truncated>
		<difficult>0</difficult>
		<occluded>0</occluded>
		<bndbox>
			<xmin>82</xmin>
			<xmax>434</xmax>
			<ymin>123</ymin>
			<ymax>508</ymax>
		</bndbox>
		<polygon>
			<x1>145.653806</x1>
			<y1>506.678451</y1>
			<x2>250.636375</x2>
			<y2>504.67791</y2>
			<x3>310.626415</x3>
			<y3>476.669889</y3>
			<x4>288.630021</x4>
			<y4>212.594565</y4>
			<x5>428.60678</x5>
			<y5>209.593677</y5>
			<x6>432.749977</x6>
			<y6>171.500001</y6>
			<x7>80.664596</x7>
			<y7>121.56857</y7>
			<x8>83.664052</x8>
			<y8>147.576012</y8>
			<x9>145.653806</x9>
			<y9>506.678451</y9>
		</polygon>
	</object>
	<object>
		<name>Pedestrian</name>
		<pose>Unspecified</pose>
		<truncated>0</truncated>
		<difficult>0</difficult>
		<occluded>0</occluded>
		<bndbox>
			<xmin>324</xmin>
			<xmax>398</xmax>
			<ymin>229</ymin>
			<ymax>370</ymax>
		</bndbox>
	</object>
</annotation>
