<annotation>
	<folder></folder>
	<filename>fp-087_jpg.rf.bb918113e1cebcacfb07f42722e81230.jpg</filename>
	<path>fp-087_jpg.rf.bb918113e1cebcacfb07f42722e81230.jpg</path>
	<source>
		<database>roboflow.com</database>
	</source>
	<size>
		<width>640</width>
		<height>640</height>
		<depth>3</depth>
	</size>
	<segmented>0</segmented>
	<object>
		<name>Obstacle</name>
		<pose>Unspecified</pose>
		<truncated>0</truncated>
		<difficult>0</difficult>
		<occluded>0</occluded>
		<bndbox>
			<xmin>204</xmin>
			<xmax>330</xmax>
			<ymin>58</ymin>
			<ymax>396</ymax>
		</bndbox>
	</object>
	<object>
		<name>Pedestrian</name>
		<pose>Unspecified</pose>
		<truncated>0</truncated>
		<difficult>0</difficult>
		<occluded>0</occluded>
		<bndbox>
			<xmin>289</xmin>
			<xmax>361</xmax>
			<ymin>150</ymin>
			<ymax>361</ymax>
		</bndbox>
	</object>
	<object>
		<name>Footpath</name>
		<pose>Unspecified</pose>
		<truncated>0</truncated>
		<difficult>0</difficult>
		<occluded>0</occluded>
		<bndbox>
			<xmin>2</xmin>
			<xmax>464</xmax>
			<ymin>311</ymin>
			<ymax>640</ymax>
		</bndbox>
		<polygon>
			<x1>278.631681</x1>
			<y1>318.124661</y1>
			<x2>1.499978</x2>
			<y2>637.750001</y2>
			<x3>462.601151</x3>
			<y3>639.217858</y3>
			<x4>402.611111</x4>
			<y4>310.122345</y4>
			<x5>278.631681</x5>
			<y5>318.124661</y5>
		</polygon>
	</object>
	<object>
		<name>Obstacle</name>
		<pose>Unspecified</pose>
		<truncated>0</truncated>
		<difficult>0</difficult>
		<occluded>0</occluded>
		<bndbox>
			<xmin>59</xmin>
			<xmax>239</xmax>
			<ymin>436</ymin>
			<ymax>595</ymax>
		</bndbox>
		<polygon>
			<x1>237.749977</x1>
			<y1>586.500001</y1>
			<x2>208.643301</x2>
			<y2>435.158642</y2>
			<x3>57.668384</x3>
			<y3>444.161234</y3>
			<x4>75.665426</x4>
			<y4>594.20479</y4>
			<x5>237.749977</x5>
			<y5>586.500001</y5>
		</polygon>
	</object>
</annotation>
