<annotation>
	<folder></folder>
	<filename>fp-044_jpg.rf.86cc96e5d4c527ec436d3a79b6ccce30.jpg</filename>
	<path>fp-044_jpg.rf.86cc96e5d4c527ec436d3a79b6ccce30.jpg</path>
	<source>
		<database>roboflow.com</database>
	</source>
	<size>
		<width>640</width>
		<height>640</height>
		<depth>3</depth>
	</size>
	<segmented>0</segmented>
	<object>
		<name>Pedestrian</name>
		<pose>Unspecified</pose>
		<truncated>0</truncated>
		<difficult>0</difficult>
		<occluded>0</occluded>
		<bndbox>
			<xmin>10</xmin>
			<xmax>274</xmax>
			<ymin>139</ymin>
			<ymax>607</ymax>
		</bndbox>
	</object>
	<object>
		<name>Pedestrian</name>
		<pose>Unspecified</pose>
		<truncated>0</truncated>
		<difficult>0</difficult>
		<occluded>0</occluded>
		<bndbox>
			<xmin>436</xmin>
			<xmax>485</xmax>
			<ymin>170</ymin>
			<ymax>421</ymax>
		</bndbox>
	</object>
</annotation>
