<annotation>
	<folder></folder>
	<filename>fp-063_jpg.rf.e52cf49bbf3d3d6a8a7a9ae7b81ec5d3.jpg</filename>
	<path>fp-063_jpg.rf.e52cf49bbf3d3d6a8a7a9ae7b81ec5d3.jpg</path>
	<source>
		<database>roboflow.com</database>
	</source>
	<size>
		<width>640</width>
		<height>640</height>
		<depth>3</depth>
	</size>
	<segmented>0</segmented>
	<object>
		<name>Obstacle</name>
		<pose>Unspecified</pose>
		<truncated>0</truncated>
		<difficult>0</difficult>
		<occluded>0</occluded>
		<bndbox>
			<xmin>301</xmin>
			<xmax>506</xmax>
			<ymin>281</ymin>
			<ymax>513</ymax>
		</bndbox>
	</object>
	<object>
		<name>Vendor</name>
		<pose>Unspecified</pose>
		<truncated>0</truncated>
		<difficult>0</difficult>
		<occluded>0</occluded>
		<bndbox>
			<xmin>478</xmin>
			<xmax>621</xmax>
			<ymin>104</ymin>
			<ymax>586</ymax>
		</bndbox>
	</object>
	<object>
		<name>Pedestrian</name>
		<pose>Unspecified</pose>
		<truncated>0</truncated>
		<difficult>0</difficult>
		<occluded>0</occluded>
		<bndbox>
			<xmin>3</xmin>
			<xmax>216</xmax>
			<ymin>105</ymin>
			<ymax>441</ymax>
		</bndbox>
	</object>
</annotation>
