<annotation>
	<folder></folder>
	<filename>fp-040_jpg.rf.35c2bdc736dbdf27b24ee5adeaca604d.jpg</filename>
	<path>fp-040_jpg.rf.35c2bdc736dbdf27b24ee5adeaca604d.jpg</path>
	<source>
		<database>roboflow.com</database>
	</source>
	<size>
		<width>640</width>
		<height>640</height>
		<depth>3</depth>
	</size>
	<segmented>0</segmented>
	<object>
		<name>Pedestrian</name>
		<pose>Unspecified</pose>
		<truncated>0</truncated>
		<difficult>0</difficult>
		<occluded>0</occluded>
		<bndbox>
			<xmin>191</xmin>
			<xmax>356</xmax>
			<ymin>199</ymin>
			<ymax>384</ymax>
		</bndbox>
	</object>
</annotation>
