<annotation>
	<folder></folder>
	<filename>fp-080_jpg.rf.b6bdf9adb736a85b2f72bc31cfa0eef4.jpg</filename>
	<path>fp-080_jpg.rf.b6bdf9adb736a85b2f72bc31cfa0eef4.jpg</path>
	<source>
		<database>roboflow.com</database>
	</source>
	<size>
		<width>640</width>
		<height>640</height>
		<depth>3</depth>
	</size>
	<segmented>0</segmented>
	<object>
		<name>Vendor cart</name>
		<pose>Unspecified</pose>
		<truncated>0</truncated>
		<difficult>0</difficult>
		<occluded>0</occluded>
		<bndbox>
			<xmin>43</xmin>
			<xmax>453</xmax>
			<ymin>2</ymin>
			<ymax>551</ymax>
		</bndbox>
		<polygon>
			<x1>405.610644</x1>
			<y1>60.551175</y1>
			<x2>444.604109</x2>
			<y2>43.546316</y2>
			<x3>452.108421</x3>
			<y3>9.417711</y3>
			<x4>41.671055</x4>
			<y4>0.534031</y4>
			<x5>44.670587</x5>
			<y5>549.690754</y5>
			<x6>314.625766</x6>
			<y6>531.685586</y6>
			<x7>299.628256</x7>
			<y7>149.576554</y7>
			<x8>355.618944</x8>
			<y8>146.575705</y8>
			<x9>405.610644</x9>
			<y9>60.551175</y9>
		</polygon>
	</object>
	<object>
		<name>Pedestrian</name>
		<pose>Unspecified</pose>
		<truncated>0</truncated>
		<difficult>0</difficult>
		<occluded>0</occluded>
		<bndbox>
			<xmin>368</xmin>
			<xmax>557</xmax>
			<ymin>143</ymin>
			<ymax>587</ymax>
		</bndbox>
	</object>
</annotation>
