<annotation>
	<folder></folder>
	<filename>fp-031_jpg.rf.533be538438dd8a5a236355d5c03ff33.jpg</filename>
	<path>fp-031_jpg.rf.533be538438dd8a5a236355d5c03ff33.jpg</path>
	<source>
		<database>roboflow.com</database>
	</source>
	<size>
		<width>640</width>
		<height>640</height>
		<depth>3</depth>
	</size>
	<segmented>0</segmented>
	<object>
		<name>Vendor cart</name>
		<pose>Unspecified</pose>
		<truncated>0</truncated>
		<difficult>0</difficult>
		<occluded>0</occluded>
		<bndbox>
			<xmin>306</xmin>
			<xmax>638</xmax>
			<ymin>1</ymin>
			<ymax>396</ymax>
		</bndbox>
		<polygon>
			<x1>361.520848</x1>
			<y1>385.992917</y1>
			<x2>534.825389</x2>
			<y2>394.88459</y2>
			<x3>533.714564</x3>
			<y3>97.013293</y3>
			<x4>637.030607</x4>
			<y4>81.452855</y4>
			<x5>633.697964</x5>
			<y5>12.54232</y5>
			<x6>384.999975</x6>
			<y6>0.277779</y6>
			<x7>304.863605</x7>
			<y7>98.124756</y7>
			<x8>311.529148</x8>
			<y8>130.357095</y8>
			<x9>350.411581</x9>
			<y9>143.694604</y9>
			<x10>361.520848</x10>
			<y10>385.992917</y10>
		</polygon>
	</object>
	<object>
		<name>Pedestrian</name>
		<pose>Unspecified</pose>
		<truncated>0</truncated>
		<difficult>0</difficult>
		<occluded>0</occluded>
		<bndbox>
			<xmin>208</xmin>
			<xmax>353</xmax>
			<ymin>168</ymin>
			<ymax>410</ymax>
		</bndbox>
	</object>
</annotation>
