<annotation>
	<folder></folder>
	<filename>fp-093_jpg.rf.265a6a2b83ef7fe84f566e7f37818a17.jpg</filename>
	<path>fp-093_jpg.rf.265a6a2b83ef7fe84f566e7f37818a17.jpg</path>
	<source>
		<database>roboflow.com</database>
	</source>
	<size>
		<width>640</width>
		<height>640</height>
		<depth>3</depth>
	</size>
	<segmented>0</segmented>
	<object>
		<name>Obstacle</name>
		<pose>Unspecified</pose>
		<truncated>0</truncated>
		<difficult>0</difficult>
		<occluded>0</occluded>
		<bndbox>
			<xmin>1</xmin>
			<xmax>280</xmax>
			<ymin>87</ymin>
			<ymax>524</ymax>
		</bndbox>
		<polygon>
			<x1>136.655285</x1>
			<y1>481.671316</y1>
			<x2>136.655285</x2>
			<y2>355.63537</y2>
			<x3>136.655285</x3>
			<y3>187.587429</y3>
			<x4>269.633236</x4>
			<y4>182.586003</y4>
			<x5>278.631681</x5>
			<y5>149.576554</y5>
			<x6>200.644675</x6>
			<y6>97.561762</y6>
			<x7>132.655934</x7>
			<y7>85.558291</y7>
			<x8>77.665064</x8>
			<y8>91.560008</y8>
			<x9>6.499977</x9>
			<y9>120.250001</y9>
			<x10>0</x10>
			<y10>522.683003</y10>
			<x11>84.663947</x11>
			<y11>521.682731</y11>
			<x12>136.655285</x12>
			<y12>481.671316</y12>
		</polygon>
	</object>
</annotation>
