<annotation>
	<folder></folder>
	<filename>fp-003_jpg.rf.442b16d8e497de5cb3adfd296ce9b20c.jpg</filename>
	<path>fp-003_jpg.rf.442b16d8e497de5cb3adfd296ce9b20c.jpg</path>
	<source>
		<database>roboflow.com</database>
	</source>
	<size>
		<width>640</width>
		<height>640</height>
		<depth>3</depth>
	</size>
	<segmented>0</segmented>
	<object>
		<name>Obstacle</name>
		<pose>Unspecified</pose>
		<truncated>0</truncated>
		<difficult>0</difficult>
		<occluded>0</occluded>
		<bndbox>
			<xmin>358</xmin>
			<xmax>433</xmax>
			<ymin>239</ymin>
			<ymax>336</ymax>
		</bndbox>
	</object>
	<object>
		<name>Footpath</name>
		<pose>Unspecified</pose>
		<truncated>0</truncated>
		<difficult>0</difficult>
		<occluded>0</occluded>
		<bndbox>
			<xmin>1</xmin>
			<xmax>641</xmax>
			<ymin>259</ymin>
			<ymax>641</ymax>
		</bndbox>
		<polygon>
			<x1>640</x1>
			<y1>592.166156</y1>
			<x2>379.295658</x2>
			<y2>260.954223</y2>
			<x3>280.423168</x3>
			<y3>257.619883</y3>
			<x4>0</x4>
			<y4>548.81961</y4>
			<x5>1.666641</x5>
			<y5>633.611112</y5>
			<x6>640</x6>
			<y6>640</y6>
			<x7>640</x7>
			<y7>592.166156</y7>
		</polygon>
	</object>
</annotation>
