<annotation>
	<folder></folder>
	<filename>fp-079_jpg.rf.0311eefb989eac7209c16ac9736999ba.jpg</filename>
	<path>fp-079_jpg.rf.0311eefb989eac7209c16ac9736999ba.jpg</path>
	<source>
		<database>roboflow.com</database>
	</source>
	<size>
		<width>640</width>
		<height>640</height>
		<depth>3</depth>
	</size>
	<segmented>0</segmented>
	<object>
		<name>Vendor cart</name>
		<pose>Unspecified</pose>
		<truncated>0</truncated>
		<difficult>0</difficult>
		<occluded>0</occluded>
		<bndbox>
			<xmin>196</xmin>
			<xmax>635</xmax>
			<ymin>1</ymin>
			<ymax>463</ymax>
		</bndbox>
		<polygon>
			<x1>298.628361</x1>
			<y1>461.665608</y1>
			<x2>633.572824</x2>
			<y2>458.664798</y2>
			<x3>632.572929</x3>
			<y3>0</y3>
			<x4>260.249977</x4>
			<y4>46.500001</y4>
			<x5>204.644026</x5>
			<y5>57.550346</y5>
			<x6>194.645686</x6>
			<y6>99.562303</y6>
			<x7>280.631395</x7>
			<y7>120.56828</y7>
			<x8>298.628361</x8>
			<y8>461.665608</y8>
		</polygon>
	</object>
	<object>
		<name>Pedestrian</name>
		<pose>Unspecified</pose>
		<truncated>0</truncated>
		<difficult>0</difficult>
		<occluded>0</occluded>
		<bndbox>
			<xmin>159</xmin>
			<xmax>254</xmax>
			<ymin>153</ymin>
			<ymax>376</ymax>
		</bndbox>
	</object>
</annotation>
