<annotation>
	<folder></folder>
	<filename>fp-023_jpg.rf.b73bb96139318b46e4d45dc5d9f5b2b5.jpg</filename>
	<path>fp-023_jpg.rf.b73bb96139318b46e4d45dc5d9f5b2b5.jpg</path>
	<source>
		<database>roboflow.com</database>
	</source>
	<size>
		<width>640</width>
		<height>640</height>
		<depth>3</depth>
	</size>
	<segmented>0</segmented>
	<object>
		<name>pole</name>
		<pose>Unspecified</pose>
		<truncated>0</truncated>
		<difficult>0</difficult>
		<occluded>0</occluded>
		<bndbox>
			<xmin>203</xmin>
			<xmax>249</xmax>
			<ymin>1</ymin>
			<ymax>257</ymax>
		</bndbox>
		<polygon>
			<x1>201.666641</x1>
			<y1>0</y1>
			<x2>203.769296</x2>
			<y2>221.496831</y2>
			<x3>203.769296</x3>
			<y3>255.952078</y3>
			<x4>248.206363</x4>
			<y4>255.952078</y4>
			<x5>233.764283</x5>
			<y5>0</y5>
			<x6>201.666641</x6>
			<y6>0</y6>
		</polygon>
	</object>
	<object>
		<name>Pedestrian</name>
		<pose>Unspecified</pose>
		<truncated>0</truncated>
		<difficult>0</difficult>
		<occluded>0</occluded>
		<bndbox>
			<xmin>146</xmin>
			<xmax>210</xmax>
			<ymin>101</ymin>
			<ymax>277</ymax>
		</bndbox>
	</object>
</annotation>
