<annotation>
	<folder></folder>
	<filename>fp-012_jpg.rf.50543bdb5b8a41e34eec9fb318b25735.jpg</filename>
	<path>fp-012_jpg.rf.50543bdb5b8a41e34eec9fb318b25735.jpg</path>
	<source>
		<database>roboflow.com</database>
	</source>
	<size>
		<width>640</width>
		<height>640</height>
		<depth>3</depth>
	</size>
	<segmented>0</segmented>
	<object>
		<name>stairs</name>
		<pose>Unspecified</pose>
		<truncated>0</truncated>
		<difficult>0</difficult>
		<occluded>0</occluded>
		<bndbox>
			<xmin>209</xmin>
			<xmax>462</xmax>
			<ymin>301</ymin>
			<ymax>528</ymax>
		</bndbox>
	</object>
	<object>
		<name>Pedestrian</name>
		<pose>Unspecified</pose>
		<truncated>0</truncated>
		<difficult>0</difficult>
		<occluded>0</occluded>
		<bndbox>
			<xmin>332</xmin>
			<xmax>366</xmax>
			<ymin>43</ymin>
			<ymax>165</ymax>
		</bndbox>
	</object>
</annotation>
