<annotation>
	<folder></folder>
	<filename>fp-020_jpg.rf.579995237b4bf7ccb88871aeed2b0b95.jpg</filename>
	<path>fp-020_jpg.rf.579995237b4bf7ccb88871aeed2b0b95.jpg</path>
	<source>
		<database>roboflow.com</database>
	</source>
	<size>
		<width>640</width>
		<height>640</height>
		<depth>3</depth>
	</size>
	<segmented>0</segmented>
	<object>
		<name>Pedestrian</name>
		<pose>Unspecified</pose>
		<truncated>0</truncated>
		<difficult>0</difficult>
		<occluded>0</occluded>
		<bndbox>
			<xmin>253</xmin>
			<xmax>256</xmax>
			<ymin>26</ymin>
			<ymax>29</ymax>
		</bndbox>
	</object>
	<object>
		<name>Pedestrian</name>
		<pose>Unspecified</pose>
		<truncated>0</truncated>
		<difficult>0</difficult>
		<occluded>0</occluded>
		<bndbox>
			<xmin>247</xmin>
			<xmax>370</xmax>
			<ymin>17</ymin>
			<ymax>183</ymax>
		</bndbox>
	</object>
</annotation>
