<annotation>
	<folder></folder>
	<filename>fp-085_jpg.rf.b1f8354f8ff46dc87ad2ec6e3f7ab33b.jpg</filename>
	<path>fp-085_jpg.rf.b1f8354f8ff46dc87ad2ec6e3f7ab33b.jpg</path>
	<source>
		<database>roboflow.com</database>
	</source>
	<size>
		<width>640</width>
		<height>640</height>
		<depth>3</depth>
	</size>
	<segmented>0</segmented>
	<object>
		<name>Obstacle</name>
		<pose>Unspecified</pose>
		<truncated>0</truncated>
		<difficult>0</difficult>
		<occluded>0</occluded>
		<bndbox>
			<xmin>249</xmin>
			<xmax>353</xmax>
			<ymin>1</ymin>
			<ymax>351</ymax>
		</bndbox>
		<polygon>
			<x1>351.619593</x1>
			<y1>258.607678</y1>
			<x2>340.621434</x2>
			<y2>0</y2>
			<x3>247.636843</x3>
			<y3>0.534031</y3>
			<x4>261.634534</x4>
			<y4>267.610261</y4>
			<x5>293.629191</x5>
			<y5>345.632516</y5>
			<x6>337.621901</x6>
			<y6>349.633635</y6>
			<x7>351.619593</x7>
			<y7>258.607678</y7>
		</polygon>
	</object>
	<object>
		<name>Obstacle</name>
		<pose>Unspecified</pose>
		<truncated>0</truncated>
		<difficult>0</difficult>
		<occluded>0</occluded>
		<bndbox>
			<xmin>7</xmin>
			<xmax>127</xmax>
			<ymin>307</ymin>
			<ymax>393</ymax>
		</bndbox>
		<polygon>
			<x1>125.657126</x1>
			<y1>359.636489</y1>
			<x2>125.657126</x2>
			<y2>305.6211</y2>
			<x3>36.671885</x3>
			<y3>307.621677</y3>
			<x4>18.674843</x4>
			<y4>311.622796</y4>
			<x5>6.676866</x5>
			<y5>318.624802</y5>
			<x6>5.677047</x6>
			<y6>388.644856</y6>
			<x7>107.660084</x7>
			<y7>391.645629</y7>
			<x8>125.657126</x8>
			<y8>359.636489</y8>
		</polygon>
	</object>
	<object>
		<name>Obstacle</name>
		<pose>Unspecified</pose>
		<truncated>0</truncated>
		<difficult>0</difficult>
		<occluded>0</occluded>
		<bndbox>
			<xmin>9</xmin>
			<xmax>142</xmax>
			<ymin>357</ymin>
			<ymax>480</ymax>
		</bndbox>
		<polygon>
			<x1>129.656477</x1>
			<y1>357.635949</y1>
			<x2>45.670406</x2>
			<y2>355.63537</y2>
			<x3>7.676685</x3>
			<y3>390.645359</y3>
			<x4>16.675205</x4>
			<y4>384.643624</y4>
			<x5>15.675387</x5>
			<y5>385.643933</y5>
			<x6>22.674194</x6>
			<y6>478.670505</y6>
			<x7>115.658786</x7>
			<y7>477.670159</y7>
			<x8>140.654636</x8>
			<y8>435.658203</y8>
			<x9>129.656477</x9>
			<y9>357.635949</y9>
		</polygon>
	</object>
	<object>
		<name>Obstacle</name>
		<pose>Unspecified</pose>
		<truncated>0</truncated>
		<difficult>0</difficult>
		<occluded>0</occluded>
		<bndbox>
			<xmin>288</xmin>
			<xmax>380</xmax>
			<ymin>302</ymin>
			<ymax>404</ymax>
		</bndbox>
		<polygon>
			<x1>342.620995</x1>
			<y1>304.62083</y1>
			<x2>286.630308</x2>
			<y2>300.619672</y2>
			<x3>291.750083</x3>
			<y3>343.499153</y3>
			<x4>305.627169</x4>
			<y4>402.648791</y4>
			<x5>374.615729</x5>
			<y5>396.647056</y5>
			<x6>378.61508</x6>
			<y6>349.633672</y6>
			<x7>342.620995</x7>
			<y7>304.62083</y7>
		</polygon>
	</object>
</annotation>
