<annotation>
	<folder></folder>
	<filename>fp-095_jpg.rf.b5ba5ada89065ea5c873896608580ab9.jpg</filename>
	<path>fp-095_jpg.rf.b5ba5ada89065ea5c873896608580ab9.jpg</path>
	<source>
		<database>roboflow.com</database>
	</source>
	<size>
		<width>640</width>
		<height>640</height>
		<depth>3</depth>
	</size>
	<segmented>0</segmented>
	<object>
		<name>Obstacle</name>
		<pose>Unspecified</pose>
		<truncated>0</truncated>
		<difficult>0</difficult>
		<occluded>0</occluded>
		<bndbox>
			<xmin>259</xmin>
			<xmax>370</xmax>
			<ymin>218</ymin>
			<ymax>444</ymax>
		</bndbox>
	</object>
</annotation>
