<annotation>
	<folder></folder>
	<filename>fp-096_jpg.rf.7ff01c7b1f250d27b36a8f453da60e60.jpg</filename>
	<path>fp-096_jpg.rf.7ff01c7b1f250d27b36a8f453da60e60.jpg</path>
	<source>
		<database>roboflow.com</database>
	</source>
	<size>
		<width>640</width>
		<height>640</height>
		<depth>3</depth>
	</size>
	<segmented>0</segmented>
	<object>
		<name>Obstacle</name>
		<pose>Unspecified</pose>
		<truncated>0</truncated>
		<difficult>0</difficult>
		<occluded>0</occluded>
		<bndbox>
			<xmin>258</xmin>
			<xmax>311</xmax>
			<ymin>76</ymin>
			<ymax>183</ymax>
		</bndbox>
	</object>
	<object>
		<name>signboard</name>
		<pose>Unspecified</pose>
		<truncated>0</truncated>
		<difficult>0</difficult>
		<occluded>0</occluded>
		<bndbox>
			<xmin>485</xmin>
			<xmax>575</xmax>
			<ymin>1</ymin>
			<ymax>288</ymax>
		</bndbox>
		<polygon>
			<x1>483.597725</x1>
			<y1>281.614235</y1>
			<x2>504.594148</x2>
			<y2>286.615661</y2>
			<x3>534.589168</x3>
			<y3>34.543751</y3>
			<x4>560.584912</x4>
			<y4>23.540608</y4>
			<x5>573.582785</x5>
			<y5>0</y5>
			<x6>498.595235</x6>
			<y6>1.534321</y6>
			<x7>498.595235</x7>
			<y7>20.53974</y7>
			<x8>518.591915</x8>
			<y8>29.542324</y8>
			<x9>515.592382</x9>
			<y9>34.543751</y9>
			<x10>483.597725</x10>
			<y10>281.614235</y10>
		</polygon>
	</object>
	<object>
		<name>pothole</name>
		<pose>Unspecified</pose>
		<truncated>0</truncated>
		<difficult>0</difficult>
		<occluded>0</occluded>
		<bndbox>
			<xmin>69</xmin>
			<xmax>315</xmax>
			<ymin>228</ymin>
			<ymax>367</ymax>
		</bndbox>
	</object>
</annotation>
