<annotation>
	<folder></folder>
	<filename>fp-048_jpg.rf.56702072b7443956f735b39ae94766d0.jpg</filename>
	<path>fp-048_jpg.rf.56702072b7443956f735b39ae94766d0.jpg</path>
	<source>
		<database>roboflow.com</database>
	</source>
	<size>
		<width>640</width>
		<height>640</height>
		<depth>3</depth>
	</size>
	<segmented>0</segmented>
	<object>
		<name>Pedestrian</name>
		<pose>Unspecified</pose>
		<truncated>0</truncated>
		<difficult>0</difficult>
		<occluded>0</occluded>
		<bndbox>
			<xmin>1</xmin>
			<xmax>201</xmax>
			<ymin>104</ymin>
			<ymax>457</ymax>
		</bndbox>
	</object>
	<object>
		<name>Pedestrian</name>
		<pose>Unspecified</pose>
		<truncated>0</truncated>
		<difficult>0</difficult>
		<occluded>0</occluded>
		<bndbox>
			<xmin>203</xmin>
			<xmax>277</xmax>
			<ymin>124</ymin>
			<ymax>403</ymax>
		</bndbox>
	</object>
	<object>
		<name>Vendor cart</name>
		<pose>Unspecified</pose>
		<truncated>0</truncated>
		<difficult>0</difficult>
		<occluded>0</occluded>
		<bndbox>
			<xmin>270</xmin>
			<xmax>468</xmax>
			<ymin>204</ymin>
			<ymax>397</ymax>
		</bndbox>
		<polygon>
			<x1>303.752695</x1>
			<y1>330.419913</y1>
			<x2>414.845361</x2>
			<y2>319.305311</y2>
			<x3>432.62017</x3>
			<y3>395.996076</y3>
			<x4>467.058965</x4>
			<y4>390.438775</y4>
			<x5>445.951256</x5>
			<y5>254.840635</y5>
			<x6>423.732724</x6>
			<y6>202.602001</y6>
			<x7>330.414867</x7>
			<y7>210.38223</y7>
			<x8>287.088795</x8>
			<y8>207.047859</y8>
			<x9>269.313901</x9>
			<y9>394.88459</y9>
			<x10>298.198062</x10>
			<y10>393.773147</y10>
			<x11>303.752695</x11>
			<y11>330.419913</y11>
		</polygon>
	</object>
	<object>
		<name>Vendor</name>
		<pose>Unspecified</pose>
		<truncated>0</truncated>
		<difficult>0</difficult>
		<occluded>0</occluded>
		<bndbox>
			<xmin>435</xmin>
			<xmax>513</xmax>
			<ymin>111</ymin>
			<ymax>407</ymax>
		</bndbox>
	</object>
	<object>
		<name>Footpath</name>
		<pose>Unspecified</pose>
		<truncated>0</truncated>
		<difficult>0</difficult>
		<occluded>0</occluded>
		<bndbox>
			<xmin>1</xmin>
			<xmax>638</xmax>
			<ymin>193</ymin>
			<ymax>641</ymax>
		</bndbox>
		<polygon>
			<x1>260.702614</x1>
			<y1>194.267254</y1>
			<x2>0</x2>
			<y2>640</y2>
			<x3>637.31751</x3>
			<y3>633.289839</y3>
			<x4>371.798448</x4>
			<y4>192.044346</y4>
			<x5>260.702614</x5>
			<y5>194.267254</y5>
		</polygon>
	</object>
</annotation>
