<annotation>
	<folder></folder>
	<filename>fp-005_jpg.rf.b7b35d8ed97a2b02211784f1a94b137c.jpg</filename>
	<path>fp-005_jpg.rf.b7b35d8ed97a2b02211784f1a94b137c.jpg</path>
	<source>
		<database>roboflow.com</database>
	</source>
	<size>
		<width>640</width>
		<height>640</height>
		<depth>3</depth>
	</size>
	<segmented>0</segmented>
	<object>
		<name>Pedestrian</name>
		<pose>Unspecified</pose>
		<truncated>0</truncated>
		<difficult>0</difficult>
		<occluded>0</occluded>
		<bndbox>
			<xmin>339</xmin>
			<xmax>622</xmax>
			<ymin>104</ymin>
			<ymax>457</ymax>
		</bndbox>
	</object>
	<object>
		<name>Footpath</name>
		<pose>Unspecified</pose>
		<truncated>0</truncated>
		<difficult>0</difficult>
		<occluded>0</occluded>
		<bndbox>
			<xmin>9</xmin>
			<xmax>641</xmax>
			<ymin>196</ymin>
			<ymax>641</ymax>
		</bndbox>
		<polygon>
			<x1>328.193048</x1>
			<y1>197.601594</y1>
			<x2>8.246136</x2>
			<y2>515.476126</y2>
			<x3>12.777752</x3>
			<y3>628.055556</y3>
			<x4>640</x4>
			<y4>640</y4>
			<x5>444.840346</x5>
			<y5>195.378686</y5>
			<x6>328.193048</x6>
			<y6>197.601594</y6>
		</polygon>
	</object>
</annotation>
