<annotation>
	<folder></folder>
	<filename>fp-011_jpg.rf.92258aeabebd3134e397f771a8be5c98.jpg</filename>
	<path>fp-011_jpg.rf.92258aeabebd3134e397f771a8be5c98.jpg</path>
	<source>
		<database>roboflow.com</database>
	</source>
	<size>
		<width>640</width>
		<height>640</height>
		<depth>3</depth>
	</size>
	<segmented>0</segmented>
	<object>
		<name>stairs</name>
		<pose>Unspecified</pose>
		<truncated>0</truncated>
		<difficult>0</difficult>
		<occluded>0</occluded>
		<bndbox>
			<xmin>203</xmin>
			<xmax>538</xmax>
			<ymin>360</ymin>
			<ymax>603</ymax>
		</bndbox>
	</object>
	<object>
		<name>Pedestrian</name>
		<pose>Unspecified</pose>
		<truncated>0</truncated>
		<difficult>0</difficult>
		<occluded>0</occluded>
		<bndbox>
			<xmin>79</xmin>
			<xmax>221</xmax>
			<ymin>226</ymin>
			<ymax>524</ymax>
		</bndbox>
	</object>
</annotation>
