<annotation>
	<folder></folder>
	<filename>fp-084_jpg.rf.e2dad691ae4b76b8a5bab64fb1dbddae.jpg</filename>
	<path>fp-084_jpg.rf.e2dad691ae4b76b8a5bab64fb1dbddae.jpg</path>
	<source>
		<database>roboflow.com</database>
	</source>
	<size>
		<width>640</width>
		<height>640</height>
		<depth>3</depth>
	</size>
	<segmented>0</segmented>
	<object>
		<name>Obstacle</name>
		<pose>Unspecified</pose>
		<truncated>0</truncated>
		<difficult>0</difficult>
		<occluded>0</occluded>
		<bndbox>
			<xmin>149</xmin>
			<xmax>350</xmax>
			<ymin>5</ymin>
			<ymax>469</ymax>
		</bndbox>
		<polygon>
			<x1>209.643196</x1>
			<y1>223.597689</y1>
			<x2>220.641355</x2>
			<y2>467.667305</y2>
			<x3>260.634715</x3>
			<y3>464.666494</y3>
			<x4>300.628075</x4>
			<y4>370.639651</y4>
			<x5>325.623924</x5>
			<y5>359.636489</y5>
			<x6>341.621253</x6>
			<y6>184.586542</y6>
			<x7>348.999977</x7>
			<y7>10.250001</y7>
			<x8>147.653444</x8>
			<y8>3.5349</y8>
			<x9>166.650304</x9>
			<y9>219.596531</y9>
			<x10>209.643196</x10>
			<y10>223.597689</y10>
		</polygon>
	</object>
	<object>
		<name>Obstacle</name>
		<pose>Unspecified</pose>
		<truncated>0</truncated>
		<difficult>0</difficult>
		<occluded>0</occluded>
		<bndbox>
			<xmin>151</xmin>
			<xmax>299</xmax>
			<ymin>345</ymin>
			<ymax>536</ymax>
		</bndbox>
		<polygon>
			<x1>286.630384</x1>
			<y1>473.669079</y1>
			<x2>297.628542</x2>
			<y2>406.64991</y2>
			<x3>295.628905</x3>
			<y3>350.633942</y3>
			<x4>211.642834</x4>
			<y4>343.631937</y4>
			<x5>209.643196</x5>
			<y5>344.632207</y5>
			<x6>149.653157</x6>
			<y6>480.671045</y6>
			<x7>156.651965</x7>
			<y7>534.686472</y7>
			<x8>276.632044</x8>
			<y8>534.686472</y8>
			<x9>286.630384</x9>
			<y9>473.669079</y9>
		</polygon>
	</object>
	<object>
		<name>Footpath</name>
		<pose>Unspecified</pose>
		<truncated>0</truncated>
		<difficult>0</difficult>
		<occluded>0</occluded>
		<bndbox>
			<xmin>120</xmin>
			<xmax>641</xmax>
			<ymin>289</ymin>
			<ymax>641</ymax>
		</bndbox>
		<polygon>
			<x1>219.641536</x1>
			<y1>288.11595</y1>
			<x2>118.658243</x2>
			<y2>633.21613</y2>
			<x3>640</x3>
			<y3>640</y3>
			<x4>446.603899</x4>
			<y4>289.116225</y4>
			<x5>219.641536</x5>
			<y5>288.11595</y5>
		</polygon>
	</object>
</annotation>
