<annotation>
	<folder></folder>
	<filename>fp-022_jpg.rf.84c56fa0072ad27eca85e95b46959059.jpg</filename>
	<path>fp-022_jpg.rf.84c56fa0072ad27eca85e95b46959059.jpg</path>
	<source>
		<database>roboflow.com</database>
	</source>
	<size>
		<width>640</width>
		<height>640</height>
		<depth>3</depth>
	</size>
	<segmented>0</segmented>
	<object>
		<name>Pedestrian</name>
		<pose>Unspecified</pose>
		<truncated>0</truncated>
		<difficult>0</difficult>
		<occluded>0</occluded>
		<bndbox>
			<xmin>301</xmin>
			<xmax>348</xmax>
			<ymin>117</ymin>
			<ymax>235</ymax>
		</bndbox>
	</object>
	<object>
		<name>Footpath</name>
		<pose>Unspecified</pose>
		<truncated>0</truncated>
		<difficult>0</difficult>
		<occluded>0</occluded>
		<bndbox>
			<xmin>6</xmin>
			<xmax>638</xmax>
			<ymin>313</ymin>
			<ymax>633</ymax>
		</bndbox>
		<polygon>
			<x1>17.675024</x1>
			<y1>314.123484</y1>
			<x2>5.249977</x2>
			<y2>629.000001</y2>
			<x3>636.572356</x3>
			<y3>632.215855</y3>
			<x4>449.603279</x4>
			<y4>312.122896</y4>
			<x5>17.675024</x5>
			<y5>314.123484</y5>
		</polygon>
	</object>
</annotation>
