<annotation>
	<folder></folder>
	<filename>fp-015_jpg.rf.227eeba43faba8754d6d0bca7d90e67b.jpg</filename>
	<path>fp-015_jpg.rf.227eeba43faba8754d6d0bca7d90e67b.jpg</path>
	<source>
		<database>roboflow.com</database>
	</source>
	<size>
		<width>640</width>
		<height>640</height>
		<depth>3</depth>
	</size>
	<segmented>0</segmented>
	<object>
		<name>signboard</name>
		<pose>Unspecified</pose>
		<truncated>0</truncated>
		<difficult>0</difficult>
		<occluded>0</occluded>
		<bndbox>
			<xmin>179</xmin>
			<xmax>289</xmax>
			<ymin>1</ymin>
			<ymax>381</ymax>
		</bndbox>
		<polygon>
			<x1>270.424895</x1>
			<y1>374.878316</y1>
			<x2>248.206363</x2>
			<y2>140.360274</y2>
			<x3>288.199705</x3>
			<y3>138.137303</y3>
			<x4>275.979529</x4>
			<y4>0.316255</y4>
			<x5>178.05553</x5>
			<y5>12.777779</y5>
			<x6>189.327216</x6>
			<y6>141.471696</y6>
			<x7>229.320559</x7>
			<y7>141.471696</y7>
			<x8>243.762639</x8>
			<y8>380.435618</y8>
			<x9>270.424895</x9>
			<y9>374.878316</y9>
		</polygon>
	</object>
	<object>
		<name>Pedestrian</name>
		<pose>Unspecified</pose>
		<truncated>0</truncated>
		<difficult>0</difficult>
		<occluded>0</occluded>
		<bndbox>
			<xmin>78</xmin>
			<xmax>258</xmax>
			<ymin>141</ymin>
			<ymax>471</ymax>
		</bndbox>
		<polygon>
			<x1>81.567364</x1>
			<y1>167.03527</y1>
			<x2>77.12364</x2>
			<y2>174.815499</y2>
			<x3>127.11534</x3>
			<y3>470.463869</y3>
			<x4>257.093725</x4>
			<y4>421.55965</y4>
			<x5>184.883492</x5>
			<y5>140.360274</y5>
			<x6>81.567364</x6>
			<y6>167.03527</y6>
		</polygon>
	</object>
	<object>
		<name>Pedestrian</name>
		<pose>Unspecified</pose>
		<truncated>0</truncated>
		<difficult>0</difficult>
		<occluded>0</occluded>
		<bndbox>
			<xmin>347</xmin>
			<xmax>426</xmax>
			<ymin>196</ymin>
			<ymax>338</ymax>
		</bndbox>
	</object>
	<object>
		<name>Pedestrian</name>
		<pose>Unspecified</pose>
		<truncated>0</truncated>
		<difficult>0</difficult>
		<occluded>0</occluded>
		<bndbox>
			<xmin>442</xmin>
			<xmax>515</xmax>
			<ymin>160</ymin>
			<ymax>425</ymax>
		</bndbox>
	</object>
</annotation>
