<annotation>
	<folder></folder>
	<filename>fp-004_jpg.rf.34d9f6898752f660fcaff2da47a7ea58.jpg</filename>
	<path>fp-004_jpg.rf.34d9f6898752f660fcaff2da47a7ea58.jpg</path>
	<source>
		<database>roboflow.com</database>
	</source>
	<size>
		<width>640</width>
		<height>640</height>
		<depth>3</depth>
	</size>
	<segmented>0</segmented>
	<object>
		<name>Pedestrian</name>
		<pose>Unspecified</pose>
		<truncated>0</truncated>
		<difficult>0</difficult>
		<occluded>0</occluded>
		<bndbox>
			<xmin>280</xmin>
			<xmax>325</xmax>
			<ymin>246</ymin>
			<ymax>348</ymax>
		</bndbox>
	</object>
	<object>
		<name>Footpath</name>
		<pose>Unspecified</pose>
		<truncated>0</truncated>
		<difficult>0</difficult>
		<occluded>0</occluded>
		<bndbox>
			<xmin>1</xmin>
			<xmax>641</xmax>
			<ymin>270</ymin>
			<ymax>641</ymax>
		</bndbox>
		<polygon>
			<x1>402.6251</x1>
			<y1>269.84581</y1>
			<x2>312.640058</x2>
			<y2>268.734377</y2>
			<x3>7.222196</x3>
			<y3>568.333335</y3>
			<x4>0</x4>
			<y4>629.955456</y4>
			<x5>640</x5>
			<y5>639.958517</y5>
			<x6>402.6251</x6>
			<y6>269.84581</y6>
		</polygon>
	</object>
</annotation>
