<annotation>
	<folder></folder>
	<filename>fp-056_jpg.rf.e8dba42d6812334c246c829e5a23f14b.jpg</filename>
	<path>fp-056_jpg.rf.e8dba42d6812334c246c829e5a23f14b.jpg</path>
	<source>
		<database>roboflow.com</database>
	</source>
	<size>
		<width>640</width>
		<height>640</height>
		<depth>3</depth>
	</size>
	<segmented>0</segmented>
	<object>
		<name>Vendor cart</name>
		<pose>Unspecified</pose>
		<truncated>0</truncated>
		<difficult>0</difficult>
		<occluded>0</occluded>
		<bndbox>
			<xmin>257</xmin>
			<xmax>631</xmax>
			<ymin>81</ymin>
			<ymax>420</ymax>
		</bndbox>
		<polygon>
			<x1>408.6101</x1>
			<y1>268.610533</y1>
			<x2>298.628361</x2>
			<y2>281.614235</y2>
			<x3>304.627426</x3>
			<y3>418.653419</y3>
			<x4>424.607505</x4>
			<y4>411.651338</y4>
			<x5>431.606313</x5>
			<y5>187.587429</y5>
			<x6>596.578998</x6>
			<y6>205.592559</y6>
			<x7>629.573396</x7>
			<y7>132.571732</y7>
			<x8>488.596895</x8>
			<y8>79.556594</y8>
			<x9>344.620785</x9>
			<y9>92.560335</y9>
			<x10>255.635545</x10>
			<y10>160.579716</y10>
			<x11>268.633341</x11>
			<y11>198.590554</y11>
			<x12>413.60927</x12>
			<y12>187.587429</y12>
			<x13>408.6101</x13>
			<y13>268.610533</y13>
		</polygon>
	</object>
	<object>
		<name>Vendor</name>
		<pose>Unspecified</pose>
		<truncated>0</truncated>
		<difficult>0</difficult>
		<occluded>0</occluded>
		<bndbox>
			<xmin>408</xmin>
			<xmax>533</xmax>
			<ymin>211</ymin>
			<ymax>403</ymax>
		</bndbox>
		<polygon>
			<x1>446.603899</x1>
			<y1>401.648484</y1>
			<x2>467.60032</x2>
			<y2>344.632207</y2>
			<x3>525.590722</x3>
			<y3>332.628812</y3>
			<x4>531.589788</x4>
			<y4>257.607408</y4>
			<x5>501.594768</x5>
			<y5>240.602549</y5>
			<x6>498.595235</x6>
			<y6>209.593677</y6>
			<x7>450.603174</x7>
			<y7>213.594835</y7>
			<x8>466.600579</x8>
			<y8>251.605672</y8>
			<x9>411.609633</x9>
			<y9>319.625072</y9>
			<x10>406.610462</x10>
			<y10>345.632516</y10>
			<x11>446.603899</x11>
			<y11>401.648484</y11>
		</polygon>
	</object>
</annotation>
