<annotation>
	<folder></folder>
	<filename>fp-049_jpg.rf.4bb059430e9e0f533cd69bd2aa8bf1af.jpg</filename>
	<path>fp-049_jpg.rf.4bb059430e9e0f533cd69bd2aa8bf1af.jpg</path>
	<source>
		<database>roboflow.com</database>
	</source>
	<size>
		<width>640</width>
		<height>640</height>
		<depth>3</depth>
	</size>
	<segmented>0</segmented>
	<object>
		<name>Pedestrian</name>
		<pose>Unspecified</pose>
		<truncated>0</truncated>
		<difficult>0</difficult>
		<occluded>0</occluded>
		<bndbox>
			<xmin>36</xmin>
			<xmax>156</xmax>
			<ymin>118</ymin>
			<ymax>551</ymax>
		</bndbox>
	</object>
	<object>
		<name>Pedestrian</name>
		<pose>Unspecified</pose>
		<truncated>0</truncated>
		<difficult>0</difficult>
		<occluded>0</occluded>
		<bndbox>
			<xmin>207</xmin>
			<xmax>261</xmax>
			<ymin>117</ymin>
			<ymax>293</ymax>
		</bndbox>
	</object>
	<object>
		<name>Pedestrian</name>
		<pose>Unspecified</pose>
		<truncated>0</truncated>
		<difficult>0</difficult>
		<occluded>0</occluded>
		<bndbox>
			<xmin>297</xmin>
			<xmax>370</xmax>
			<ymin>124</ymin>
			<ymax>439</ymax>
		</bndbox>
	</object>
	<object>
		<name>Obstacle</name>
		<pose>Unspecified</pose>
		<truncated>0</truncated>
		<difficult>0</difficult>
		<occluded>0</occluded>
		<bndbox>
			<xmin>357</xmin>
			<xmax>477</xmax>
			<ymin>296</ymin>
			<ymax>448</ymax>
		</bndbox>
		<polygon>
			<x1>468.16979</x1>
			<y1>447.123308</y1>
			<x2>475.946243</x2>
			<y2>404.887747</y2>
			<x3>470.391609</x3>
			<y3>350.426186</y3>
			<x4>460.393337</x4>
			<y4>308.190711</y4>
			<x5>379.444419</x5>
			<y5>294.722224</y5>
			<x6>355.966214</x6>
			<y6>362.652273</y6>
			<x7>358.188034</x7>
			<y7>444.900295</y7>
			<x8>468.16979</x8>
			<y8>447.123308</y8>
		</polygon>
	</object>
	<object>
		<name>Obstacle</name>
		<pose>Unspecified</pose>
		<truncated>0</truncated>
		<difficult>0</difficult>
		<occluded>0</occluded>
		<bndbox>
			<xmin>485</xmin>
			<xmax>622</xmax>
			<ymin>365</ymin>
			<ymax>467</ymax>
		</bndbox>
		<polygon>
			<x1>621.477702</x1>
			<y1>441.566008</y1>
			<x2>599.259169</x2>
			<y2>363.763716</y2>
			<x3>503.05553</x3>
			<y3>365.555556</y3>
			<x4>483.722865</x4>
			<y4>459.349267</y4>
			<x5>611.47943</x5>
			<y5>466.018054</y5>
			<x6>621.477702</x6>
			<y6>441.566008</y6>
		</polygon>
	</object>
	<object>
		<name>Vendor</name>
		<pose>Unspecified</pose>
		<truncated>0</truncated>
		<difficult>0</difficult>
		<occluded>0</occluded>
		<bndbox>
			<xmin>459</xmin>
			<xmax>596</xmax>
			<ymin>222</ymin>
			<ymax>401</ymax>
		</bndbox>
		<polygon>
			<x1>514.828675</x1>
			<y1>313.748011</y1>
			<x2>458.171517</x2>
			<y2>314.859455</y2>
			<x3>467.058965</x3>
			<y3>359.317859</y3>
			<x4>484.83369</x4>
			<y4>400.44189</y4>
			<x5>500.386765</x5>
			<y5>370.43246</y5>
			<x6>557.043923</x6>
			<y6>358.206415</y6>
			<x7>565.93137</x7>
			<y7>330.419913</y7>
			<x8>573.707823</x8>
			<y8>374.878316</y8>
			<x9>594.81553</x9>
			<y9>364.875159</y9>
			<x10>585.928084</x10>
			<y10>313.748011</y10>
			<x11>581.484275</x11>
			<y11>258.175006</y11>
			<x12>571.486003</x12>
			<y12>222.608275</y12>
			<x13>544.722196</x13>
			<y13>221.111112</y13>
			<x14>529.270756</x14>
			<y14>237.057248</y14>
			<x15>522.605298</x15>
			<y15>263.732306</y15>
			<x16>533.714564</x16>
			<y16>280.404209</y16>
			<x17>514.828675</x17>
			<y17>313.748011</y17>
		</polygon>
	</object>
	<object>
		<name>Footpath</name>
		<pose>Unspecified</pose>
		<truncated>0</truncated>
		<difficult>0</difficult>
		<occluded>0</occluded>
		<bndbox>
			<xmin>8</xmin>
			<xmax>634</xmax>
			<ymin>201</ymin>
			<ymax>641</ymax>
		</bndbox>
		<polygon>
			<x1>632.572929</x1>
			<y1>640</y1>
			<x2>393.61259</x2>
			<y2>200.090404</y2>
			<x3>215.642185</x3>
			<y3>207.092406</y3>
			<x4>6.676866</x4>
			<y4>640</y4>
			<x5>632.572929</x5>
			<y5>640</y5>
		</polygon>
	</object>
</annotation>
