<annotation>
	<folder></folder>
	<filename>fp-043_jpg.rf.c4eb904708f27472b127a5a995233d3a.jpg</filename>
	<path>fp-043_jpg.rf.c4eb904708f27472b127a5a995233d3a.jpg</path>
	<source>
		<database>roboflow.com</database>
	</source>
	<size>
		<width>640</width>
		<height>640</height>
		<depth>3</depth>
	</size>
	<segmented>0</segmented>
	<object>
		<name>Pedestrian</name>
		<pose>Unspecified</pose>
		<truncated>0</truncated>
		<difficult>0</difficult>
		<occluded>0</occluded>
		<bndbox>
			<xmin>369</xmin>
			<xmax>476</xmax>
			<ymin>157</ymin>
			<ymax>536</ymax>
		</bndbox>
	</object>
	<object>
		<name>Pedestrian</name>
		<pose>Unspecified</pose>
		<truncated>0</truncated>
		<difficult>0</difficult>
		<occluded>0</occluded>
		<bndbox>
			<xmin>253</xmin>
			<xmax>323</xmax>
			<ymin>225</ymin>
			<ymax>352</ymax>
		</bndbox>
	</object>
</annotation>
