<annotation>
	<folder></folder>
	<filename>fp-025_jpg.rf.12b3105952f7b9d6c11323cf86e70a1e.jpg</filename>
	<path>fp-025_jpg.rf.12b3105952f7b9d6c11323cf86e70a1e.jpg</path>
	<source>
		<database>roboflow.com</database>
	</source>
	<size>
		<width>640</width>
		<height>640</height>
		<depth>3</depth>
	</size>
	<segmented>0</segmented>
	<object>
		<name>Footpath</name>
		<pose>Unspecified</pose>
		<truncated>0</truncated>
		<difficult>0</difficult>
		<occluded>0</occluded>
		<bndbox>
			<xmin>3</xmin>
			<xmax>631</xmax>
			<ymin>234</ymin>
			<ymax>641</ymax>
		</bndbox>
		<polygon>
			<x1>229.320559</x1>
			<y1>237.6138</y1>
			<x2>1.666641</x2>
			<y2>636.38889</y2>
			<x3>630.36515</x3>
			<y3>640</y3>
			<x4>298.198062</x4>
			<y4>233.167986</y4>
			<x5>229.320559</x5>
			<y5>237.6138</y5>
		</polygon>
	</object>
</annotation>
