<annotation>
	<folder></folder>
	<filename>fp-082_jpg.rf.9fe88541e5dca5acc8e6a263cca3bb6f.jpg</filename>
	<path>fp-082_jpg.rf.9fe88541e5dca5acc8e6a263cca3bb6f.jpg</path>
	<source>
		<database>roboflow.com</database>
	</source>
	<size>
		<width>640</width>
		<height>640</height>
		<depth>3</depth>
	</size>
	<segmented>0</segmented>
	<object>
		<name>Pedestrian</name>
		<pose>Unspecified</pose>
		<truncated>0</truncated>
		<difficult>0</difficult>
		<occluded>0</occluded>
		<bndbox>
			<xmin>118</xmin>
			<xmax>257</xmax>
			<ymin>123</ymin>
			<ymax>563</ymax>
		</bndbox>
	</object>
	<object>
		<name>pole</name>
		<pose>Unspecified</pose>
		<truncated>0</truncated>
		<difficult>0</difficult>
		<occluded>0</occluded>
		<bndbox>
			<xmin>251</xmin>
			<xmax>336</xmax>
			<ymin>3</ymin>
			<ymax>448</ymax>
		</bndbox>
	</object>
	<object>
		<name>Footpath</name>
		<pose>Unspecified</pose>
		<truncated>0</truncated>
		<difficult>0</difficult>
		<occluded>0</occluded>
		<bndbox>
			<xmin>95</xmin>
			<xmax>561</xmax>
			<ymin>282</ymin>
			<ymax>641</ymax>
		</bndbox>
		<polygon>
			<x1>559.585018</x1>
			<y1>640</y1>
			<x2>349.619955</x2>
			<y2>281.113909</y2>
			<x3>222.640993</x3>
			<y3>283.114498</y3>
			<x4>93.999977</x4>
			<y4>640</y4>
			<x5>559.585018</x5>
			<y5>640</y5>
		</polygon>
	</object>
</annotation>
