<annotation>
	<folder></folder>
	<filename>fp-039_jpg.rf.b23f77a1d4eda6b61f019789f7360e35.jpg</filename>
	<path>fp-039_jpg.rf.b23f77a1d4eda6b61f019789f7360e35.jpg</path>
	<source>
		<database>roboflow.com</database>
	</source>
	<size>
		<width>640</width>
		<height>640</height>
		<depth>3</depth>
	</size>
	<segmented>0</segmented>
	<object>
		<name>Pedestrian</name>
		<pose>Unspecified</pose>
		<truncated>0</truncated>
		<difficult>0</difficult>
		<occluded>0</occluded>
		<bndbox>
			<xmin>187</xmin>
			<xmax>346</xmax>
			<ymin>231</ymin>
			<ymax>380</ymax>
		</bndbox>
	</object>
</annotation>
