<annotation>
	<folder></folder>
	<filename>fp-016_jpg.rf.9fa4ca67260ab8f0f99febdaf7d651c4.jpg</filename>
	<path>fp-016_jpg.rf.9fa4ca67260ab8f0f99febdaf7d651c4.jpg</path>
	<source>
		<database>roboflow.com</database>
	</source>
	<size>
		<width>640</width>
		<height>640</height>
		<depth>3</depth>
	</size>
	<segmented>0</segmented>
	<object>
		<name>signboard</name>
		<pose>Unspecified</pose>
		<truncated>0</truncated>
		<difficult>0</difficult>
		<occluded>0</occluded>
		<bndbox>
			<xmin>169</xmin>
			<xmax>273</xmax>
			<ymin>1</ymin>
			<ymax>377</ymax>
		</bndbox>
		<polygon>
			<x1>259.315629</x1>
			<y1>374.878316</y1>
			<x2>235.986101</x2>
			<y2>129.245673</y2>
			<x3>271.535805</x3>
			<y3>128.134166</y3>
			<x4>268.202991</x4>
			<y4>0</y4>
			<x5>168.333307</x5>
			<y5>3.055556</y5>
			<x6>177.107039</x6>
			<y6>134.802974</y6>
			<x7>217.100382</x7>
			<y7>131.468559</y7>
			<x8>233.764283</x8>
			<y8>375.98976</y8>
			<x9>259.315629</x9>
			<y9>374.878316</y9>
		</polygon>
	</object>
	<object>
		<name>Pedestrian</name>
		<pose>Unspecified</pose>
		<truncated>0</truncated>
		<difficult>0</difficult>
		<occluded>0</occluded>
		<bndbox>
			<xmin>86</xmin>
			<xmax>220</xmax>
			<ymin>154</ymin>
			<ymax>433</ymax>
		</bndbox>
	</object>
	<object>
		<name>Pedestrian</name>
		<pose>Unspecified</pose>
		<truncated>0</truncated>
		<difficult>0</difficult>
		<occluded>0</occluded>
		<bndbox>
			<xmin>360</xmin>
			<xmax>394</xmax>
			<ymin>192</ymin>
			<ymax>331</ymax>
		</bndbox>
	</object>
	<object>
		<name>Pedestrian</name>
		<pose>Unspecified</pose>
		<truncated>0</truncated>
		<difficult>0</difficult>
		<occluded>0</occluded>
		<bndbox>
			<xmin>426</xmin>
			<xmax>498</xmax>
			<ymin>152</ymin>
			<ymax>417</ymax>
		</bndbox>
		<polygon>
			<x1>424.843633</x1>
			<y1>159.25504</y1>
			<x2>438.174804</x2>
			<y2>416.002349</y2>
			<x3>483.722865</x3>
			<y3>414.890864</y3>
			<x4>497.05395</x4>
			<y4>151.474875</y4>
			<x5>424.843633</x5>
			<y5>159.25504</y5>
		</polygon>
	</object>
	<object>
		<name>Footpath</name>
		<pose>Unspecified</pose>
		<truncated>0</truncated>
		<difficult>0</difficult>
		<occluded>0</occluded>
		<bndbox>
			<xmin>1</xmin>
			<xmax>641</xmax>
			<ymin>306</ymin>
			<ymax>641</ymax>
		</bndbox>
		<polygon>
			<x1>247.095368</x1>
			<y1>324.306851</y1>
			<x2>0</x2>
			<y2>585.000001</y2>
			<x3>640</x3>
			<y3>640</y3>
			<x4>460.393337</x4>
			<y4>305.412201</y4>
			<x5>247.095368</x5>
			<y5>324.306851</y5>
		</polygon>
	</object>
</annotation>
