<annotation>
	<folder></folder>
	<filename>fp-002_jpg.rf.9ecc860310f9c309a94f2db4d32da45e.jpg</filename>
	<path>fp-002_jpg.rf.9ecc860310f9c309a94f2db4d32da45e.jpg</path>
	<source>
		<database>roboflow.com</database>
	</source>
	<size>
		<width>640</width>
		<height>640</height>
		<depth>3</depth>
	</size>
	<segmented>0</segmented>
	<object>
		<name>Obstacle</name>
		<pose>Unspecified</pose>
		<truncated>0</truncated>
		<difficult>0</difficult>
		<occluded>0</occluded>
		<bndbox>
			<xmin>347</xmin>
			<xmax>426</xmax>
			<ymin>230</ymin>
			<ymax>316</ymax>
		</bndbox>
	</object>
</annotation>
