<annotation>
	<folder></folder>
	<filename>fp-097_jpg.rf.1b245d0fd64dcbc5a0b7ce7d5cd33c35.jpg</filename>
	<path>fp-097_jpg.rf.1b245d0fd64dcbc5a0b7ce7d5cd33c35.jpg</path>
	<source>
		<database>roboflow.com</database>
	</source>
	<size>
		<width>640</width>
		<height>640</height>
		<depth>3</depth>
	</size>
	<segmented>0</segmented>
	<object>
		<name>Tree</name>
		<pose>Unspecified</pose>
		<truncated>0</truncated>
		<difficult>0</difficult>
		<occluded>0</occluded>
		<bndbox>
			<xmin>43</xmin>
			<xmax>634</xmax>
			<ymin>1</ymin>
			<ymax>459</ymax>
		</bndbox>
		<polygon>
			<x1>414.609165</x1>
			<y1>311.622796</y1>
			<x2>419.608335</x2>
			<y2>272.611689</y2>
			<x3>632.572929</x3>
			<y3>200.591132</y3>
			<x4>630.573291</x4>
			<y4>110.565426</y4>
			<x5>405.610644</x5>
			<y5>204.592251</y5>
			<x6>361.617933</x6>
			<y6>208.593408</y6>
			<x7>253.635831</x7>
			<y7>3.5349</y7>
			<x8>184.647346</x8>
			<y8>4.535189</y8>
			<x9>322.624391</x9>
			<y9>234.600813</y9>
			<x10>307.626883</x10>
			<y10>239.60224</y10>
			<x11>143.654093</x11>
			<y11>0</y11>
			<x12>87.663404</x12>
			<y12>10.536886</y12>
			<x13>143.654093</x13>
			<y13>80.556864</y13>
			<x14>62.667554</x14>
			<y14>5.535459</y14>
			<x15>42.23096</x15>
			<y15>32.203974</y15>
			<x16>178.648281</x16>
			<y16>163.580564</y16>
			<x17>232.639333</x17>
			<y17>252.605981</y17>
			<x18>314.625766</x18>
			<y18>306.62137</y18>
			<x19>281.631214</x19>
			<y19>451.662754</y19>
			<x20>356.618763</x20>
			<y20>457.664451</y20>
			<x21>374.615805</x21>
			<y21>325.626807</y21>
			<x22>414.609165</x22>
			<y22>311.622796</y22>
		</polygon>
	</object>
</annotation>
