<annotation>
	<folder></folder>
	<filename>fp-058_jpg.rf.34a0e5bc0c2b4fb6d463e2c18b9b6341.jpg</filename>
	<path>fp-058_jpg.rf.34a0e5bc0c2b4fb6d463e2c18b9b6341.jpg</path>
	<source>
		<database>roboflow.com</database>
	</source>
	<size>
		<width>640</width>
		<height>640</height>
		<depth>3</depth>
	</size>
	<segmented>0</segmented>
	<object>
		<name>Vendor cart</name>
		<pose>Unspecified</pose>
		<truncated>0</truncated>
		<difficult>0</difficult>
		<occluded>0</occluded>
		<bndbox>
			<xmin>360</xmin>
			<xmax>641</xmax>
			<ymin>184</ymin>
			<ymax>396</ymax>
		</bndbox>
		<polygon>
			<x1>384.614145</x1>
			<y1>343.631937</y1>
			<x2>566.583977</x2>
			<y2>340.631089</y2>
			<x3>575.582423</x3>
			<y3>377.641656</y3>
			<x4>637.572099</x4>
			<y4>375.641077</y4>
			<x5>640</x5>
			<y5>206.592829</y5>
			<x6>543.587765</x6>
			<y6>182.586003</y6>
			<x7>362.749977</x7>
			<y7>192.750001</y7>
			<x8>358.6184</x8>
			<y8>387.64451</y8>
			<x9>383.61425</x9>
			<y9>394.646477</y9>
			<x10>384.614145</x10>
			<y10>343.631937</y10>
		</polygon>
	</object>
	<object>
		<name>Vendor</name>
		<pose>Unspecified</pose>
		<truncated>0</truncated>
		<difficult>0</difficult>
		<occluded>0</occluded>
		<bndbox>
			<xmin>489</xmin>
			<xmax>595</xmax>
			<ymin>112</ymin>
			<ymax>193</ymax>
		</bndbox>
		<polygon>
			<x1>578.581955</x1>
			<y1>191.588548</y1>
			<x2>593.579465</x2>
			<y2>158.579138</y2>
			<x3>576.582318</x3>
			<y3>159.579408</y3>
			<x4>577.58206</x4>
			<y4>110.565426</y4>
			<x5>528.999977</x5>
			<y5>119.000001</y5>
			<x6>526.590618</x6>
			<y6>153.57771</y6>
			<x7>487.597</x7>
			<y7>189.58797</y7>
			<x8>578.581955</x8>
			<y8>191.588548</y8>
		</polygon>
	</object>
	<object>
		<name>Pedestrian</name>
		<pose>Unspecified</pose>
		<truncated>0</truncated>
		<difficult>0</difficult>
		<occluded>0</occluded>
		<bndbox>
			<xmin>294</xmin>
			<xmax>397</xmax>
			<ymin>78</ymin>
			<ymax>261</ymax>
		</bndbox>
	</object>
	<object>
		<name>Pedestrian</name>
		<pose>Unspecified</pose>
		<truncated>0</truncated>
		<difficult>0</difficult>
		<occluded>0</occluded>
		<bndbox>
			<xmin>196</xmin>
			<xmax>240</xmax>
			<ymin>121</ymin>
			<ymax>202</ymax>
		</bndbox>
	</object>
</annotation>
