<annotation>
	<folder></folder>
	<filename>fp-009_jpg.rf.8e8c173234fe51d80415123049beeec4.jpg</filename>
	<path>fp-009_jpg.rf.8e8c173234fe51d80415123049beeec4.jpg</path>
	<source>
		<database>roboflow.com</database>
	</source>
	<size>
		<width>640</width>
		<height>640</height>
		<depth>3</depth>
	</size>
	<segmented>0</segmented>
	<object>
		<name>stairs</name>
		<pose>Unspecified</pose>
		<truncated>0</truncated>
		<difficult>0</difficult>
		<occluded>0</occluded>
		<bndbox>
			<xmin>168</xmin>
			<xmax>349</xmax>
			<ymin>320</ymin>
			<ymax>512</ymax>
		</bndbox>
	</object>
	<object>
		<name>pole</name>
		<pose>Unspecified</pose>
		<truncated>0</truncated>
		<difficult>0</difficult>
		<occluded>0</occluded>
		<bndbox>
			<xmin>336</xmin>
			<xmax>385</xmax>
			<ymin>206</ymin>
			<ymax>454</ymax>
		</bndbox>
	</object>
	<object>
		<name>Footpath</name>
		<pose>Unspecified</pose>
		<truncated>0</truncated>
		<difficult>0</difficult>
		<occluded>0</occluded>
		<bndbox>
			<xmin>5</xmin>
			<xmax>641</xmax>
			<ymin>325</ymin>
			<ymax>640</ymax>
		</bndbox>
		<polygon>
			<x1>221.641174</x1>
			<y1>331.128429</y1>
			<x2>3.999977</x2>
			<y2>639.000001</y2>
			<x3>640</x3>
			<y3>637.217306</y3>
			<x4>383.61425</x4>
			<y4>324.126387</y4>
			<x5>221.641174</x5>
			<y5>331.128429</y5>
		</polygon>
	</object>
</annotation>
