<annotation>
	<folder></folder>
	<filename>fp-038_jpg.rf.d830d51056955b8a6cb1bb9069b93da9.jpg</filename>
	<path>fp-038_jpg.rf.d830d51056955b8a6cb1bb9069b93da9.jpg</path>
	<source>
		<database>roboflow.com</database>
	</source>
	<size>
		<width>640</width>
		<height>640</height>
		<depth>3</depth>
	</size>
	<segmented>0</segmented>
	<object>
		<name>Pedestrian</name>
		<pose>Unspecified</pose>
		<truncated>0</truncated>
		<difficult>0</difficult>
		<occluded>0</occluded>
		<bndbox>
			<xmin>144</xmin>
			<xmax>226</xmax>
			<ymin>153</ymin>
			<ymax>429</ymax>
		</bndbox>
	</object>
	<object>
		<name>Pedestrian</name>
		<pose>Unspecified</pose>
		<truncated>0</truncated>
		<difficult>0</difficult>
		<occluded>0</occluded>
		<bndbox>
			<xmin>320</xmin>
			<xmax>391</xmax>
			<ymin>120</ymin>
			<ymax>302</ymax>
		</bndbox>
	</object>
</annotation>
