<annotation>
	<folder></folder>
	<filename>fp-070_jpg.rf.6199eebb1b6c9fa8234a867aab5f2979.jpg</filename>
	<path>fp-070_jpg.rf.6199eebb1b6c9fa8234a867aab5f2979.jpg</path>
	<source>
		<database>roboflow.com</database>
	</source>
	<size>
		<width>640</width>
		<height>640</height>
		<depth>3</depth>
	</size>
	<segmented>0</segmented>
	<object>
		<name>Vendor</name>
		<pose>Unspecified</pose>
		<truncated>0</truncated>
		<difficult>0</difficult>
		<occluded>0</occluded>
		<bndbox>
			<xmin>370</xmin>
			<xmax>435</xmax>
			<ymin>266</ymin>
			<ymax>469</ymax>
		</bndbox>
	</object>
	<object>
		<name>Vendor cart</name>
		<pose>Unspecified</pose>
		<truncated>0</truncated>
		<difficult>0</difficult>
		<occluded>0</occluded>
		<bndbox>
			<xmin>227</xmin>
			<xmax>428</xmax>
			<ymin>210</ymin>
			<ymax>339</ymax>
		</bndbox>
		<polygon>
			<x1>312.626053</x1>
			<y1>275.612537</y1>
			<x2>320.624754</x2>
			<y2>337.63024</y2>
			<x3>341.621253</x3>
			<y3>337.63024</y3>
			<x4>336.622082</x4>
			<y4>271.61138</y4>
			<x5>413.60927</x5>
			<y5>260.608256</y5>
			<x6>426.607143</x6>
			<y6>229.599386</y6>
			<x7>354.619125</x7>
			<y7>208.593408</y7>
			<x8>282.631033</x8>
			<y8>216.595684</y8>
			<x9>260.634715</x9>
			<y9>233.600543</y9>
			<x10>230.249977</x10>
			<y10>256.500001</y10>
			<x11>225.640525</x11>
			<y11>280.613965</y11>
			<x12>266.633704</x12>
			<y12>283.614813</y12>
			<x13>312.626053</x13>
			<y13>275.612537</y13>
		</polygon>
	</object>
</annotation>
