<annotation>
	<folder></folder>
	<filename>fp-029_jpg.rf.35d1a5afef660502f8a981c844a6c395.jpg</filename>
	<path>fp-029_jpg.rf.35d1a5afef660502f8a981c844a6c395.jpg</path>
	<source>
		<database>roboflow.com</database>
	</source>
	<size>
		<width>640</width>
		<height>640</height>
		<depth>3</depth>
	</size>
	<segmented>0</segmented>
	<object>
		<name>Pedestrian</name>
		<pose>Unspecified</pose>
		<truncated>0</truncated>
		<difficult>0</difficult>
		<occluded>0</occluded>
		<bndbox>
			<xmin>375</xmin>
			<xmax>419</xmax>
			<ymin>89</ymin>
			<ymax>284</ymax>
		</bndbox>
	</object>
	<object>
		<name>Pedestrian</name>
		<pose>Unspecified</pose>
		<truncated>0</truncated>
		<difficult>0</difficult>
		<occluded>0</occluded>
		<bndbox>
			<xmin>249</xmin>
			<xmax>314</xmax>
			<ymin>136</ymin>
			<ymax>212</ymax>
		</bndbox>
	</object>
	<object>
		<name>pole</name>
		<pose>Unspecified</pose>
		<truncated>0</truncated>
		<difficult>0</difficult>
		<occluded>0</occluded>
		<bndbox>
			<xmin>1</xmin>
			<xmax>149</xmax>
			<ymin>1</ymin>
			<ymax>330</ymax>
		</bndbox>
		<polygon>
			<x1>0</x1>
			<y1>11.38889</y1>
			<x2>69.347103</x2>
			<y2>329.30847</y2>
			<x3>148.222964</x3>
			<y3>319.305311</y3>
			<x4>73.790826</x4>
			<y4>0</y4>
			<x5>0</x5>
			<y5>11.38889</y5>
		</polygon>
	</object>
</annotation>
