<annotation>
	<folder></folder>
	<filename>fp-041_jpg.rf.edcefc616a74dcc22e479e5c47036e3a.jpg</filename>
	<path>fp-041_jpg.rf.edcefc616a74dcc22e479e5c47036e3a.jpg</path>
	<source>
		<database>roboflow.com</database>
	</source>
	<size>
		<width>640</width>
		<height>640</height>
		<depth>3</depth>
	</size>
	<segmented>0</segmented>
	<object>
		<name>Obstacle</name>
		<pose>Unspecified</pose>
		<truncated>0</truncated>
		<difficult>0</difficult>
		<occluded>0</occluded>
		<bndbox>
			<xmin>351</xmin>
			<xmax>568</xmax>
			<ymin>5</ymin>
			<ymax>467</ymax>
		</bndbox>
		<polygon>
			<x1>382.628471</x1>
			<y1>343.757442</y1>
			<x2>397.070466</x2>
			<y2>410.445049</y2>
			<x3>410.401637</x3>
			<y3>457.126381</y3>
			<x4>567.042364</x4>
			<y4>466.018054</y4>
			<x5>559.265741</x5>
			<y5>3.650647</y5>
			<x6>464.166641</x6>
			<y6>29.444445</y6>
			<x7>400.40328</x7>
			<y7>90.34457</y7>
			<x8>350.411581</x8>
			<y8>125.911259</y8>
			<x9>362.631758</x9>
			<y9>297.07611</y9>
			<x10>382.628471</x10>
			<y10>343.757442</y10>
		</polygon>
	</object>
	<object>
		<name>Footpath</name>
		<pose>Unspecified</pose>
		<truncated>0</truncated>
		<difficult>0</difficult>
		<occluded>0</occluded>
		<bndbox>
			<xmin>74</xmin>
			<xmax>641</xmax>
			<ymin>245</ymin>
			<ymax>641</ymax>
		</bndbox>
		<polygon>
			<x1>307.626883</x1>
			<y1>251.105198</y1>
			<x2>72.749977</x2>
			<y2>637.750001</y2>
			<x3>640</x3>
			<y3>640</y3>
			<x4>442.604471</x4>
			<y4>244.103157</y4>
			<x5>307.626883</x5>
			<y5>251.105198</y5>
		</polygon>
	</object>
</annotation>
