<annotation>
	<folder></folder>
	<filename>fp-018_jpg.rf.0abd398431585a900a9631edecb711b9.jpg</filename>
	<path>fp-018_jpg.rf.0abd398431585a900a9631edecb711b9.jpg</path>
	<source>
		<database>roboflow.com</database>
	</source>
	<size>
		<width>640</width>
		<height>640</height>
		<depth>3</depth>
	</size>
	<segmented>0</segmented>
	<object>
		<name>pothole</name>
		<pose>Unspecified</pose>
		<truncated>0</truncated>
		<difficult>0</difficult>
		<occluded>0</occluded>
		<bndbox>
			<xmin>311</xmin>
			<xmax>421</xmax>
			<ymin>148</ymin>
			<ymax>206</ymax>
		</bndbox>
	</object>
	<object>
		<name>pothole</name>
		<pose>Unspecified</pose>
		<truncated>0</truncated>
		<difficult>0</difficult>
		<occluded>0</occluded>
		<bndbox>
			<xmin>263</xmin>
			<xmax>464</xmax>
			<ymin>274</ymin>
			<ymax>359</ymax>
		</bndbox>
	</object>
	<object>
		<name>pothole</name>
		<pose>Unspecified</pose>
		<truncated>0</truncated>
		<difficult>0</difficult>
		<occluded>0</occluded>
		<bndbox>
			<xmin>204</xmin>
			<xmax>530</xmax>
			<ymin>428</ymin>
			<ymax>507</ymax>
		</bndbox>
	</object>
	<object>
		<name>pole</name>
		<pose>Unspecified</pose>
		<truncated>0</truncated>
		<difficult>0</difficult>
		<occluded>0</occluded>
		<bndbox>
			<xmin>163</xmin>
			<xmax>227</xmax>
			<ymin>3</ymin>
			<ymax>231</ymax>
		</bndbox>
		<polygon>
			<x1>225.987829</x1>
			<y1>230.388504</y1>
			<x2>225.987829</x2>
			<y2>179.261356</y2>
			<x3>203.769296</x3>
			<y3>172.59257</y3>
			<x4>190.438125</x4>
			<y4>3.650647</y4>
			<x5>164.166641</x5>
			<y5>1.666667</y5>
			<x6>179.328859</x6>
			<y6>172.59257</y6>
			<x7>161.554049</x7>
			<y7>173.704056</y7>
			<x8>169.330503</x8>
			<y8>228.165575</y8>
			<x9>225.987829</x9>
			<y9>230.388504</y9>
		</polygon>
	</object>
</annotation>
