<annotation>
	<folder></folder>
	<filename>fp-076_jpg.rf.6cf222adb03adb9ab2d09f78921ee378.jpg</filename>
	<path>fp-076_jpg.rf.6cf222adb03adb9ab2d09f78921ee378.jpg</path>
	<source>
		<database>roboflow.com</database>
	</source>
	<size>
		<width>640</width>
		<height>640</height>
		<depth>3</depth>
	</size>
	<segmented>0</segmented>
	<object>
		<name>Pedestrian</name>
		<pose>Unspecified</pose>
		<truncated>0</truncated>
		<difficult>0</difficult>
		<occluded>0</occluded>
		<bndbox>
			<xmin>179</xmin>
			<xmax>297</xmax>
			<ymin>146</ymin>
			<ymax>385</ymax>
		</bndbox>
	</object>
	<object>
		<name>Obstacle</name>
		<pose>Unspecified</pose>
		<truncated>0</truncated>
		<difficult>0</difficult>
		<occluded>0</occluded>
		<bndbox>
			<xmin>296</xmin>
			<xmax>492</xmax>
			<ymin>208</ymin>
			<ymax>451</ymax>
		</bndbox>
	</object>
</annotation>
