<annotation>
	<folder></folder>
	<filename>fp-014_jpg.rf.4c77ee0d07569b86e797560616001875.jpg</filename>
	<path>fp-014_jpg.rf.4c77ee0d07569b86e797560616001875.jpg</path>
	<source>
		<database>roboflow.com</database>
	</source>
	<size>
		<width>640</width>
		<height>640</height>
		<depth>3</depth>
	</size>
	<segmented>0</segmented>
	<object>
		<name>Pedestrian</name>
		<pose>Unspecified</pose>
		<truncated>0</truncated>
		<difficult>0</difficult>
		<occluded>0</occluded>
		<bndbox>
			<xmin>101</xmin>
			<xmax>265</xmax>
			<ymin>157</ymin>
			<ymax>452</ymax>
		</bndbox>
	</object>
	<object>
		<name>Pedestrian</name>
		<pose>Unspecified</pose>
		<truncated>0</truncated>
		<difficult>0</difficult>
		<occluded>0</occluded>
		<bndbox>
			<xmin>442</xmin>
			<xmax>510</xmax>
			<ymin>154</ymin>
			<ymax>422</ymax>
		</bndbox>
	</object>
	<object>
		<name>Pedestrian</name>
		<pose>Unspecified</pose>
		<truncated>0</truncated>
		<difficult>0</difficult>
		<occluded>0</occluded>
		<bndbox>
			<xmin>376</xmin>
			<xmax>447</xmax>
			<ymin>168</ymin>
			<ymax>348</ymax>
		</bndbox>
	</object>
	<object>
		<name>signboard</name>
		<pose>Unspecified</pose>
		<truncated>0</truncated>
		<difficult>0</difficult>
		<occluded>0</occluded>
		<bndbox>
			<xmin>189</xmin>
			<xmax>294</xmax>
			<ymin>1</ymin>
			<ymax>299</ymax>
		</bndbox>
		<polygon>
			<x1>263.759268</x1>
			<y1>298.187552</y1>
			<x2>251.539091</x2>
			<y2>128.134166</y2>
			<x3>292.643429</x3>
			<y3>127.022702</y3>
			<x4>280.423168</x4>
			<y4>0</y4>
			<x5>188.216306</x5>
			<y5>0.316255</y5>
			<x6>199.325572</x6>
			<y6>132.580003</y6>
			<x7>234.875191</x7>
			<y7>131.468559</y7>
			<x8>247.095368</x8>
			<y8>298.187552</y8>
			<x9>263.759268</x9>
			<y9>298.187552</y9>
		</polygon>
	</object>
</annotation>
