<annotation>
	<folder></folder>
	<filename>fp-077_jpg.rf.e351b7b29975fa6a35b7b0133218acf0.jpg</filename>
	<path>fp-077_jpg.rf.e351b7b29975fa6a35b7b0133218acf0.jpg</path>
	<source>
		<database>roboflow.com</database>
	</source>
	<size>
		<width>640</width>
		<height>640</height>
		<depth>3</depth>
	</size>
	<segmented>0</segmented>
	<object>
		<name>Pedestrian</name>
		<pose>Unspecified</pose>
		<truncated>0</truncated>
		<difficult>0</difficult>
		<occluded>0</occluded>
		<bndbox>
			<xmin>190</xmin>
			<xmax>287</xmax>
			<ymin>168</ymin>
			<ymax>422</ymax>
		</bndbox>
	</object>
	<object>
		<name>Obstacle</name>
		<pose>Unspecified</pose>
		<truncated>0</truncated>
		<difficult>0</difficult>
		<occluded>0</occluded>
		<bndbox>
			<xmin>310</xmin>
			<xmax>555</xmax>
			<ymin>219</ymin>
			<ymax>483</ymax>
		</bndbox>
	</object>
	<object>
		<name>Footpath</name>
		<pose>Unspecified</pose>
		<truncated>0</truncated>
		<difficult>0</difficult>
		<occluded>0</occluded>
		<bndbox>
			<xmin>96</xmin>
			<xmax>639</xmax>
			<ymin>293</ymin>
			<ymax>641</ymax>
		</bndbox>
		<polygon>
			<x1>253.635831</x1>
			<y1>300.119441</y1>
			<x2>95.249977</x2>
			<y2>629.000001</y2>
			<x3>637.572099</x3>
			<y3>640</y3>
			<x4>394.612485</x4>
			<y4>292.117089</y4>
			<x5>253.635831</x5>
			<y5>300.119441</y5>
		</polygon>
	</object>
</annotation>
