<annotation>
	<folder></folder>
	<filename>fp-066_jpg.rf.b42cb8ef15a32cc2fed0adcbfec17141.jpg</filename>
	<path>fp-066_jpg.rf.b42cb8ef15a32cc2fed0adcbfec17141.jpg</path>
	<source>
		<database>roboflow.com</database>
	</source>
	<size>
		<width>640</width>
		<height>640</height>
		<depth>3</depth>
	</size>
	<segmented>0</segmented>
	<object>
		<name>Vendor cart</name>
		<pose>Unspecified</pose>
		<truncated>0</truncated>
		<difficult>0</difficult>
		<occluded>0</occluded>
		<bndbox>
			<xmin>41</xmin>
			<xmax>443</xmax>
			<ymin>1</ymin>
			<ymax>416</ymax>
		</bndbox>
		<polygon>
			<x1>235.638865</x1>
			<y1>175.583996</y1>
			<x2>168.649941</x2>
			<y2>177.584575</y2>
			<x3>173.649111</x3>
			<y3>239.60224</y3>
			<x4>145.653806</x4>
			<y4>254.606521</y4>
			<x5>136.655285</x5>
			<y5>394.646477</y5>
			<x6>182.647633</x6>
			<y6>399.647905</y6>
			<x7>184.647346</x7>
			<y7>378.642003</y7>
			<x8>297.628542</x8>
			<y8>376.641348</y8>
			<x9>300.628075</x9>
			<y9>414.652186</y9>
			<x10>330.623094</x10>
			<y10>403.649137</y10>
			<x11>310.626415</x11>
			<y11>173.583419</y11>
			<x12>254.635726</x12>
			<y12>176.584268</y12>
			<x13>248.636661</x13>
			<y13>100.562573</y13>
			<x14>409.609995</x14>
			<y14>92.560335</y14>
			<x15>441.604729</x15>
			<y15>61.551445</y15>
			<x16>380.614794</x16>
			<y16>0</y16>
			<x17>71.666075</x17>
			<y17>0.534031</y17>
			<x18>39.671418</x18>
			<y18>32.543173</y18>
			<x19>65.667086</x19>
			<y19>79.556594</y19>
			<x20>230.639695</x20>
			<y20>103.56344</y20>
			<x21>235.638865</x21>
			<y21>175.583996</y21>
		</polygon>
	</object>
	<object>
		<name>Vendor</name>
		<pose>Unspecified</pose>
		<truncated>0</truncated>
		<difficult>0</difficult>
		<occluded>0</occluded>
		<bndbox>
			<xmin>265</xmin>
			<xmax>458</xmax>
			<ymin>116</ymin>
			<ymax>426</ymax>
		</bndbox>
	</object>
</annotation>
