<annotation>
	<folder></folder>
	<filename>fp-069_jpg.rf.338d76797cc92adc77cc87009dc5b4e4.jpg</filename>
	<path>fp-069_jpg.rf.338d76797cc92adc77cc87009dc5b4e4.jpg</path>
	<source>
		<database>roboflow.com</database>
	</source>
	<size>
		<width>640</width>
		<height>640</height>
		<depth>3</depth>
	</size>
	<segmented>0</segmented>
	<object>
		<name>Vendor cart</name>
		<pose>Unspecified</pose>
		<truncated>0</truncated>
		<difficult>0</difficult>
		<occluded>0</occluded>
		<bndbox>
			<xmin>238</xmin>
			<xmax>434</xmax>
			<ymin>196</ymin>
			<ymax>323</ymax>
		</bndbox>
		<polygon>
			<x1>338.62172</x1>
			<y1>254.606521</y1>
			<x2>346.620423</x2>
			<y2>321.625651</y2>
			<x3>362.617751</x3>
			<y3>320.62538</y3>
			<x4>359.618295</x4>
			<y4>257.607408</y4>
			<x5>422.607791</x5>
			<y5>239.60224</y5>
			<x6>432.606131</x6>
			<y6>216.595684</y6>
			<x7>365.617284</x7>
			<y7>194.589396</y7>
			<x8>317.625221</x8>
			<y8>201.591403</y8>
			<x9>270.633055</x9>
			<y9>214.595105</y9>
			<x10>236.638684</x10>
			<y10>245.603975</y10>
			<x11>244.637386</x11>
			<y11>269.610802</y11>
			<x12>338.62172</x12>
			<y12>254.606521</y12>
		</polygon>
	</object>
	<object>
		<name>Vendor</name>
		<pose>Unspecified</pose>
		<truncated>0</truncated>
		<difficult>0</difficult>
		<occluded>0</occluded>
		<bndbox>
			<xmin>385</xmin>
			<xmax>444</xmax>
			<ymin>250</ymin>
			<ymax>444</ymax>
		</bndbox>
	</object>
</annotation>
