<annotation>
	<folder></folder>
	<filename>fp-050_jpg.rf.c4addcbe0502217c27a51f4a5999a388.jpg</filename>
	<path>fp-050_jpg.rf.c4addcbe0502217c27a51f4a5999a388.jpg</path>
	<source>
		<database>roboflow.com</database>
	</source>
	<size>
		<width>640</width>
		<height>640</height>
		<depth>3</depth>
	</size>
	<segmented>0</segmented>
	<object>
		<name>Pedestrian</name>
		<pose>Unspecified</pose>
		<truncated>0</truncated>
		<difficult>0</difficult>
		<occluded>0</occluded>
		<bndbox>
			<xmin>99</xmin>
			<xmax>223</xmax>
			<ymin>139</ymin>
			<ymax>497</ymax>
		</bndbox>
	</object>
	<object>
		<name>Vendor cart</name>
		<pose>Unspecified</pose>
		<truncated>0</truncated>
		<difficult>0</difficult>
		<occluded>0</occluded>
		<bndbox>
			<xmin>332</xmin>
			<xmax>495</xmax>
			<ymin>186</ymin>
			<ymax>400</ymax>
		</bndbox>
	</object>
</annotation>
