<annotation>
	<folder></folder>
	<filename>fp-032_jpg.rf.7d019328d5ebd34303bdc20d9a7e1b5d.jpg</filename>
	<path>fp-032_jpg.rf.7d019328d5ebd34303bdc20d9a7e1b5d.jpg</path>
	<source>
		<database>roboflow.com</database>
	</source>
	<size>
		<width>640</width>
		<height>640</height>
		<depth>3</depth>
	</size>
	<segmented>0</segmented>
	<object>
		<name>Vendor cart</name>
		<pose>Unspecified</pose>
		<truncated>0</truncated>
		<difficult>0</difficult>
		<occluded>0</occluded>
		<bndbox>
			<xmin>313</xmin>
			<xmax>641</xmax>
			<ymin>1</ymin>
			<ymax>469</ymax>
		</bndbox>
		<polygon>
			<x1>640</x1>
			<y1>8.096484</y1>
			<x2>474.835418</x2>
			<y2>0.316255</y2>
			<x3>311.529148</x3>
			<y3>94.790364</y3>
			<x4>350.411581</x4>
			<y4>125.911259</y4>
			<x5>475.946243</x5>
			<y5>122.576866</y5>
			<x6>531.492575</x6>
			<y6>159.25504</y6>
			<x7>511.496031</x7>
			<y7>466.018054</y7>
			<x8>640</x8>
			<y8>468.240982</y8>
			<x9>640</x9>
			<y9>8.096484</y9>
		</polygon>
	</object>
	<object>
		<name>Pedestrian</name>
		<pose>Unspecified</pose>
		<truncated>0</truncated>
		<difficult>0</difficult>
		<occluded>0</occluded>
		<bndbox>
			<xmin>351</xmin>
			<xmax>514</xmax>
			<ymin>130</ymin>
			<ymax>517</ymax>
		</bndbox>
	</object>
	<object>
		<name>signboard</name>
		<pose>Unspecified</pose>
		<truncated>0</truncated>
		<difficult>0</difficult>
		<occluded>0</occluded>
		<bndbox>
			<xmin>230</xmin>
			<xmax>317</xmax>
			<ymin>31</ymin>
			<ymax>315</ymax>
		</bndbox>
		<polygon>
			<x1>275.979529</x1>
			<y1>313.748011</y1>
			<x2>301.530791</x2>
			<y2>310.41364</y2>
			<x3>289.310615</x3>
			<y3>118.131073</y3>
			<x4>315.972871</x4>
			<y4>79.229969</y4>
			<x5>308.196334</x5>
			<y5>57.000724</y5>
			<x6>285.977801</x6>
			<y6>30.325686</y6>
			<x7>257.222196</x7>
			<y7>36.38889</y7>
			<x8>229.320559</x8>
			<y8>59.223653</y8>
			<x9>238.208005</x9>
			<y9>113.685194</y9>
			<x10>265.981173</x10>
			<y10>118.131073</y10>
			<x11>275.979529</x11>
			<y11>313.748011</y11>
		</polygon>
	</object>
	<object>
		<name>Footpath</name>
		<pose>Unspecified</pose>
		<truncated>0</truncated>
		<difficult>0</difficult>
		<occluded>0</occluded>
		<bndbox>
			<xmin>64</xmin>
			<xmax>638</xmax>
			<ymin>336</ymin>
			<ymax>641</ymax>
		</bndbox>
		<polygon>
			<x1>636.572356</x1>
			<y1>640</y1>
			<x2>410.609814</x2>
			<y2>335.129605</y2>
			<x3>237.638503</x3>
			<y3>349.133647</y3>
			<x4>62.749977</x4>
			<y4>640</y4>
			<x5>636.572356</x5>
			<y5>640</y5>
		</polygon>
	</object>
</annotation>
