<annotation>
	<folder></folder>
	<filename>fp-081_jpg.rf.6d6a07a9cc49c6fc2fce1f232c097080.jpg</filename>
	<path>fp-081_jpg.rf.6d6a07a9cc49c6fc2fce1f232c097080.jpg</path>
	<source>
		<database>roboflow.com</database>
	</source>
	<size>
		<width>640</width>
		<height>640</height>
		<depth>3</depth>
	</size>
	<segmented>0</segmented>
	<object>
		<name>Pedestrian</name>
		<pose>Unspecified</pose>
		<truncated>0</truncated>
		<difficult>0</difficult>
		<occluded>0</occluded>
		<bndbox>
			<xmin>239</xmin>
			<xmax>541</xmax>
			<ymin>163</ymin>
			<ymax>447</ymax>
		</bndbox>
	</object>
</annotation>
