<annotation>
	<folder></folder>
	<filename>fp-094_jpg.rf.edf37f2e6827d1a20d678af82bef2afe.jpg</filename>
	<path>fp-094_jpg.rf.edf37f2e6827d1a20d678af82bef2afe.jpg</path>
	<source>
		<database>roboflow.com</database>
	</source>
	<size>
		<width>640</width>
		<height>640</height>
		<depth>3</depth>
	</size>
	<segmented>0</segmented>
	<object>
		<name>Obstacle</name>
		<pose>Unspecified</pose>
		<truncated>0</truncated>
		<difficult>0</difficult>
		<occluded>0</occluded>
		<bndbox>
			<xmin>287</xmin>
			<xmax>604</xmax>
			<ymin>209</ymin>
			<ymax>554</ymax>
		</bndbox>
		<polygon>
			<x1>286.630384</x1>
			<y1>552.691564</y1>
			<x2>383.61425</x2>
			<y2>552.691564</y2>
			<x3>418.60844</x3>
			<y3>504.67791</y3>
			<x4>463.601046</x4>
			<y4>505.678181</y4>
			<x5>477.59866</x5>
			<y5>544.689326</y5>
			<x6>595.579102</x6>
			<y6>541.68844</y6>
			<x7>601.578168</x7>
			<y7>413.651993</y7>
			<x8>585.580762</x8>
			<y8>401.648484</y8>
			<x9>581.581487</x9>
			<y9>248.604824</y9>
			<x10>601.578168</x10>
			<y10>241.602819</y10>
			<x11>602.57791</x11>
			<y11>216.595684</y11>
			<x12>584.580867</x12>
			<y12>207.593138</y12>
			<x13>296.499977</x13>
			<y13>211.500001</y13>
			<x14>302.627713</x14>
			<y14>400.648212</y14>
			<x15>285.630565</x15>
			<y15>427.655926</y15>
			<x16>286.630384</x16>
			<y16>552.691564</y16>
		</polygon>
	</object>
</annotation>
