<annotation>
	<folder></folder>
	<filename>fp-057_jpg.rf.df2249544fc853fa3fde6fdd023afd8f.jpg</filename>
	<path>fp-057_jpg.rf.df2249544fc853fa3fde6fdd023afd8f.jpg</path>
	<source>
		<database>roboflow.com</database>
	</source>
	<size>
		<width>640</width>
		<height>640</height>
		<depth>3</depth>
	</size>
	<segmented>0</segmented>
	<object>
		<name>Pedestrian</name>
		<pose>Unspecified</pose>
		<truncated>0</truncated>
		<difficult>0</difficult>
		<occluded>0</occluded>
		<bndbox>
			<xmin>345</xmin>
			<xmax>453</xmax>
			<ymin>166</ymin>
			<ymax>444</ymax>
		</bndbox>
	</object>
	<object>
		<name>Tree</name>
		<pose>Unspecified</pose>
		<truncated>0</truncated>
		<difficult>0</difficult>
		<occluded>0</occluded>
		<bndbox>
			<xmin>233</xmin>
			<xmax>344</xmax>
			<ymin>48</ymin>
			<ymax>392</ymax>
		</bndbox>
		<polygon>
			<x1>231.639514</x1>
			<y1>390.645359</y1>
			<x2>277.631863</x2>
			<y2>388.644856</y2>
			<x3>271.632874</x3>
			<y3>245.603975</y3>
			<x4>289.629916</x4>
			<y4>169.582261</y4>
			<x5>296.628724</x5>
			<y5>106.564289</y5>
			<x6>342.621071</x6>
			<y6>57.550346</y6>
			<x7>297.749977</x7>
			<y7>46.500001</y7>
			<x8>271.632874</x8>
			<y8>93.560586</y8>
			<x9>261.634534</x9>
			<y9>195.589705</y9>
			<x10>246.637024</x10>
			<y10>266.609954</y10>
			<x11>231.639514</x11>
			<y11>390.645359</y11>
		</polygon>
	</object>
</annotation>
