<annotation>
	<folder></folder>
	<filename>fp-089_jpg.rf.626453d1738641819d2a94d7b67d1863.jpg</filename>
	<path>fp-089_jpg.rf.626453d1738641819d2a94d7b67d1863.jpg</path>
	<source>
		<database>roboflow.com</database>
	</source>
	<size>
		<width>640</width>
		<height>640</height>
		<depth>3</depth>
	</size>
	<segmented>0</segmented>
	<object>
		<name>Pedestrian</name>
		<pose>Unspecified</pose>
		<truncated>0</truncated>
		<difficult>0</difficult>
		<occluded>0</occluded>
		<bndbox>
			<xmin>244</xmin>
			<xmax>340</xmax>
			<ymin>113</ymin>
			<ymax>406</ymax>
		</bndbox>
	</object>
	<object>
		<name>Obstacle</name>
		<pose>Unspecified</pose>
		<truncated>0</truncated>
		<difficult>0</difficult>
		<occluded>0</occluded>
		<bndbox>
			<xmin>325</xmin>
			<xmax>415</xmax>
			<ymin>306</ymin>
			<ymax>389</ymax>
		</bndbox>
	</object>
</annotation>
