<annotation>
	<folder></folder>
	<filename>fp-008_jpg.rf.c28f1969a4b0f556c1c0d610ccc11bc3.jpg</filename>
	<path>fp-008_jpg.rf.c28f1969a4b0f556c1c0d610ccc11bc3.jpg</path>
	<source>
		<database>roboflow.com</database>
	</source>
	<size>
		<width>640</width>
		<height>640</height>
		<depth>3</depth>
	</size>
	<segmented>0</segmented>
	<object>
		<name>stairs</name>
		<pose>Unspecified</pose>
		<truncated>0</truncated>
		<difficult>0</difficult>
		<occluded>0</occluded>
		<bndbox>
			<xmin>125</xmin>
			<xmax>376</xmax>
			<ymin>315</ymin>
			<ymax>597</ymax>
		</bndbox>
	</object>
	<object>
		<name>pole</name>
		<pose>Unspecified</pose>
		<truncated>0</truncated>
		<difficult>0</difficult>
		<occluded>0</occluded>
		<bndbox>
			<xmin>363</xmin>
			<xmax>401</xmax>
			<ymin>179</ymin>
			<ymax>504</ymax>
		</bndbox>
	</object>
</annotation>
