<annotation>
	<folder></folder>
	<filename>fp-021_jpg.rf.7855ba4d26498f33b0da918df39d4816.jpg</filename>
	<path>fp-021_jpg.rf.7855ba4d26498f33b0da918df39d4816.jpg</path>
	<source>
		<database>roboflow.com</database>
	</source>
	<size>
		<width>640</width>
		<height>640</height>
		<depth>3</depth>
	</size>
	<segmented>0</segmented>
	<object>
		<name>pothole</name>
		<pose>Unspecified</pose>
		<truncated>0</truncated>
		<difficult>0</difficult>
		<occluded>0</occluded>
		<bndbox>
			<xmin>335</xmin>
			<xmax>544</xmax>
			<ymin>318</ymin>
			<ymax>478</ymax>
		</bndbox>
	</object>
	<object>
		<name>pole</name>
		<pose>Unspecified</pose>
		<truncated>0</truncated>
		<difficult>0</difficult>
		<occluded>0</occluded>
		<bndbox>
			<xmin>313</xmin>
			<xmax>354</xmax>
			<ymin>1</ymin>
			<ymax>233</ymax>
		</bndbox>
	</object>
	<object>
		<name>Footpath</name>
		<pose>Unspecified</pose>
		<truncated>0</truncated>
		<difficult>0</difficult>
		<occluded>0</occluded>
		<bndbox>
			<xmin>1</xmin>
			<xmax>641</xmax>
			<ymin>200</ymin>
			<ymax>641</ymax>
		</bndbox>
		<polygon>
			<x1>351.522491</x1>
			<y1>198.713069</y1>
			<x2>251.539091</x2>
			<y2>202.047409</y2>
			<x3>0.277753</x3>
			<y3>548.88889</y3>
			<x4>3.802497</x4>
			<y4>636.624136</y4>
			<x5>640</x5>
			<y5>640</y5>
			<x6>351.522491</x6>
			<y6>198.713069</y6>
		</polygon>
	</object>
</annotation>
