<annotation>
	<folder></folder>
	<filename>fp-019_jpg.rf.fb566c9c9bab554bb36357c4b6b1920c.jpg</filename>
	<path>fp-019_jpg.rf.fb566c9c9bab554bb36357c4b6b1920c.jpg</path>
	<source>
		<database>roboflow.com</database>
	</source>
	<size>
		<width>640</width>
		<height>640</height>
		<depth>3</depth>
	</size>
	<segmented>0</segmented>
	<object>
		<name>pole</name>
		<pose>Unspecified</pose>
		<truncated>0</truncated>
		<difficult>0</difficult>
		<occluded>0</occluded>
		<bndbox>
			<xmin>200</xmin>
			<xmax>251</xmax>
			<ymin>1</ymin>
			<ymax>209</ymax>
		</bndbox>
		<polygon>
			<x1>250.428181</x1>
			<y1>208.159303</y1>
			<x2>248.206363</x2>
			<y2>158.143597</y2>
			<x3>233.764283</x3>
			<y3>160.366526</y3>
			<x4>223.765925</x4>
			<y4>0.316255</y4>
			<x5>211.545749</x5>
			<y5>0</y5>
			<x6>205.833307</x6>
			<y6>0.277779</y6>
			<x7>218.211291</x7>
			<y7>155.920669</y7>
			<x8>199.325572</x8>
			<y8>164.812341</y8>
			<x9>207.102025</x9>
			<y9>207.047859</y9>
			<x10>250.428181</x10>
			<y10>208.159303</y10>
		</polygon>
	</object>
	<object>
		<name>pothole</name>
		<pose>Unspecified</pose>
		<truncated>0</truncated>
		<difficult>0</difficult>
		<occluded>0</occluded>
		<bndbox>
			<xmin>282</xmin>
			<xmax>439</xmax>
			<ymin>228</ymin>
			<ymax>287</ymax>
		</bndbox>
	</object>
	<object>
		<name>pothole</name>
		<pose>Unspecified</pose>
		<truncated>0</truncated>
		<difficult>0</difficult>
		<occluded>0</occluded>
		<bndbox>
			<xmin>261</xmin>
			<xmax>474</xmax>
			<ymin>302</ymin>
			<ymax>331</ymax>
		</bndbox>
	</object>
	<object>
		<name>pothole</name>
		<pose>Unspecified</pose>
		<truncated>0</truncated>
		<difficult>0</difficult>
		<occluded>0</occluded>
		<bndbox>
			<xmin>153</xmin>
			<xmax>537</xmax>
			<ymin>380</ymin>
			<ymax>624</ymax>
		</bndbox>
	</object>
	<object>
		<name>Pedestrian</name>
		<pose>Unspecified</pose>
		<truncated>0</truncated>
		<difficult>0</difficult>
		<occluded>0</occluded>
		<bndbox>
			<xmin>283</xmin>
			<xmax>334</xmax>
			<ymin>39</ymin>
			<ymax>210</ymax>
		</bndbox>
	</object>
</annotation>
