<annotation>
	<folder></folder>
	<filename>fp-001_jpg.rf.37e3ce9557c1cb26b691be03e93afae5.jpg</filename>
	<path>fp-001_jpg.rf.37e3ce9557c1cb26b691be03e93afae5.jpg</path>
	<source>
		<database>roboflow.com</database>
	</source>
	<size>
		<width>640</width>
		<height>640</height>
		<depth>3</depth>
	</size>
	<segmented>0</segmented>
	<object>
		<name>Pedestrian</name>
		<pose>Unspecified</pose>
		<truncated>0</truncated>
		<difficult>0</difficult>
		<occluded>0</occluded>
		<bndbox>
			<xmin>375</xmin>
			<xmax>439</xmax>
			<ymin>90</ymin>
			<ymax>267</ymax>
		</bndbox>
	</object>
	<object>
		<name>Obstacle</name>
		<pose>Unspecified</pose>
		<truncated>0</truncated>
		<difficult>0</difficult>
		<occluded>0</occluded>
		<bndbox>
			<xmin>447</xmin>
			<xmax>637</xmax>
			<ymin>274</ymin>
			<ymax>582</ymax>
		</bndbox>
	</object>
	<object>
		<name>Pedestrian</name>
		<pose>Unspecified</pose>
		<truncated>0</truncated>
		<difficult>0</difficult>
		<occluded>0</occluded>
		<bndbox>
			<xmin>506</xmin>
			<xmax>641</xmax>
			<ymin>29</ymin>
			<ymax>171</ymax>
		</bndbox>
	</object>
	<object>
		<name>Footpath</name>
		<pose>Unspecified</pose>
		<truncated>0</truncated>
		<difficult>0</difficult>
		<occluded>0</occluded>
		<bndbox>
			<xmin>296</xmin>
			<xmax>636</xmax>
			<ymin>143</ymin>
			<ymax>641</ymax>
		</bndbox>
		<polygon>
			<x1>462.615156</x1>
			<y1>142.02912</y1>
			<x2>302.641701</x2>
			<y2>215.384811</y2>
			<x3>294.722196</x3>
			<y3>623.88889</y3>
			<x4>634.808789</x4>
			<y4>640</y4>
			<x5>533.714564</x5>
			<y5>186.487099</y5>
			<x6>462.615156</x6>
			<y6>142.02912</y6>
		</polygon>
	</object>
</annotation>
