<annotation>
	<folder></folder>
	<filename>fp-035_jpg.rf.fc20da8edb4da30b4ee95a1a94e2a765.jpg</filename>
	<path>fp-035_jpg.rf.fc20da8edb4da30b4ee95a1a94e2a765.jpg</path>
	<source>
		<database>roboflow.com</database>
	</source>
	<size>
		<width>640</width>
		<height>640</height>
		<depth>3</depth>
	</size>
	<segmented>0</segmented>
	<object>
		<name>pole</name>
		<pose>Unspecified</pose>
		<truncated>0</truncated>
		<difficult>0</difficult>
		<occluded>0</occluded>
		<bndbox>
			<xmin>258</xmin>
			<xmax>333</xmax>
			<ymin>3</ymin>
			<ymax>496</ymax>
		</bndbox>
	</object>
	<object>
		<name>Vendor</name>
		<pose>Unspecified</pose>
		<truncated>0</truncated>
		<difficult>0</difficult>
		<occluded>0</occluded>
		<bndbox>
			<xmin>36</xmin>
			<xmax>179</xmax>
			<ymin>218</ymin>
			<ymax>471</ymax>
		</bndbox>
	</object>
	<object>
		<name>Tree</name>
		<pose>Unspecified</pose>
		<truncated>0</truncated>
		<difficult>0</difficult>
		<occluded>0</occluded>
		<bndbox>
			<xmin>325</xmin>
			<xmax>535</xmax>
			<ymin>9</ymin>
			<ymax>443</ymax>
		</bndbox>
		<polygon>
			<x1>413.734366</x1>
			<y1>354.872044</y1>
			<x2>452.616884</x2>
			<y2>210.38223</y2>
			<x3>529.270756</x3>
			<y3>35.882986</y3>
			<x4>533.714564</x4>
			<y4>8.096484</y4>
			<x5>471.111086</x5>
			<y5>15.555556</y5>
			<x6>334.858591</x6>
			<y6>385.992917</y6>
			<x7>323.749324</x7>
			<y7>439.342994</y7>
			<x8>400.40328</x8>
			<y8>441.566008</y8>
			<x9>413.734366</x9>
			<y9>354.872044</y9>
		</polygon>
	</object>
</annotation>
