<annotation>
	<folder></folder>
	<filename>fp-045_jpg.rf.031a24da6613ae328596dbd366ea9494.jpg</filename>
	<path>fp-045_jpg.rf.031a24da6613ae328596dbd366ea9494.jpg</path>
	<source>
		<database>roboflow.com</database>
	</source>
	<size>
		<width>640</width>
		<height>640</height>
		<depth>3</depth>
	</size>
	<segmented>0</segmented>
	<object>
		<name>Pedestrian</name>
		<pose>Unspecified</pose>
		<truncated>0</truncated>
		<difficult>0</difficult>
		<occluded>0</occluded>
		<bndbox>
			<xmin>25</xmin>
			<xmax>225</xmax>
			<ymin>159</ymin>
			<ymax>521</ymax>
		</bndbox>
	</object>
	<object>
		<name>Pedestrian</name>
		<pose>Unspecified</pose>
		<truncated>0</truncated>
		<difficult>0</difficult>
		<occluded>0</occluded>
		<bndbox>
			<xmin>415</xmin>
			<xmax>503</xmax>
			<ymin>194</ymin>
			<ymax>428</ymax>
		</bndbox>
	</object>
</annotation>
