<annotation>
	<folder></folder>
	<filename>fp-059_jpg.rf.a93714482e27b2586cab134b530a21fb.jpg</filename>
	<path>fp-059_jpg.rf.a93714482e27b2586cab134b530a21fb.jpg</path>
	<source>
		<database>roboflow.com</database>
	</source>
	<size>
		<width>640</width>
		<height>640</height>
		<depth>3</depth>
	</size>
	<segmented>0</segmented>
	<object>
		<name>Pedestrian</name>
		<pose>Unspecified</pose>
		<truncated>0</truncated>
		<difficult>0</difficult>
		<occluded>0</occluded>
		<bndbox>
			<xmin>363</xmin>
			<xmax>471</xmax>
			<ymin>94</ymin>
			<ymax>314</ymax>
		</bndbox>
	</object>
	<object>
		<name>Pedestrian</name>
		<pose>Unspecified</pose>
		<truncated>0</truncated>
		<difficult>0</difficult>
		<occluded>0</occluded>
		<bndbox>
			<xmin>130</xmin>
			<xmax>207</xmax>
			<ymin>68</ymin>
			<ymax>182</ymax>
		</bndbox>
	</object>
	<object>
		<name>Vendor cart</name>
		<pose>Unspecified</pose>
		<truncated>0</truncated>
		<difficult>0</difficult>
		<occluded>0</occluded>
		<bndbox>
			<xmin>3</xmin>
			<xmax>262</xmax>
			<ymin>174</ymin>
			<ymax>405</ymax>
		</bndbox>
		<polygon>
			<x1>55.668746</x1>
			<y1>341.631359</y1>
			<x2>179.648176</x2>
			<y2>340.631089</y2>
			<x3>188.646621</x3>
			<y3>403.649137</y3>
			<x4>216.642004</x4>
			<y4>403.649137</y4>
			<x5>258.635001</x5>
			<y5>337.63024</y5>
			<x6>259.634896</x6>
			<y6>261.608526</y6>
			<x7>230.639695</x7>
			<y7>216.595684</y7>
			<x8>260.634715</x8>
			<y8>181.585694</y8>
			<x9>122.657594</x9>
			<y9>172.583149</y9>
			<x10>2.677515</x10>
			<y10>200.591132</y10>
			<x11>1.677696</x11>
			<y11>291.617089</y11>
			<x12>55.668746</x12>
			<y12>341.631359</y12>
		</polygon>
	</object>
</annotation>
