<annotation>
	<folder></folder>
	<filename>fp-033_jpg.rf.4d8c7057a71a5c847c8332a0a452a886.jpg</filename>
	<path>fp-033_jpg.rf.4d8c7057a71a5c847c8332a0a452a886.jpg</path>
	<source>
		<database>roboflow.com</database>
	</source>
	<size>
		<width>640</width>
		<height>640</height>
		<depth>3</depth>
	</size>
	<segmented>0</segmented>
	<object>
		<name>pole</name>
		<pose>Unspecified</pose>
		<truncated>0</truncated>
		<difficult>0</difficult>
		<occluded>0</occluded>
		<bndbox>
			<xmin>292</xmin>
			<xmax>312</xmax>
			<ymin>1</ymin>
			<ymax>328</ymax>
		</bndbox>
	</object>
	<object>
		<name>Vendor</name>
		<pose>Unspecified</pose>
		<truncated>0</truncated>
		<difficult>0</difficult>
		<occluded>0</occluded>
		<bndbox>
			<xmin>186</xmin>
			<xmax>243</xmax>
			<ymin>224</ymin>
			<ymax>331</ymax>
		</bndbox>
	</object>
	<object>
		<name>Tree</name>
		<pose>Unspecified</pose>
		<truncated>0</truncated>
		<difficult>0</difficult>
		<occluded>0</occluded>
		<bndbox>
			<xmin>316</xmin>
			<xmax>551</xmax>
			<ymin>24</ymin>
			<ymax>325</ymax>
		</bndbox>
		<polygon>
			<x1>383.739381</x1>
			<y1>200.926942</y1>
			<x2>457.060524</x2>
			<y2>109.787269</y2>
			<x3>550.378464</x3>
			<y3>45.322549</y3>
			<x4>530.38175</x4>
			<y4>23.093348</y4>
			<x5>429.444419</x5>
			<y5>94.722224</y5>
			<x6>360.409937</x6>
			<y6>186.477969</y6>
			<x7>314.861961</x7>
			<y7>322.07611</y7>
			<x8>353.744395</x8>
			<y8>324.299039</y8>
			<x9>383.739381</x9>
			<y9>200.926942</y9>
		</polygon>
	</object>
	<object>
		<name>Tree</name>
		<pose>Unspecified</pose>
		<truncated>0</truncated>
		<difficult>0</difficult>
		<occluded>0</occluded>
		<bndbox>
			<xmin>359</xmin>
			<xmax>599</xmax>
			<ymin>1</ymin>
			<ymax>419</ymax>
		</bndbox>
		<polygon>
			<x1>598.148175</x1>
			<y1>61.994451</y1>
			<x2>592.593541</x2>
			<y2>0</y2>
			<x3>384.85029</x3>
			<y3>340.97094</y3>
			<x4>358.188034</x4>
			<y4>406.54706</y4>
			<x5>455.949699</x5>
			<y5>417.661661</y5>
			<x6>598.148175</x6>
			<y6>61.994451</y6>
		</polygon>
	</object>
	<object>
		<name>Tree</name>
		<pose>Unspecified</pose>
		<truncated>0</truncated>
		<difficult>0</difficult>
		<occluded>0</occluded>
		<bndbox>
			<xmin>420</xmin>
			<xmax>641</xmax>
			<ymin>45</ymin>
			<ymax>610</ymax>
		</bndbox>
		<polygon>
			<x1>640</x1>
			<y1>44.211085</y1>
			<x2>590.371723</x2>
			<y2>70.886122</y2>
			<x3>419.289</x3>
			<y3>574.377561</y3>
			<x4>483.722865</x4>
			<y4>608.832807</y4>
			<x5>619.255882</x5>
			<y5>607.721364</y5>
			<x6>640</x6>
			<y6>367.645958</y6>
			<x7>640</x7>
			<y7>44.211085</y7>
		</polygon>
	</object>
</annotation>
