<annotation>
	<folder></folder>
	<filename>fp-091_jpg.rf.f76d8516c9851258e4d04698ccb1c2df.jpg</filename>
	<path>fp-091_jpg.rf.f76d8516c9851258e4d04698ccb1c2df.jpg</path>
	<source>
		<database>roboflow.com</database>
	</source>
	<size>
		<width>640</width>
		<height>640</height>
		<depth>3</depth>
	</size>
	<segmented>0</segmented>
	<object>
		<name>Pedestrian</name>
		<pose>Unspecified</pose>
		<truncated>0</truncated>
		<difficult>0</difficult>
		<occluded>0</occluded>
		<bndbox>
			<xmin>265</xmin>
			<xmax>419</xmax>
			<ymin>43</ymin>
			<ymax>475</ymax>
		</bndbox>
	</object>
	<object>
		<name>Obstacle</name>
		<pose>Unspecified</pose>
		<truncated>0</truncated>
		<difficult>0</difficult>
		<occluded>0</occluded>
		<bndbox>
			<xmin>453</xmin>
			<xmax>545</xmax>
			<ymin>66</ymin>
			<ymax>284</ymax>
		</bndbox>
	</object>
	<object>
		<name>Obstacle</name>
		<pose>Unspecified</pose>
		<truncated>0</truncated>
		<difficult>0</difficult>
		<occluded>0</occluded>
		<bndbox>
			<xmin>374</xmin>
			<xmax>508</xmax>
			<ymin>325</ymin>
			<ymax>452</ymax>
		</bndbox>
	</object>
</annotation>
