<annotation>
	<folder></folder>
	<filename>fp-099_jpg.rf.5f51180e2dd70935dc23fed35c981e50.jpg</filename>
	<path>fp-099_jpg.rf.5f51180e2dd70935dc23fed35c981e50.jpg</path>
	<source>
		<database>roboflow.com</database>
	</source>
	<size>
		<width>640</width>
		<height>640</height>
		<depth>3</depth>
	</size>
	<segmented>0</segmented>
	<object>
		<name>pole</name>
		<pose>Unspecified</pose>
		<truncated>0</truncated>
		<difficult>0</difficult>
		<occluded>0</occluded>
		<bndbox>
			<xmin>490</xmin>
			<xmax>576</xmax>
			<ymin>1</ymin>
			<ymax>451</ymax>
		</bndbox>
		<polygon>
			<x1>525.590722</x1>
			<y1>449.662175</y1>
			<x2>535.589062</x2>
			<y2>30.542594</y2>
			<x3>560.584912</x3>
			<y3>27.541745</y3>
			<x4>574.582527</x4>
			<y4>0</y4>
			<x5>488.999977</x5>
			<y5>1.500001</y5>
			<x6>506.593937</x6>
			<y6>20.53974</y6>
			<x7>515.592382</x7>
			<y7>27.541745</y7>
			<x8>500.594872</x8>
			<y8>445.661056</y8>
			<x9>525.590722</x9>
			<y9>449.662175</y9>
		</polygon>
	</object>
	<object>
		<name>Vehicle</name>
		<pose>Unspecified</pose>
		<truncated>0</truncated>
		<difficult>0</difficult>
		<occluded>0</occluded>
		<bndbox>
			<xmin>169</xmin>
			<xmax>393</xmax>
			<ymin>152</ymin>
			<ymax>371</ymax>
		</bndbox>
	</object>
</annotation>
