<annotation>
	<folder></folder>
	<filename>fp-030_jpg.rf.3773203048850a7c43ffe6272425b23a.jpg</filename>
	<path>fp-030_jpg.rf.3773203048850a7c43ffe6272425b23a.jpg</path>
	<source>
		<database>roboflow.com</database>
	</source>
	<size>
		<width>640</width>
		<height>640</height>
		<depth>3</depth>
	</size>
	<segmented>0</segmented>
	<object>
		<name>Pedestrian</name>
		<pose>Unspecified</pose>
		<truncated>0</truncated>
		<difficult>0</difficult>
		<occluded>0</occluded>
		<bndbox>
			<xmin>330</xmin>
			<xmax>525</xmax>
			<ymin>262</ymin>
			<ymax>425</ymax>
		</bndbox>
	</object>
	<object>
		<name>Pedestrian</name>
		<pose>Unspecified</pose>
		<truncated>0</truncated>
		<difficult>0</difficult>
		<occluded>0</occluded>
		<bndbox>
			<xmin>503</xmin>
			<xmax>600</xmax>
			<ymin>106</ymin>
			<ymax>513</ymax>
		</bndbox>
	</object>
	<object>
		<name>Pedestrian</name>
		<pose>Unspecified</pose>
		<truncated>0</truncated>
		<difficult>0</difficult>
		<occluded>0</occluded>
		<bndbox>
			<xmin>264</xmin>
			<xmax>310</xmax>
			<ymin>185</ymin>
			<ymax>308</ymax>
		</bndbox>
	</object>
	<object>
		<name>Vendor cart</name>
		<pose>Unspecified</pose>
		<truncated>0</truncated>
		<difficult>0</difficult>
		<occluded>0</occluded>
		<bndbox>
			<xmin>295</xmin>
			<xmax>428</xmax>
			<ymin>119</ymin>
			<ymax>289</ymax>
		</bndbox>
		<polygon>
			<x1>318.194691</x1>
			<y1>288.184438</y1>
			<x2>349.300671</x2>
			<y2>288.184438</y2>
			<x3>375.962928</x3>
			<y3>233.722876</y3>
			<x4>372.630114</x4>
			<y4>168.146755</y4>
			<x5>427.065538</x5>
			<y5>169.258199</y5>
			<x6>422.499975</x6>
			<y6>129.444445</y6>
			<x7>308.196334</x7>
			<y7>118.131073</y7>
			<x8>293.754339</x8>
			<y8>170.369641</y8>
			<x9>320.416595</x9>
			<y9>181.484243</y9>
			<x10>318.194691</x10>
			<y10>288.184438</y10>
		</polygon>
	</object>
</annotation>
