<annotation>
	<folder></folder>
	<filename>fp-124_jpg.rf.a0a60e44f96a7d9326b81ae01a8bc730.jpg</filename>
	<path>fp-124_jpg.rf.a0a60e44f96a7d9326b81ae01a8bc730.jpg</path>
	<source>
		<database>roboflow.com</database>
	</source>
	<size>
		<width>640</width>
		<height>640</height>
		<depth>3</depth>
	</size>
	<segmented>0</segmented>
	<object>
		<name>Vendor cart</name>
		<pose>Unspecified</pose>
		<truncated>0</truncated>
		<difficult>0</difficult>
		<occluded>0</occluded>
		<bndbox>
			<xmin>219</xmin>
			<xmax>364</xmax>
			<ymin>217</ymin>
			<ymax>412</ymax>
		</bndbox>
	</object>
	<object>
		<name>pole</name>
		<pose>Unspecified</pose>
		<truncated>0</truncated>
		<difficult>0</difficult>
		<occluded>0</occluded>
		<bndbox>
			<xmin>379</xmin>
			<xmax>418</xmax>
			<ymin>1</ymin>
			<ymax>496</ymax>
		</bndbox>
	</object>
</annotation>
