<annotation>
	<folder></folder>
	<filename>fp-128_jpg.rf.abce758470d7fb337d7bd3b1316d0d53.jpg</filename>
	<path>fp-128_jpg.rf.abce758470d7fb337d7bd3b1316d0d53.jpg</path>
	<source>
		<database>roboflow.com</database>
	</source>
	<size>
		<width>640</width>
		<height>640</height>
		<depth>3</depth>
	</size>
	<segmented>0</segmented>
	<object>
		<name>Vehicle</name>
		<pose>Unspecified</pose>
		<truncated>0</truncated>
		<difficult>0</difficult>
		<occluded>0</occluded>
		<bndbox>
			<xmin>204</xmin>
			<xmax>420</xmax>
			<ymin>269</ymin>
			<ymax>520</ymax>
		</bndbox>
	</object>
</annotation>
