<annotation>
	<folder></folder>
	<filename>fp-117_jpg.rf.fcfb730459b4a5f84acaf3c2dd8b30fb.jpg</filename>
	<path>fp-117_jpg.rf.fcfb730459b4a5f84acaf3c2dd8b30fb.jpg</path>
	<source>
		<database>roboflow.com</database>
	</source>
	<size>
		<width>640</width>
		<height>640</height>
		<depth>3</depth>
	</size>
	<segmented>0</segmented>
	<object>
		<name>Vehicle</name>
		<pose>Unspecified</pose>
		<truncated>0</truncated>
		<difficult>0</difficult>
		<occluded>0</occluded>
		<bndbox>
			<xmin>190</xmin>
			<xmax>437</xmax>
			<ymin>129</ymin>
			<ymax>292</ymax>
		</bndbox>
		<polygon>
			<x1>355.618944</x1>
			<y1>262.608835</y1>
			<x2>363.61757</x2>
			<y2>289.61651</y2>
			<x3>412.609451</x3>
			<y3>290.616819</y3>
			<x4>420.608154</x4>
			<y4>261.608526</y4>
			<x5>435.605664</x5>
			<y5>257.607408</y5>
			<x6>428.60678</x6>
			<y6>184.586542</y6>
			<x7>381.614613</x7>
			<y7>127.570324</y7>
			<x8>270.249977</x8>
			<y8>129.000001</y8>
			<x9>188.646621</x9>
			<y9>166.581412</y9>
			<x10>201.644494</x10>
			<y10>266.609954</y10>
			<x11>355.618944</x11>
			<y11>262.608835</y11>
		</polygon>
	</object>
</annotation>
