<annotation>
	<folder></folder>
	<filename>fp-105_jpg.rf.81a86cd5cd3e8e61211822931ca311c6.jpg</filename>
	<path>fp-105_jpg.rf.81a86cd5cd3e8e61211822931ca311c6.jpg</path>
	<source>
		<database>roboflow.com</database>
	</source>
	<size>
		<width>640</width>
		<height>640</height>
		<depth>3</depth>
	</size>
	<segmented>0</segmented>
	<object>
		<name>Tree</name>
		<pose>Unspecified</pose>
		<truncated>0</truncated>
		<difficult>0</difficult>
		<occluded>0</occluded>
		<bndbox>
			<xmin>354</xmin>
			<xmax>503</xmax>
			<ymin>1</ymin>
			<ymax>434</ymax>
		</bndbox>
		<polygon>
			<x1>389.613315</x1>
			<y1>95.561145</y1>
			<x2>399.611655</x2>
			<y2>173.583419</y2>
			<x3>393.61259</x3>
			<y3>426.655619</y3>
			<x4>442.604471</x4>
			<y4>432.657354</y4>
			<x5>439.604939</x5>
			<y5>190.588278</y5>
			<x6>501.594768</x6>
			<y6>170.58257</y6>
			<x7>497.59534</x7>
			<y7>83.557731</y7>
			<x8>495.595703</x8>
			<y8>0.534031</y8>
			<x9>355.249977</x9>
			<y9>0</y9>
			<x10>352.619411</x10>
			<y10>43.546316</y10>
			<x11>371.616273</x11>
			<y11>53.54917</y11>
			<x12>393.61259</x12>
			<y12>65.552603</y12>
			<x13>389.613315</x13>
			<y13>95.561145</y13>
		</polygon>
	</object>
</annotation>
