<annotation>
	<folder></folder>
	<filename>fp-104_jpg.rf.bafe9aac35c62381e134b0418b99a489.jpg</filename>
	<path>fp-104_jpg.rf.bafe9aac35c62381e134b0418b99a489.jpg</path>
	<source>
		<database>roboflow.com</database>
	</source>
	<size>
		<width>640</width>
		<height>640</height>
		<depth>3</depth>
	</size>
	<segmented>0</segmented>
	<object>
		<name>stairs</name>
		<pose>Unspecified</pose>
		<truncated>0</truncated>
		<difficult>0</difficult>
		<occluded>0</occluded>
		<bndbox>
			<xmin>439</xmin>
			<xmax>529</xmax>
			<ymin>298</ymin>
			<ymax>393</ymax>
		</bndbox>
	</object>
	<object>
		<name>signboard</name>
		<pose>Unspecified</pose>
		<truncated>0</truncated>
		<difficult>0</difficult>
		<occluded>0</occluded>
		<bndbox>
			<xmin>571</xmin>
			<xmax>610</xmax>
			<ymin>199</ymin>
			<ymax>417</ymax>
		</bndbox>
		<polygon>
			<x1>602.57791</x1>
			<y1>415.652494</y1>
			<x2>597.57874</x2>
			<y2>245.603975</y2>
			<x3>607.57708</x3>
			<y3>233.600543</y3>
			<x4>608.576975</x4>
			<y4>214.595105</y4>
			<x5>603.577805</x5>
			<y5>198.590554</y5>
			<x6>580.249977</x6>
			<y6>197.750001</y6>
			<x7>569.583358</x7>
			<y7>223.597689</y7>
			<x8>580.581593</x8>
			<y8>251.605672</y8>
			<x9>586.580658</x9>
			<y9>415.652494</y9>
			<x10>602.57791</x10>
			<y10>415.652494</y10>
		</polygon>
	</object>
</annotation>
