<annotation>
	<folder></folder>
	<filename>fp-108_jpg.rf.ef104fc1de10f19c5b4e472d3bdf94ea.jpg</filename>
	<path>fp-108_jpg.rf.ef104fc1de10f19c5b4e472d3bdf94ea.jpg</path>
	<source>
		<database>roboflow.com</database>
	</source>
	<size>
		<width>640</width>
		<height>640</height>
		<depth>3</depth>
	</size>
	<segmented>0</segmented>
	<object>
		<name>pothole</name>
		<pose>Unspecified</pose>
		<truncated>0</truncated>
		<difficult>0</difficult>
		<occluded>0</occluded>
		<bndbox>
			<xmin>245</xmin>
			<xmax>439</xmax>
			<ymin>238</ymin>
			<ymax>478</ymax>
		</bndbox>
	</object>
</annotation>
