<annotation>
	<folder></folder>
	<filename>fp-114_jpg.rf.e58bad6e61e799d2abde0ae60d41e570.jpg</filename>
	<path>fp-114_jpg.rf.e58bad6e61e799d2abde0ae60d41e570.jpg</path>
	<source>
		<database>roboflow.com</database>
	</source>
	<size>
		<width>640</width>
		<height>640</height>
		<depth>3</depth>
	</size>
	<segmented>0</segmented>
	<object>
		<name>Pedestrian</name>
		<pose>Unspecified</pose>
		<truncated>0</truncated>
		<difficult>0</difficult>
		<occluded>0</occluded>
		<bndbox>
			<xmin>399</xmin>
			<xmax>501</xmax>
			<ymin>163</ymin>
			<ymax>458</ymax>
		</bndbox>
	</object>
	<object>
		<name>Obstacle</name>
		<pose>Unspecified</pose>
		<truncated>0</truncated>
		<difficult>0</difficult>
		<occluded>0</occluded>
		<bndbox>
			<xmin>108</xmin>
			<xmax>395</xmax>
			<ymin>110</ymin>
			<ymax>514</ymax>
		</bndbox>
	</object>
	<object>
		<name>Obstacle</name>
		<pose>Unspecified</pose>
		<truncated>0</truncated>
		<difficult>0</difficult>
		<occluded>0</occluded>
		<bndbox>
			<xmin>527</xmin>
			<xmax>641</xmax>
			<ymin>134</ymin>
			<ymax>411</ymax>
		</bndbox>
	</object>
</annotation>
