<annotation>
	<folder></folder>
	<filename>fp-109_jpg.rf.e7b45ada39d5a1677c3e585c2c5184f5.jpg</filename>
	<path>fp-109_jpg.rf.e7b45ada39d5a1677c3e585c2c5184f5.jpg</path>
	<source>
		<database>roboflow.com</database>
	</source>
	<size>
		<width>640</width>
		<height>640</height>
		<depth>3</depth>
	</size>
	<segmented>0</segmented>
	<object>
		<name>pothole</name>
		<pose>Unspecified</pose>
		<truncated>0</truncated>
		<difficult>0</difficult>
		<occluded>0</occluded>
		<bndbox>
			<xmin>236</xmin>
			<xmax>398</xmax>
			<ymin>474</ymin>
			<ymax>615</ymax>
		</bndbox>
	</object>
</annotation>
