<annotation>
	<folder></folder>
	<filename>fp-126_jpg.rf.d7042248393f113c2ca64d795cfe1593.jpg</filename>
	<path>fp-126_jpg.rf.d7042248393f113c2ca64d795cfe1593.jpg</path>
	<source>
		<database>roboflow.com</database>
	</source>
	<size>
		<width>640</width>
		<height>640</height>
		<depth>3</depth>
	</size>
	<segmented>0</segmented>
	<object>
		<name>pole</name>
		<pose>Unspecified</pose>
		<truncated>0</truncated>
		<difficult>0</difficult>
		<occluded>0</occluded>
		<bndbox>
			<xmin>249</xmin>
			<xmax>406</xmax>
			<ymin>1</ymin>
			<ymax>576</ymax>
		</bndbox>
	</object>
</annotation>
