<annotation>
	<folder></folder>
	<filename>fp-106_jpg.rf.80f37f66d753be4a63c4c3200e1ea86a.jpg</filename>
	<path>fp-106_jpg.rf.80f37f66d753be4a63c4c3200e1ea86a.jpg</path>
	<source>
		<database>roboflow.com</database>
	</source>
	<size>
		<width>640</width>
		<height>640</height>
		<depth>3</depth>
	</size>
	<segmented>0</segmented>
	<object>
		<name>Pedestrian</name>
		<pose>Unspecified</pose>
		<truncated>0</truncated>
		<difficult>0</difficult>
		<occluded>0</occluded>
		<bndbox>
			<xmin>19</xmin>
			<xmax>236</xmax>
			<ymin>149</ymin>
			<ymax>641</ymax>
		</bndbox>
	</object>
</annotation>
