<annotation>
	<folder></folder>
	<filename>fp-112_jpg.rf.29b43b0ab477874e8af3c439b334b3be.jpg</filename>
	<path>fp-112_jpg.rf.29b43b0ab477874e8af3c439b334b3be.jpg</path>
	<source>
		<database>roboflow.com</database>
	</source>
	<size>
		<width>640</width>
		<height>640</height>
		<depth>3</depth>
	</size>
	<segmented>0</segmented>
	<object>
		<name>Obstacle</name>
		<pose>Unspecified</pose>
		<truncated>0</truncated>
		<difficult>0</difficult>
		<occluded>0</occluded>
		<bndbox>
			<xmin>44</xmin>
			<xmax>330</xmax>
			<ymin>119</ymin>
			<ymax>412</ymax>
		</bndbox>
	</object>
</annotation>
