<annotation>
	<folder></folder>
	<filename>fp-113_jpg.rf.1e25a3826bc9d433f1445d0fc0d5bf0a.jpg</filename>
	<path>fp-113_jpg.rf.1e25a3826bc9d433f1445d0fc0d5bf0a.jpg</path>
	<source>
		<database>roboflow.com</database>
	</source>
	<size>
		<width>640</width>
		<height>640</height>
		<depth>3</depth>
	</size>
	<segmented>0</segmented>
	<object>
		<name>Obstacle</name>
		<pose>Unspecified</pose>
		<truncated>0</truncated>
		<difficult>0</difficult>
		<occluded>0</occluded>
		<bndbox>
			<xmin>81</xmin>
			<xmax>357</xmax>
			<ymin>103</ymin>
			<ymax>515</ymax>
		</bndbox>
	</object>
	<object>
		<name>Obstacle</name>
		<pose>Unspecified</pose>
		<truncated>0</truncated>
		<difficult>0</difficult>
		<occluded>0</occluded>
		<bndbox>
			<xmin>489</xmin>
			<xmax>641</xmax>
			<ymin>138</ymin>
			<ymax>425</ymax>
		</bndbox>
	</object>
	<object>
		<name>Pedestrian</name>
		<pose>Unspecified</pose>
		<truncated>0</truncated>
		<difficult>0</difficult>
		<occluded>0</occluded>
		<bndbox>
			<xmin>314</xmin>
			<xmax>398</xmax>
			<ymin>168</ymin>
			<ymax>351</ymax>
		</bndbox>
	</object>
	<object>
		<name>Footpath</name>
		<pose>Unspecified</pose>
		<truncated>0</truncated>
		<difficult>0</difficult>
		<occluded>0</occluded>
		<bndbox>
			<xmin>352</xmin>
			<xmax>641</xmax>
			<ymin>228</ymin>
			<ymax>631</ymax>
		</bndbox>
		<polygon>
			<x1>350.619774</x1>
			<y1>238.101431</y1>
			<x2>513.999977</x2>
			<y2>630.250001</y2>
			<x3>640</x3>
			<y3>429.156877</y3>
			<x4>452.602811</x4>
			<y4>227.098214</y4>
			<x5>350.619774</x5>
			<y5>238.101431</y5>
		</polygon>
	</object>
</annotation>
