<annotation>
	<folder></folder>
	<filename>fp-100_jpg.rf.ccfcb5e49bd00e12b8d2c46a2052489d.jpg</filename>
	<path>fp-100_jpg.rf.ccfcb5e49bd00e12b8d2c46a2052489d.jpg</path>
	<source>
		<database>roboflow.com</database>
	</source>
	<size>
		<width>640</width>
		<height>640</height>
		<depth>3</depth>
	</size>
	<segmented>0</segmented>
	<object>
		<name>signboard</name>
		<pose>Unspecified</pose>
		<truncated>0</truncated>
		<difficult>0</difficult>
		<occluded>0</occluded>
		<bndbox>
			<xmin>411</xmin>
			<xmax>448</xmax>
			<ymin>99</ymin>
			<ymax>230</ymax>
		</bndbox>
		<polygon>
			<x1>416.608802</x1>
			<y1>225.598267</y1>
			<x2>428.60678</x2>
			<y2>228.599116</y2>
			<x3>435.605664</x3>
			<y3>130.571154</y3>
			<x4>446.603899</x4>
			<y4>115.566854</y4>
			<x5>439.604939</x5>
			<y5>97.561762</y5>
			<x6>418.999977</x6>
			<y6>97.99994</y6>
			<x7>409.609995</x7>
			<y7>115.566854</y7>
			<x8>410.609814</x8>
			<y8>132.571732</y8>
			<x9>422.607791</x9>
			<y9>132.571732</y9>
			<x10>416.608802</x10>
			<y10>225.598267</y10>
		</polygon>
	</object>
	<object>
		<name>Obstacle</name>
		<pose>Unspecified</pose>
		<truncated>0</truncated>
		<difficult>0</difficult>
		<occluded>0</occluded>
		<bndbox>
			<xmin>1</xmin>
			<xmax>265</xmax>
			<ymin>333</ymin>
			<ymax>583</ymax>
		</bndbox>
	</object>
	<object>
		<name>Vendor cart</name>
		<pose>Unspecified</pose>
		<truncated>0</truncated>
		<difficult>0</difficult>
		<occluded>0</occluded>
		<bndbox>
			<xmin>215</xmin>
			<xmax>371</xmax>
			<ymin>180</ymin>
			<ymax>353</ymax>
		</bndbox>
	</object>
	<object>
		<name>Vendor</name>
		<pose>Unspecified</pose>
		<truncated>0</truncated>
		<difficult>0</difficult>
		<occluded>0</occluded>
		<bndbox>
			<xmin>373</xmin>
			<xmax>444</xmax>
			<ymin>170</ymin>
			<ymax>350</ymax>
		</bndbox>
	</object>
	<object>
		<name>Obstacle</name>
		<pose>Unspecified</pose>
		<truncated>0</truncated>
		<difficult>0</difficult>
		<occluded>0</occluded>
		<bndbox>
			<xmin>356</xmin>
			<xmax>406</xmax>
			<ymin>245</ymin>
			<ymax>351</ymax>
		</bndbox>
	</object>
</annotation>
