<annotation>
	<folder></folder>
	<filename>fp-115_jpg.rf.2eb23a8456f600b7dff8160476c633dd.jpg</filename>
	<path>fp-115_jpg.rf.2eb23a8456f600b7dff8160476c633dd.jpg</path>
	<source>
		<database>roboflow.com</database>
	</source>
	<size>
		<width>640</width>
		<height>640</height>
		<depth>3</depth>
	</size>
	<segmented>0</segmented>
	<object>
		<name>Obstacle</name>
		<pose>Unspecified</pose>
		<truncated>0</truncated>
		<difficult>0</difficult>
		<occluded>0</occluded>
		<bndbox>
			<xmin>329</xmin>
			<xmax>412</xmax>
			<ymin>244</ymin>
			<ymax>454</ymax>
		</bndbox>
	</object>
	<object>
		<name>Obstacle</name>
		<pose>Unspecified</pose>
		<truncated>0</truncated>
		<difficult>0</difficult>
		<occluded>0</occluded>
		<bndbox>
			<xmin>78</xmin>
			<xmax>271</xmax>
			<ymin>173</ymin>
			<ymax>370</ymax>
		</bndbox>
	</object>
</annotation>
