<annotation>
	<folder></folder>
	<filename>fp-118_jpg.rf.ddc2d21e10e4154ade60500e8905013b.jpg</filename>
	<path>fp-118_jpg.rf.ddc2d21e10e4154ade60500e8905013b.jpg</path>
	<source>
		<database>roboflow.com</database>
	</source>
	<size>
		<width>640</width>
		<height>640</height>
		<depth>3</depth>
	</size>
	<segmented>0</segmented>
	<object>
		<name>signboard</name>
		<pose>Unspecified</pose>
		<truncated>0</truncated>
		<difficult>0</difficult>
		<occluded>0</occluded>
		<bndbox>
			<xmin>264</xmin>
			<xmax>409</xmax>
			<ymin>1</ymin>
			<ymax>401</ymax>
		</bndbox>
		<polygon>
			<x1>360.618114</x1>
			<y1>399.647905</y1>
			<x2>347.620241</x2>
			<y2>121.56857</y2>
			<x3>407.610281</x3>
			<y3>114.566584</y3>
			<x4>401.611292</x4>
			<y4>0</y4>
			<x5>262.749977</x5>
			<y5>4.000001</y5>
			<x6>269.633236</x6>
			<y6>112.566043</y6>
			<x7>306.627064</x7>
			<y7>114.566584</y7>
			<x8>338.62172</x8>
			<y8>396.647056</y8>
			<x9>360.618114</x9>
			<y9>399.647905</y9>
		</polygon>
	</object>
</annotation>
