<annotation>
	<folder></folder>
	<filename>fp-103_jpg.rf.77844aa540d228ccb0a82cadb0097a2b.jpg</filename>
	<path>fp-103_jpg.rf.77844aa540d228ccb0a82cadb0097a2b.jpg</path>
	<source>
		<database>roboflow.com</database>
	</source>
	<size>
		<width>640</width>
		<height>640</height>
		<depth>3</depth>
	</size>
	<segmented>0</segmented>
	<object>
		<name>stairs</name>
		<pose>Unspecified</pose>
		<truncated>0</truncated>
		<difficult>0</difficult>
		<occluded>0</occluded>
		<bndbox>
			<xmin>301</xmin>
			<xmax>505</xmax>
			<ymin>293</ymin>
			<ymax>501</ymax>
		</bndbox>
	</object>
</annotation>
