<annotation>
	<folder></folder>
	<filename>fp-101_jpg.rf.594002df6e00586c0cb83be3d0939a0f.jpg</filename>
	<path>fp-101_jpg.rf.594002df6e00586c0cb83be3d0939a0f.jpg</path>
	<source>
		<database>roboflow.com</database>
	</source>
	<size>
		<width>640</width>
		<height>640</height>
		<depth>3</depth>
	</size>
	<segmented>0</segmented>
	<object>
		<name>signboard</name>
		<pose>Unspecified</pose>
		<truncated>0</truncated>
		<difficult>0</difficult>
		<occluded>0</occluded>
		<bndbox>
			<xmin>445</xmin>
			<xmax>502</xmax>
			<ymin>101</ymin>
			<ymax>337</ymax>
		</bndbox>
		<polygon>
			<x1>466.600579</x1>
			<y1>335.629661</y1>
			<x2>478.598555</x2>
			<y2>169.582261</y2>
			<x3>500.594872</x3>
			<y3>152.57744</y3>
			<x4>499.594977</x4>
			<y4>100.562573</y4>
			<x5>452.602811</x5>
			<y5>99.562303</y5>
			<x6>443.604366</x6>
			<y6>139.573699</y6>
			<x7>461.601409</x7>
			<y7>164.580835</y7>
			<x8>448.603536</x8>
			<y8>335.629661</y8>
			<x9>466.600579</x9>
			<y9>335.629661</y9>
		</polygon>
	</object>
	<object>
		<name>Obstacle</name>
		<pose>Unspecified</pose>
		<truncated>0</truncated>
		<difficult>0</difficult>
		<occluded>0</occluded>
		<bndbox>
			<xmin>329</xmin>
			<xmax>429</xmax>
			<ymin>381</ymin>
			<ymax>474</ymax>
		</bndbox>
		<polygon>
			<x1>342.749977</x1>
			<y1>380.250001</y1>
			<x2>327.623561</x2>
			<y2>461.665608</y2>
			<x3>421.607973</x3>
			<y3>472.668731</y3>
			<x4>427.606961</x4>
			<y4>396.647056</y4>
			<x5>342.749977</x5>
			<y5>380.250001</y5>
		</polygon>
	</object>
	<object>
		<name>Obstacle</name>
		<pose>Unspecified</pose>
		<truncated>0</truncated>
		<difficult>0</difficult>
		<occluded>0</occluded>
		<bndbox>
			<xmin>302</xmin>
			<xmax>398</xmax>
			<ymin>459</ymin>
			<ymax>607</ymax>
		</bndbox>
		<polygon>
			<x1>313.999977</x1>
			<y1>457.750001</y1>
			<x2>300.628075</x2>
			<y2>593.703326</y2>
			<x3>380.614794</x3>
			<y3>605.706721</y3>
			<x4>396.612122</x4>
			<y4>463.666224</y4>
			<x5>313.999977</x5>
			<y5>457.750001</y5>
		</polygon>
	</object>
	<object>
		<name>Vendor cart</name>
		<pose>Unspecified</pose>
		<truncated>0</truncated>
		<difficult>0</difficult>
		<occluded>0</occluded>
		<bndbox>
			<xmin>30</xmin>
			<xmax>346</xmax>
			<ymin>305</ymin>
			<ymax>590</ymax>
		</bndbox>
	</object>
	<object>
		<name>Vendor</name>
		<pose>Unspecified</pose>
		<truncated>0</truncated>
		<difficult>0</difficult>
		<occluded>0</occluded>
		<bndbox>
			<xmin>378</xmin>
			<xmax>493</xmax>
			<ymin>255</ymin>
			<ymax>613</ymax>
		</bndbox>
	</object>
</annotation>
