<annotation>
	<folder></folder>
	<filename>fp-102_jpg.rf.72684e86efa3d3149ddc679dd1462c38.jpg</filename>
	<path>fp-102_jpg.rf.72684e86efa3d3149ddc679dd1462c38.jpg</path>
	<source>
		<database>roboflow.com</database>
	</source>
	<size>
		<width>640</width>
		<height>640</height>
		<depth>3</depth>
	</size>
	<segmented>0</segmented>
	<object>
		<name>Vehicle</name>
		<pose>Unspecified</pose>
		<truncated>0</truncated>
		<difficult>0</difficult>
		<occluded>0</occluded>
		<bndbox>
			<xmin>233</xmin>
			<xmax>432</xmax>
			<ymin>159</ymin>
			<ymax>313</ymax>
		</bndbox>
	</object>
</annotation>
