<annotation>
	<folder></folder>
	<filename>fp-125_jpg.rf.44b0fd9c2999485d57df6e85804adc3c.jpg</filename>
	<path>fp-125_jpg.rf.44b0fd9c2999485d57df6e85804adc3c.jpg</path>
	<source>
		<database>roboflow.com</database>
	</source>
	<size>
		<width>640</width>
		<height>640</height>
		<depth>3</depth>
	</size>
	<segmented>0</segmented>
	<object>
		<name>Vehicle</name>
		<pose>Unspecified</pose>
		<truncated>0</truncated>
		<difficult>0</difficult>
		<occluded>0</occluded>
		<bndbox>
			<xmin>174</xmin>
			<xmax>556</xmax>
			<ymin>302</ymin>
			<ymax>622</ymax>
		</bndbox>
	</object>
</annotation>
