<annotation>
	<folder></folder>
	<filename>fp-120_jpg.rf.07d4217646a3bcaf7f4a1cb0e8274ed7.jpg</filename>
	<path>fp-120_jpg.rf.07d4217646a3bcaf7f4a1cb0e8274ed7.jpg</path>
	<source>
		<database>roboflow.com</database>
	</source>
	<size>
		<width>640</width>
		<height>640</height>
		<depth>3</depth>
	</size>
	<segmented>0</segmented>
	<object>
		<name>Footpath</name>
		<pose>Unspecified</pose>
		<truncated>0</truncated>
		<difficult>0</difficult>
		<occluded>0</occluded>
		<bndbox>
			<xmin>69</xmin>
			<xmax>637</xmax>
			<ymin>102</ymin>
			<ymax>641</ymax>
		</bndbox>
		<polygon>
			<x1>415.608984</x1>
			<y1>101.061641</y1>
			<x2>296.628724</x2>
			<y2>111.064545</y2>
			<x3>67.754148</x3>
			<y3>639.990363</y3>
			<x4>635.572461</x4>
			<y4>638.217581</y4>
			<x5>415.608984</x5>
			<y5>101.061641</y5>
		</polygon>
	</object>
</annotation>
