<annotation>
	<folder></folder>
	<filename>fp-123_jpg.rf.8bc812dee39850b1efe1e28ff949f3d7.jpg</filename>
	<path>fp-123_jpg.rf.8bc812dee39850b1efe1e28ff949f3d7.jpg</path>
	<source>
		<database>roboflow.com</database>
	</source>
	<size>
		<width>640</width>
		<height>640</height>
		<depth>3</depth>
	</size>
	<segmented>0</segmented>
	<object>
		<name>Vendor cart</name>
		<pose>Unspecified</pose>
		<truncated>0</truncated>
		<difficult>0</difficult>
		<occluded>0</occluded>
		<bndbox>
			<xmin>264</xmin>
			<xmax>394</xmax>
			<ymin>276</ymin>
			<ymax>482</ymax>
		</bndbox>
	</object>
	<object>
		<name>pole</name>
		<pose>Unspecified</pose>
		<truncated>0</truncated>
		<difficult>0</difficult>
		<occluded>0</occluded>
		<bndbox>
			<xmin>386</xmin>
			<xmax>472</xmax>
			<ymin>1</ymin>
			<ymax>549</ymax>
		</bndbox>
	</object>
</annotation>
