<annotation>
	<folder></folder>
	<filename>fp-130_jpg.rf.ccf322cba7321534ac53bc9828bd59a9.jpg</filename>
	<path>fp-130_jpg.rf.ccf322cba7321534ac53bc9828bd59a9.jpg</path>
	<source>
		<database>roboflow.com</database>
	</source>
	<size>
		<width>640</width>
		<height>640</height>
		<depth>3</depth>
	</size>
	<segmented>0</segmented>
	<object>
		<name>Vehicle</name>
		<pose>Unspecified</pose>
		<truncated>0</truncated>
		<difficult>0</difficult>
		<occluded>0</occluded>
		<bndbox>
			<xmin>299</xmin>
			<xmax>512</xmax>
			<ymin>84</ymin>
			<ymax>312</ymax>
		</bndbox>
	</object>
</annotation>
