<annotation>
	<folder></folder>
	<filename>fp-129_jpg.rf.3fa92234cd9910a439826dbcd38dafb2.jpg</filename>
	<path>fp-129_jpg.rf.3fa92234cd9910a439826dbcd38dafb2.jpg</path>
	<source>
		<database>roboflow.com</database>
	</source>
	<size>
		<width>640</width>
		<height>640</height>
		<depth>3</depth>
	</size>
	<segmented>0</segmented>
	<object>
		<name>Tree</name>
		<pose>Unspecified</pose>
		<truncated>0</truncated>
		<difficult>0</difficult>
		<occluded>0</occluded>
		<bndbox>
			<xmin>259</xmin>
			<xmax>552</xmax>
			<ymin>1</ymin>
			<ymax>524</ymax>
		</bndbox>
		<polygon>
			<x1>407.999954</x1>
			<y1>0</y1>
			<x2>339.482059</x2>
			<y2>126.805561</y2>
			<x3>295.522449</x3>
			<y3>322.748829</y3>
			<x4>271.544508</x4>
			<y4>452.711211</y4>
			<x5>257.557248</x5>
			<y5>502.696743</y5>
			<x6>421.407021</x6>
			<y6>522.690955</y6>
			<x7>425.403294</x7>
			<y7>280.761014</y7>
			<x8>455.375796</x8>
			<y8>170.792844</y8>
			<x9>497.33727</x9>
			<y9>156.79688</y9>
			<x10>551.287866</x10>
			<y10>78.81942</y10>
			<x11>523.3135</x11>
			<y11>48.828101</y11>
			<x12>543.295168</x12>
			<y12>0</y12>
			<x13>407.999954</x13>
			<y13>0</y13>
		</polygon>
	</object>
</annotation>
