<annotation>
	<folder></folder>
	<filename>WhatsApp-Image-2023-02-24-at-11-11-35-PM_jpeg.rf.ac0ef2daab918e32c929f1ecfb68d86b.jpg</filename>
	<path>WhatsApp-Image-2023-02-24-at-11-11-35-PM_jpeg.rf.ac0ef2daab918e32c929f1ecfb68d86b.jpg</path>
	<source>
		<database>roboflow.com</database>
	</source>
	<size>
		<width>640</width>
		<height>640</height>
		<depth>3</depth>
	</size>
	<segmented>0</segmented>
	<object>
		<name>Car</name>
		<pose>Unspecified</pose>
		<truncated>0</truncated>
		<difficult>0</difficult>
		<occluded>0</occluded>
		<bndbox>
			<xmin>211</xmin>
			<xmax>411</xmax>
			<ymin>369</ymin>
			<ymax>540</ymax>
		</bndbox>
	</object>
</annotation>
