<annotation>
	<folder></folder>
	<filename>WhatsApp-Image-2023-02-24-at-11-11-25-PM-1-_jpeg.rf.6a335b3da0b8795585e5aa645c3ca58a.jpg</filename>
	<path>WhatsApp-Image-2023-02-24-at-11-11-25-PM-1-_jpeg.rf.6a335b3da0b8795585e5aa645c3ca58a.jpg</path>
	<source>
		<database>roboflow.com</database>
	</source>
	<size>
		<width>640</width>
		<height>640</height>
		<depth>3</depth>
	</size>
	<segmented>0</segmented>
	<object>
		<name>motorcycle</name>
		<pose>Unspecified</pose>
		<truncated>0</truncated>
		<difficult>0</difficult>
		<occluded>0</occluded>
		<bndbox>
			<xmin>482</xmin>
			<xmax>525</xmax>
			<ymin>326</ymin>
			<ymax>393</ymax>
		</bndbox>
	</object>
	<object>
		<name>pole</name>
		<pose>Unspecified</pose>
		<truncated>0</truncated>
		<difficult>0</difficult>
		<occluded>0</occluded>
		<bndbox>
			<xmin>504</xmin>
			<xmax>563</xmax>
			<ymin>158</ymin>
			<ymax>337</ymax>
		</bndbox>
		<polygon>
			<x1>556.139327</x1>
			<y1>335.321278</y1>
			<x2>562.26336</x2>
			<y2>178.025174</y2>
			<x3>503.103716</x3>
			<y3>157.323479</y3>
			<x4>516.33268</x4>
			<y4>175.728855</y4>
			<x5>550.01517</x5>
			<y5>180.321446</y5>
			<x6>540.829059</x6>
			<y6>336.46939</y6>
			<x7>556.139327</x7>
			<y7>335.321278</y7>
		</polygon>
	</object>
</annotation>
