<annotation>
	<folder></folder>
	<filename>WhatsApp-Image-2023-02-24-at-11-22-40-PM-1-_jpeg.rf.685f6f88aa43cbe1b41151365587d95b.jpg</filename>
	<path>WhatsApp-Image-2023-02-24-at-11-22-40-PM-1-_jpeg.rf.685f6f88aa43cbe1b41151365587d95b.jpg</path>
	<source>
		<database>roboflow.com</database>
	</source>
	<size>
		<width>640</width>
		<height>640</height>
		<depth>3</depth>
	</size>
	<segmented>0</segmented>
	<object>
		<name>motorcycle</name>
		<pose>Unspecified</pose>
		<truncated>0</truncated>
		<difficult>0</difficult>
		<occluded>0</occluded>
		<bndbox>
			<xmin>385</xmin>
			<xmax>641</xmax>
			<ymin>482</ymin>
			<ymax>641</ymax>
		</bndbox>
	</object>
	<object>
		<name>motorcycle</name>
		<pose>Unspecified</pose>
		<truncated>0</truncated>
		<difficult>0</difficult>
		<occluded>0</occluded>
		<bndbox>
			<xmin>205</xmin>
			<xmax>273</xmax>
			<ymin>375</ymin>
			<ymax>449</ymax>
		</bndbox>
	</object>
	<object>
		<name>motorcycle</name>
		<pose>Unspecified</pose>
		<truncated>0</truncated>
		<difficult>0</difficult>
		<occluded>0</occluded>
		<bndbox>
			<xmin>346</xmin>
			<xmax>384</xmax>
			<ymin>364</ymin>
			<ymax>414</ymax>
		</bndbox>
	</object>
	<object>
		<name>motorcycle</name>
		<pose>Unspecified</pose>
		<truncated>0</truncated>
		<difficult>0</difficult>
		<occluded>0</occluded>
		<bndbox>
			<xmin>378</xmin>
			<xmax>418</xmax>
			<ymin>385</ymin>
			<ymax>455</ymax>
		</bndbox>
	</object>
	<object>
		<name>motorcycle</name>
		<pose>Unspecified</pose>
		<truncated>0</truncated>
		<difficult>0</difficult>
		<occluded>0</occluded>
		<bndbox>
			<xmin>410</xmin>
			<xmax>470</xmax>
			<ymin>407</ymin>
			<ymax>485</ymax>
		</bndbox>
	</object>
</annotation>
