<annotation>
	<folder></folder>
	<filename>WhatsApp-Image-2023-02-24-at-11-22-38-PM_jpeg.rf.fd43ed6b4611884b8bbcf048168dfaa1.jpg</filename>
	<path>WhatsApp-Image-2023-02-24-at-11-22-38-PM_jpeg.rf.fd43ed6b4611884b8bbcf048168dfaa1.jpg</path>
	<source>
		<database>roboflow.com</database>
	</source>
	<size>
		<width>640</width>
		<height>640</height>
		<depth>3</depth>
	</size>
	<segmented>0</segmented>
	<object>
		<name>Pedestrian</name>
		<pose>Unspecified</pose>
		<truncated>0</truncated>
		<difficult>0</difficult>
		<occluded>0</occluded>
		<bndbox>
			<xmin>426</xmin>
			<xmax>568</xmax>
			<ymin>387</ymin>
			<ymax>614</ymax>
		</bndbox>
	</object>
	<object>
		<name>Pedestrian</name>
		<pose>Unspecified</pose>
		<truncated>0</truncated>
		<difficult>0</difficult>
		<occluded>0</occluded>
		<bndbox>
			<xmin>1</xmin>
			<xmax>134</xmax>
			<ymin>406</ymin>
			<ymax>638</ymax>
		</bndbox>
	</object>
	<object>
		<name>Pedestrian</name>
		<pose>Unspecified</pose>
		<truncated>0</truncated>
		<difficult>0</difficult>
		<occluded>0</occluded>
		<bndbox>
			<xmin>163</xmin>
			<xmax>401</xmax>
			<ymin>394</ymin>
			<ymax>498</ymax>
		</bndbox>
	</object>
	<object>
		<name>Pedestrian</name>
		<pose>Unspecified</pose>
		<truncated>0</truncated>
		<difficult>0</difficult>
		<occluded>0</occluded>
		<bndbox>
			<xmin>582</xmin>
			<xmax>641</xmax>
			<ymin>386</ymin>
			<ymax>581</ymax>
		</bndbox>
	</object>
</annotation>
