<annotation>
	<folder></folder>
	<filename>WhatsApp-Image-2023-02-24-at-11-11-34-PM-2-_jpeg.rf.6055b11ba6a5ba0324e27492c408e621.jpg</filename>
	<path>WhatsApp-Image-2023-02-24-at-11-11-34-PM-2-_jpeg.rf.6055b11ba6a5ba0324e27492c408e621.jpg</path>
	<source>
		<database>roboflow.com</database>
	</source>
	<size>
		<width>640</width>
		<height>640</height>
		<depth>3</depth>
	</size>
	<segmented>0</segmented>
	<object>
		<name>Obstacle</name>
		<pose>Unspecified</pose>
		<truncated>0</truncated>
		<difficult>0</difficult>
		<occluded>0</occluded>
		<bndbox>
			<xmin>118</xmin>
			<xmax>277</xmax>
			<ymin>440</ymin>
			<ymax>574</ymax>
		</bndbox>
		<polygon>
			<x1>193.28701</x1>
			<y1>438.654452</y1>
			<x2>116.735795</x2>
			<y2>478.839656</y2>
			<x3>118.266834</x3>
			<y3>517.876607</y3>
			<x4>125.922031</x4>
			<y4>536.24697</y4>
			<x5>121.328913</x5>
			<y5>566.098739</y5>
			<x6>128.983984</x6>
			<y6>572.987696</y6>
			<x7>239.21769</x7>
			<y7>541.987673</y7>
			<x8>275.962133</x8>
			<y8>466.209996</y8>
			<x9>243.810683</x9>
			<y9>443.247042</y9>
			<x10>193.28701</x10>
			<y10>438.654452</y10>
		</polygon>
	</object>
	<object>
		<name>Obstacle</name>
		<pose>Unspecified</pose>
		<truncated>0</truncated>
		<difficult>0</difficult>
		<occluded>0</occluded>
		<bndbox>
			<xmin>1</xmin>
			<xmax>119</xmax>
			<ymin>540</ymin>
			<ymax>636</ymax>
		</bndbox>
		<polygon>
			<x1>118.266834</x1>
			<y1>582.172783</y1>
			<x2>94.898588</x2>
			<y2>538.861941</y2>
			<x3>0</x3>
			<y3>562.654355</y3>
			<x4>30.998594</x4>
			<y4>634.987554</y4>
			<x5>118.266834</x5>
			<y5>582.172783</y5>
		</polygon>
	</object>
	<object>
		<name>Obstacle</name>
		<pose>Unspecified</pose>
		<truncated>0</truncated>
		<difficult>0</difficult>
		<occluded>0</occluded>
		<bndbox>
			<xmin>228</xmin>
			<xmax>306</xmax>
			<ymin>374</ymin>
			<ymax>453</ymax>
		</bndbox>
		<polygon>
			<x1>252.996919</x1>
			<y1>452.432224</y1>
			<x2>294.33448</x2>
			<y2>450.135952</y2>
			<x3>305.051631</x3>
			<y3>399.617501</y3>
			<x4>300.026793</x4>
			<y4>405.015787</y4>
			<x5>279.024212</x5>
			<y5>373.210116</y5>
			<x6>226.969501</x6>
			<y6>396.173023</y6>
			<x7>234.624572</x7>
			<y7>434.061861</y7>
			<x8>252.996919</x8>
			<y8>452.432224</y8>
		</polygon>
	</object>
	<object>
		<name>Car</name>
		<pose>Unspecified</pose>
		<truncated>0</truncated>
		<difficult>0</difficult>
		<occluded>0</occluded>
		<bndbox>
			<xmin>305</xmin>
			<xmax>485</xmax>
			<ymin>234</ymin>
			<ymax>392</ymax>
		</bndbox>
		<polygon>
			<x1>352.513349</x1>
			<y1>233.136216</y1>
			<x2>314.237741</x2>
			<y2>282.506508</y2>
			<x3>303.520591</x3>
			<y3>377.802706</y3>
			<x4>478.488331</x4>
			<y4>391.169633</y4>
			<x5>484.18123</x5>
			<y5>285.950939</y5>
			<x6>468.871087</x6>
			<y6>243.46951</y6>
			<x7>352.513349</x7>
			<y7>233.136216</y7>
		</polygon>
	</object>
	<object>
		<name>Car</name>
		<pose>Unspecified</pose>
		<truncated>0</truncated>
		<difficult>0</difficult>
		<occluded>0</occluded>
		<bndbox>
			<xmin>373</xmin>
			<xmax>485</xmax>
			<ymin>60</ymin>
			<ymax>240</ymax>
		</bndbox>
		<polygon>
			<x1>464.277968</x1>
			<y1>58.617885</y1>
			<x2>372.41661</x2>
			<y2>70.099362</y2>
			<x3>383.13376</x3>
			<y3>238.876966</y3>
			<x4>412.847306</x4>
			<y4>234.246556</y4>
			<x5>406.0991</x5>
			<y5>114.87711</y5>
			<x6>426.002361</x6>
			<y6>90.765997</y6>
			<x7>484.18123</x7>
			<y7>73.543793</y7>
			<x8>464.277968</x8>
			<y8>58.617885</y8>
		</polygon>
	</object>
	<object>
		<name>motorcycle</name>
		<pose>Unspecified</pose>
		<truncated>0</truncated>
		<difficult>0</difficult>
		<occluded>0</occluded>
		<bndbox>
			<xmin>566</xmin>
			<xmax>617</xmax>
			<ymin>264</ymin>
			<ymax>301</ymax>
		</bndbox>
		<polygon>
			<x1>583.103716</x1>
			<y1>300.400402</y1>
			<x2>615.84911</x2>
			<y2>295.136121</y2>
			<x3>597.476889</x3>
			<y3>262.988032</y3>
			<x4>565.325438</x4>
			<y4>275.617645</y4>
			<x5>583.103716</x5>
			<y5>300.400402</y5>
		</polygon>
	</object>
</annotation>
