<annotation>
	<folder></folder>
	<filename>WhatsApp-Image-2023-02-24-at-11-17-06-PM-1-_jpeg.rf.1c595c8d4fcea5afb47fea03cdcb2436.jpg</filename>
	<path>WhatsApp-Image-2023-02-24-at-11-17-06-PM-1-_jpeg.rf.1c595c8d4fcea5afb47fea03cdcb2436.jpg</path>
	<source>
		<database>roboflow.com</database>
	</source>
	<size>
		<width>640</width>
		<height>640</height>
		<depth>3</depth>
	</size>
	<segmented>0</segmented>
	<object>
		<name>Tree</name>
		<pose>Unspecified</pose>
		<truncated>0</truncated>
		<difficult>0</difficult>
		<occluded>0</occluded>
		<bndbox>
			<xmin>122</xmin>
			<xmax>543</xmax>
			<ymin>1</ymin>
			<ymax>517</ymax>
		</bndbox>
		<polygon>
			<x1>120.500649</x1>
			<y1>168.098403</y1>
			<x2>164.730096</x2>
			<y2>242.727911</y2>
			<x3>212.498089</x3>
			<y3>244.718054</y3>
			<x4>233.728213</x4>
			<y4>203.92057</y4>
			<x5>308.033931</x5>
			<y5>140.236686</y5>
			<x6>325.725653</x6>
			<y6>125.310776</y6>
			<x7>322.18725</x7>
			<y7>160.137912</y7>
			<x8>283.265262</x8>
			<y8>191.979834</y8>
			<x9>272.650201</x9>
			<y9>233.772389</y9>
			<x10>285.034463</x10>
			<y10>276.559976</y10>
			<x11>308.033931</x11>
			<y11>293.476028</y11>
			<x12>325.725653</x12>
			<y12>424.824001</y12>
			<x13>270.881</x13>
			<y13>420.843797</y13>
			<x14>182.421962</x14>
			<y14>499.45355</y14>
			<x15>185.960363</x15>
			<y15>514.37946</y15>
			<x16>502.643873</x16>
			<y16>516.369603</y16>
			<x17>438.95336</x17>
			<y17>426.814104</y17>
			<x18>355.80178</x18>
			<y18>423.82893</y18>
			<x19>352.263378</x19>
			<y19>128.29595</y19>
			<x20>458.414281</x20>
			<y20>171.083576</y20>
			<x21>477.875348</x21>
			<y21>217.851408</y21>
			<x22>530.9508</x22>
			<y22>198.945253</y22>
			<x23>541.565861</x23>
			<y23>122.325602</y23>
			<x24>490.25961</x24>
			<y24>78.542924</y24>
			<x25>437.184159</x25>
			<y25>84.513292</y25>
			<x26>362.87844</x26>
			<y26>108.394784</y26>
			<x27>385.877908</x27>
			<y27>60.631861</y27>
			<x28>430.107354</x28>
			<y28>46.701002</y28>
			<x29>447.79922</x29>
			<y29>69.587382</y29>
			<x30>504.413074</x30>
			<y30>50.681247</y30>
			<x31>412.415634</x31>
			<y31>2.918344</y31>
			<x32>336.340714</x32>
			<y32>20.829428</y32>
			<x33>256.727536</x33>
			<y33>0.928222</y33>
			<x34>161.808738</x34>
			<y34>0</y34>
			<x35>177.114359</x35>
			<y35>56.651615</y35>
			<x36>262.035139</x36>
			<y36>80.533046</y36>
			<x37>191.267822</x37>
			<y37>126.305827</y37>
			<x38>120.500649</x38>
			<y38>168.098403</y38>
		</polygon>
	</object>
	<object>
		<name>Pedestrian</name>
		<pose>Unspecified</pose>
		<truncated>0</truncated>
		<difficult>0</difficult>
		<occluded>0</occluded>
		<bndbox>
			<xmin>78</xmin>
			<xmax>237</xmax>
			<ymin>324</ymin>
			<ymax>494</ymax>
		</bndbox>
	</object>
	<object>
		<name>Pedestrian</name>
		<pose>Unspecified</pose>
		<truncated>0</truncated>
		<difficult>0</difficult>
		<occluded>0</occluded>
		<bndbox>
			<xmin>388</xmin>
			<xmax>452</xmax>
			<ymin>321</ymin>
			<ymax>429</ymax>
		</bndbox>
	</object>
	<object>
		<name>Pedestrian</name>
		<pose>Unspecified</pose>
		<truncated>0</truncated>
		<difficult>0</difficult>
		<occluded>0</occluded>
		<bndbox>
			<xmin>466</xmin>
			<xmax>537</xmax>
			<ymin>324</ymin>
			<ymax>427</ymax>
		</bndbox>
	</object>
	<object>
		<name>Pedestrian</name>
		<pose>Unspecified</pose>
		<truncated>0</truncated>
		<difficult>0</difficult>
		<occluded>0</occluded>
		<bndbox>
			<xmin>16</xmin>
			<xmax>74</xmax>
			<ymin>316</ymin>
			<ymax>419</ymax>
		</bndbox>
	</object>
	<object>
		<name>Pedestrian</name>
		<pose>Unspecified</pose>
		<truncated>0</truncated>
		<difficult>0</difficult>
		<occluded>0</occluded>
		<bndbox>
			<xmin>575</xmin>
			<xmax>638</xmax>
			<ymin>324</ymin>
			<ymax>446</ymax>
		</bndbox>
	</object>
</annotation>
