<annotation>
	<folder></folder>
	<filename>WhatsApp-Image-2023-02-24-at-11-22-45-PM-1-_jpeg.rf.2cffb64e92f0f5b45fb1cce6c1ea6ae9.jpg</filename>
	<path>WhatsApp-Image-2023-02-24-at-11-22-45-PM-1-_jpeg.rf.2cffb64e92f0f5b45fb1cce6c1ea6ae9.jpg</path>
	<source>
		<database>roboflow.com</database>
	</source>
	<size>
		<width>640</width>
		<height>640</height>
		<depth>3</depth>
	</size>
	<segmented>0</segmented>
	<object>
		<name>Pedestrian</name>
		<pose>Unspecified</pose>
		<truncated>0</truncated>
		<difficult>0</difficult>
		<occluded>0</occluded>
		<bndbox>
			<xmin>246</xmin>
			<xmax>339</xmax>
			<ymin>376</ymin>
			<ymax>529</ymax>
		</bndbox>
	</object>
	<object>
		<name>Pedestrian</name>
		<pose>Unspecified</pose>
		<truncated>0</truncated>
		<difficult>0</difficult>
		<occluded>0</occluded>
		<bndbox>
			<xmin>159</xmin>
			<xmax>239</xmax>
			<ymin>384</ymin>
			<ymax>519</ymax>
		</bndbox>
	</object>
	<object>
		<name>motorcycle</name>
		<pose>Unspecified</pose>
		<truncated>0</truncated>
		<difficult>0</difficult>
		<occluded>0</occluded>
		<bndbox>
			<xmin>438</xmin>
			<xmax>492</xmax>
			<ymin>373</ymin>
			<ymax>441</ymax>
		</bndbox>
	</object>
	<object>
		<name>Obstacle</name>
		<pose>Unspecified</pose>
		<truncated>0</truncated>
		<difficult>0</difficult>
		<occluded>0</occluded>
		<bndbox>
			<xmin>3</xmin>
			<xmax>172</xmax>
			<ymin>297</ymin>
			<ymax>490</ymax>
		</bndbox>
	</object>
	<object>
		<name>Pedestrian</name>
		<pose>Unspecified</pose>
		<truncated>0</truncated>
		<difficult>0</difficult>
		<occluded>0</occluded>
		<bndbox>
			<xmin>525</xmin>
			<xmax>641</xmax>
			<ymin>372</ymin>
			<ymax>555</ymax>
		</bndbox>
	</object>
</annotation>
