<annotation>
	<folder></folder>
	<filename>WhatsApp-Image-2023-02-24-at-11-11-27-PM-2-_jpeg.rf.8f752b94804a80e0db64b19a529e3f25.jpg</filename>
	<path>WhatsApp-Image-2023-02-24-at-11-11-27-PM-2-_jpeg.rf.8f752b94804a80e0db64b19a529e3f25.jpg</path>
	<source>
		<database>roboflow.com</database>
	</source>
	<size>
		<width>640</width>
		<height>640</height>
		<depth>3</depth>
	</size>
	<segmented>0</segmented>
	<object>
		<name>motorcycle</name>
		<pose>Unspecified</pose>
		<truncated>0</truncated>
		<difficult>0</difficult>
		<occluded>0</occluded>
		<bndbox>
			<xmin>521</xmin>
			<xmax>602</xmax>
			<ymin>266</ymin>
			<ymax>358</ymax>
		</bndbox>
	</object>
	<object>
		<name>motorcycle</name>
		<pose>Unspecified</pose>
		<truncated>0</truncated>
		<difficult>0</difficult>
		<occluded>0</occluded>
		<bndbox>
			<xmin>459</xmin>
			<xmax>482</xmax>
			<ymin>261</ymin>
			<ymax>309</ymax>
		</bndbox>
	</object>
	<object>
		<name>Footpath</name>
		<pose>Unspecified</pose>
		<truncated>0</truncated>
		<difficult>0</difficult>
		<occluded>0</occluded>
		<bndbox>
			<xmin>8</xmin>
			<xmax>641</xmax>
			<ymin>282</ymin>
			<ymax>639</ymax>
		</bndbox>
		<polygon>
			<x1>427.674197</x1>
			<y1>285.682095</y1>
			<x2>381.733057</x2>
			<y2>280.757548</y2>
			<x3>6.564065</x3>
			<y3>626.46154</y3>
			<x4>634.409203</x4>
			<y4>637.789317</y4>
			<x5>640</x5>
			<y5>533.142074</y5>
			<x6>427.674197</x6>
			<y6>285.682095</y6>
		</polygon>
	</object>
</annotation>
