<annotation>
	<folder></folder>
	<filename>WhatsApp-Image-2023-02-24-at-11-22-37-PM_jpeg.rf.7b7a09814147f7548ddb135633ad2006.jpg</filename>
	<path>WhatsApp-Image-2023-02-24-at-11-22-37-PM_jpeg.rf.7b7a09814147f7548ddb135633ad2006.jpg</path>
	<source>
		<database>roboflow.com</database>
	</source>
	<size>
		<width>640</width>
		<height>640</height>
		<depth>3</depth>
	</size>
	<segmented>0</segmented>
	<object>
		<name>Pedestrian</name>
		<pose>Unspecified</pose>
		<truncated>0</truncated>
		<difficult>0</difficult>
		<occluded>0</occluded>
		<bndbox>
			<xmin>367</xmin>
			<xmax>488</xmax>
			<ymin>390</ymin>
			<ymax>553</ymax>
		</bndbox>
	</object>
	<object>
		<name>Pedestrian</name>
		<pose>Unspecified</pose>
		<truncated>0</truncated>
		<difficult>0</difficult>
		<occluded>0</occluded>
		<bndbox>
			<xmin>246</xmin>
			<xmax>344</xmax>
			<ymin>368</ymin>
			<ymax>492</ymax>
		</bndbox>
	</object>
	<object>
		<name>Pedestrian</name>
		<pose>Unspecified</pose>
		<truncated>0</truncated>
		<difficult>0</difficult>
		<occluded>0</occluded>
		<bndbox>
			<xmin>142</xmin>
			<xmax>222</xmax>
			<ymin>392</ymin>
			<ymax>469</ymax>
		</bndbox>
	</object>
	<object>
		<name>Pedestrian</name>
		<pose>Unspecified</pose>
		<truncated>0</truncated>
		<difficult>0</difficult>
		<occluded>0</occluded>
		<bndbox>
			<xmin>78</xmin>
			<xmax>142</xmax>
			<ymin>381</ymin>
			<ymax>471</ymax>
		</bndbox>
	</object>
</annotation>
