<annotation>
	<folder></folder>
	<filename>WhatsApp-Image-2023-02-24-at-11-22-26-PM-1-_jpeg.rf.bddc04b69a055d5990f4866aca236d3b.jpg</filename>
	<path>WhatsApp-Image-2023-02-24-at-11-22-26-PM-1-_jpeg.rf.bddc04b69a055d5990f4866aca236d3b.jpg</path>
	<source>
		<database>roboflow.com</database>
	</source>
	<size>
		<width>640</width>
		<height>640</height>
		<depth>3</depth>
	</size>
	<segmented>0</segmented>
	<object>
		<name>Car</name>
		<pose>Unspecified</pose>
		<truncated>0</truncated>
		<difficult>0</difficult>
		<occluded>0</occluded>
		<bndbox>
			<xmin>70</xmin>
			<xmax>288</xmax>
			<ymin>224</ymin>
			<ymax>310</ymax>
		</bndbox>
	</object>
	<object>
		<name>motorcycle</name>
		<pose>Unspecified</pose>
		<truncated>0</truncated>
		<difficult>0</difficult>
		<occluded>0</occluded>
		<bndbox>
			<xmin>291</xmin>
			<xmax>331</xmax>
			<ymin>235</ymin>
			<ymax>278</ymax>
		</bndbox>
	</object>
</annotation>
