<annotation>
	<folder></folder>
	<filename>WhatsApp-Image-2023-02-24-at-11-22-43-PM_jpeg.rf.a03707df0d12bae8c27358d8671e1215.jpg</filename>
	<path>WhatsApp-Image-2023-02-24-at-11-22-43-PM_jpeg.rf.a03707df0d12bae8c27358d8671e1215.jpg</path>
	<source>
		<database>roboflow.com</database>
	</source>
	<size>
		<width>640</width>
		<height>640</height>
		<depth>3</depth>
	</size>
	<segmented>0</segmented>
	<object>
		<name>Obstacle</name>
		<pose>Unspecified</pose>
		<truncated>0</truncated>
		<difficult>0</difficult>
		<occluded>0</occluded>
		<bndbox>
			<xmin>67</xmin>
			<xmax>248</xmax>
			<ymin>329</ymin>
			<ymax>449</ymax>
		</bndbox>
	</object>
	<object>
		<name>Pedestrian</name>
		<pose>Unspecified</pose>
		<truncated>0</truncated>
		<difficult>0</difficult>
		<occluded>0</occluded>
		<bndbox>
			<xmin>314</xmin>
			<xmax>431</xmax>
			<ymin>368</ymin>
			<ymax>532</ymax>
		</bndbox>
	</object>
	<object>
		<name>Pedestrian</name>
		<pose>Unspecified</pose>
		<truncated>0</truncated>
		<difficult>0</difficult>
		<occluded>0</occluded>
		<bndbox>
			<xmin>477</xmin>
			<xmax>545</xmax>
			<ymin>355</ymin>
			<ymax>452</ymax>
		</bndbox>
	</object>
	<object>
		<name>motorcycle</name>
		<pose>Unspecified</pose>
		<truncated>0</truncated>
		<difficult>0</difficult>
		<occluded>0</occluded>
		<bndbox>
			<xmin>419</xmin>
			<xmax>486</xmax>
			<ymin>348</ymin>
			<ymax>454</ymax>
		</bndbox>
	</object>
</annotation>
