<annotation>
	<folder></folder>
	<filename>WhatsApp-Image-2023-02-24-at-11-26-48-PM_jpeg.rf.bf9151ade7a6cd6e290874394594cf94.jpg</filename>
	<path>WhatsApp-Image-2023-02-24-at-11-26-48-PM_jpeg.rf.bf9151ade7a6cd6e290874394594cf94.jpg</path>
	<source>
		<database>roboflow.com</database>
	</source>
	<size>
		<width>640</width>
		<height>640</height>
		<depth>3</depth>
	</size>
	<segmented>0</segmented>
	<object>
		<name>Pedestrian</name>
		<pose>Unspecified</pose>
		<truncated>0</truncated>
		<difficult>0</difficult>
		<occluded>0</occluded>
		<bndbox>
			<xmin>397</xmin>
			<xmax>445</xmax>
			<ymin>413</ymin>
			<ymax>494</ymax>
		</bndbox>
	</object>
	<object>
		<name>Pedestrian</name>
		<pose>Unspecified</pose>
		<truncated>0</truncated>
		<difficult>0</difficult>
		<occluded>0</occluded>
		<bndbox>
			<xmin>440</xmin>
			<xmax>488</xmax>
			<ymin>362</ymin>
			<ymax>446</ymax>
		</bndbox>
	</object>
	<object>
		<name>barrier</name>
		<pose>Unspecified</pose>
		<truncated>0</truncated>
		<difficult>0</difficult>
		<occluded>0</occluded>
		<bndbox>
			<xmin>155</xmin>
			<xmax>248</xmax>
			<ymin>403</ymin>
			<ymax>469</ymax>
		</bndbox>
	</object>
	<object>
		<name>motorcycle</name>
		<pose>Unspecified</pose>
		<truncated>0</truncated>
		<difficult>0</difficult>
		<occluded>0</occluded>
		<bndbox>
			<xmin>378</xmin>
			<xmax>410</xmax>
			<ymin>378</ymin>
			<ymax>407</ymax>
		</bndbox>
	</object>
	<object>
		<name>Pedestrian</name>
		<pose>Unspecified</pose>
		<truncated>0</truncated>
		<difficult>0</difficult>
		<occluded>0</occluded>
		<bndbox>
			<xmin>420</xmin>
			<xmax>440</xmax>
			<ymin>369</ymin>
			<ymax>412</ymax>
		</bndbox>
	</object>
</annotation>
