<annotation>
	<folder></folder>
	<filename>WhatsApp-Image-2023-02-24-at-11-11-24-PM_jpeg.rf.bd5a76a99bf4a2f7c6d58a59b5bc4498.jpg</filename>
	<path>WhatsApp-Image-2023-02-24-at-11-11-24-PM_jpeg.rf.bd5a76a99bf4a2f7c6d58a59b5bc4498.jpg</path>
	<source>
		<database>roboflow.com</database>
	</source>
	<size>
		<width>640</width>
		<height>640</height>
		<depth>3</depth>
	</size>
	<segmented>0</segmented>
	<object>
		<name>pothole</name>
		<pose>Unspecified</pose>
		<truncated>0</truncated>
		<difficult>0</difficult>
		<occluded>0</occluded>
		<bndbox>
			<xmin>190</xmin>
			<xmax>528</xmax>
			<ymin>335</ymin>
			<ymax>627</ymax>
		</bndbox>
		<polygon>
			<x1>464.277968</x1>
			<y1>548.876536</y1>
			<x2>399.975068</x2>
			<y2>347.95089</y2>
			<x3>280.555252</x3>
			<y3>334.173118</y3>
			<x4>188.693893</x4>
			<y4>610.876487</y4>
			<x5>527.049831</x5>
			<y5>625.802372</y5>
			<x6>488.774347</x6>
			<y6>541.987673</y6>
			<x7>464.277968</x7>
			<y7>548.876536</y7>
		</polygon>
	</object>
	<object>
		<name>Auto</name>
		<pose>Unspecified</pose>
		<truncated>0</truncated>
		<difficult>0</difficult>
		<occluded>0</occluded>
		<bndbox>
			<xmin>367</xmin>
			<xmax>410</xmax>
			<ymin>186</ymin>
			<ymax>223</ymax>
		</bndbox>
	</object>
	<object>
		<name>Bus</name>
		<pose>Unspecified</pose>
		<truncated>0</truncated>
		<difficult>0</difficult>
		<occluded>0</occluded>
		<bndbox>
			<xmin>332</xmin>
			<xmax>373</xmax>
			<ymin>180</ymin>
			<ymax>220</ymax>
		</bndbox>
	</object>
	<object>
		<name>Tree</name>
		<pose>Unspecified</pose>
		<truncated>0</truncated>
		<difficult>0</difficult>
		<occluded>0</occluded>
		<bndbox>
			<xmin>248</xmin>
			<xmax>349</xmax>
			<ymin>69</ymin>
			<ymax>211</ymax>
		</bndbox>
	</object>
	<object>
		<name>Footpath</name>
		<pose>Unspecified</pose>
		<truncated>0</truncated>
		<difficult>0</difficult>
		<occluded>0</occluded>
		<bndbox>
			<xmin>26</xmin>
			<xmax>521</xmax>
			<ymin>221</ymin>
			<ymax>641</ymax>
		</bndbox>
		<polygon>
			<x1>298.054667</x1>
			<y1>220.431471</y1>
			<x2>25.025603</x2>
			<y2>637.23077</y2>
			<x3>519.556478</x3>
			<y3>640</y3>
			<x4>365.325525</x4>
			<y4>227.818364</y4>
			<x5>298.054667</x5>
			<y5>220.431471</y5>
		</polygon>
	</object>
</annotation>
