<annotation>
	<folder></folder>
	<filename>WhatsApp-Image-2023-02-24-at-11-11-31-PM_jpeg.rf.3b1d29d07c9ea15b8eb243e5cfbf8ddb.jpg</filename>
	<path>WhatsApp-Image-2023-02-24-at-11-11-31-PM_jpeg.rf.3b1d29d07c9ea15b8eb243e5cfbf8ddb.jpg</path>
	<source>
		<database>roboflow.com</database>
	</source>
	<size>
		<width>640</width>
		<height>640</height>
		<depth>3</depth>
	</size>
	<segmented>0</segmented>
	<object>
		<name>Car</name>
		<pose>Unspecified</pose>
		<truncated>0</truncated>
		<difficult>0</difficult>
		<occluded>0</occluded>
		<bndbox>
			<xmin>181</xmin>
			<xmax>447</xmax>
			<ymin>249</ymin>
			<ymax>387</ymax>
		</bndbox>
		<polygon>
			<x1>179.507782</x1>
			<y1>319.247233</y1>
			<x2>200.942082</x2>
			<y2>354.839753</y2>
			<x3>369.354531</x3>
			<y3>352.543481</y3>
			<x4>372.41661</x4>
			<y4>385.839729</y4>
			<x5>421.409368</x5>
			<y5>370.913797</y5>
			<x6>445.667819</x6>
			<y6>352.708095</y6>
			<x7>416.81625</x7>
			<y7>281.358395</y7>
			<x8>369.354531</x8>
			<y8>248.0621</y8>
			<x9>243.810683</x9>
			<y9>267.580623</y9>
			<x10>179.507782</x10>
			<y10>319.247233</y10>
		</polygon>
	</object>
	<object>
		<name>Tree</name>
		<pose>Unspecified</pose>
		<truncated>0</truncated>
		<difficult>0</difficult>
		<occluded>0</occluded>
		<bndbox>
			<xmin>1</xmin>
			<xmax>487</xmax>
			<ymin>8</ymin>
			<ymax>357</ymax>
		</bndbox>
		<polygon>
			<x1>485.712269</x1>
			<y1>62.06234</y1>
			<x2>395.38195</x2>
			<y2>10.395729</y2>
			<x3>3.440136</x3>
			<y3>6.951298</y3>
			<x4>0</x4>
			<y4>252.708095</y4>
			<x5>24.874562</x5>
			<y5>355.987913</y5>
			<x6>173.38375</x6>
			<y6>349.099003</y6>
			<x7>422.940408</x7>
			<y7>163.099242</y7>
			<x8>485.712269</x8>
			<y8>62.06234</y8>
		</polygon>
	</object>
	<object>
		<name>Tree</name>
		<pose>Unspecified</pose>
		<truncated>0</truncated>
		<difficult>0</difficult>
		<occluded>0</occluded>
		<bndbox>
			<xmin>412</xmin>
			<xmax>621</xmax>
			<ymin>95</ymin>
			<ymax>334</ymax>
		</bndbox>
		<polygon>
			<x1>620.442354</x1>
			<y1>113.728927</y1>
			<x2>545.422178</x2>
			<y2>94.210428</y2>
			<x3>482.650191</x3>
			<y3>118.321518</y3>
			<x4>429.06444</x4>
			<y4>145.877039</y4>
			<x5>410.692218</x5>
			<y5>186.062196</y5>
			<x6>422.940408</x6>
			<y6>210.173262</y6>
			<x7>450.49874</x7>
			<y7>227.395466</y7>
			<x8>491.836301</x8>
			<y8>242.321397</y8>
			<x9>460.026793</x9>
			<y9>332.708095</y9>
			<x10>501.022537</x10>
			<y10>333.024959</y10>
			<x11>525.518916</x11>
			<y11>248.0621</y11>
			<x12>606.663</x12>
			<y12>219.358444</y12>
			<x13>620.442354</x13>
			<y13>113.728927</y13>
		</polygon>
	</object>
	<object>
		<name>Footpath</name>
		<pose>Unspecified</pose>
		<truncated>0</truncated>
		<difficult>0</difficult>
		<occluded>0</occluded>
		<bndbox>
			<xmin>50</xmin>
			<xmax>641</xmax>
			<ymin>358</ymin>
			<ymax>641</ymax>
		</bndbox>
		<polygon>
			<x1>450.644767</x1>
			<y1>366.93763</y1>
			<x2>191.405709</x2>
			<y2>357.088487</y2>
			<x3>48.693325</x3>
			<y3>639.934406</y3>
			<x4>640</x4>
			<y4>637.789317</y4>
			<x5>450.644767</x5>
			<y5>366.93763</y5>
		</polygon>
	</object>
</annotation>
