<annotation>
	<folder></folder>
	<filename>WhatsApp-Image-2023-02-24-at-11-11-23-PM-2-_jpeg.rf.51c6bfc9f986e8af98adad004a6b2c92.jpg</filename>
	<path>WhatsApp-Image-2023-02-24-at-11-11-23-PM-2-_jpeg.rf.51c6bfc9f986e8af98adad004a6b2c92.jpg</path>
	<source>
		<database>roboflow.com</database>
	</source>
	<size>
		<width>640</width>
		<height>640</height>
		<depth>3</depth>
	</size>
	<segmented>0</segmented>
	<object>
		<name>Tree</name>
		<pose>Unspecified</pose>
		<truncated>0</truncated>
		<difficult>0</difficult>
		<occluded>0</occluded>
		<bndbox>
			<xmin>361</xmin>
			<xmax>557</xmax>
			<ymin>12</ymin>
			<ymax>503</ymax>
		</bndbox>
	</object>
	<object>
		<name>Tree</name>
		<pose>Unspecified</pose>
		<truncated>0</truncated>
		<difficult>0</difficult>
		<occluded>0</occluded>
		<bndbox>
			<xmin>289</xmin>
			<xmax>357</xmax>
			<ymin>335</ymin>
			<ymax>436</ymax>
		</bndbox>
	</object>
	<object>
		<name>Pedestrian</name>
		<pose>Unspecified</pose>
		<truncated>0</truncated>
		<difficult>0</difficult>
		<occluded>0</occluded>
		<bndbox>
			<xmin>289</xmin>
			<xmax>358</xmax>
			<ymin>329</ymin>
			<ymax>436</ymax>
		</bndbox>
	</object>
	<object>
		<name>motorcycle</name>
		<pose>Unspecified</pose>
		<truncated>0</truncated>
		<difficult>0</difficult>
		<occluded>0</occluded>
		<bndbox>
			<xmin>478</xmin>
			<xmax>521</xmax>
			<ymin>334</ymin>
			<ymax>387</ymax>
		</bndbox>
	</object>
	<object>
		<name>Footpath</name>
		<pose>Unspecified</pose>
		<truncated>0</truncated>
		<difficult>0</difficult>
		<occluded>0</occluded>
		<bndbox>
			<xmin>1</xmin>
			<xmax>635</xmax>
			<ymin>357</ymin>
			<ymax>641</ymax>
		</bndbox>
		<polygon>
			<x1>301.336124</x1>
			<y1>355.857314</y1>
			<x2>0</x2>
			<y2>638.769232</y2>
			<x3>634.409203</x3>
			<y3>640</y3>
			<x4>398.140589</x4>
			<y4>362.013035</y4>
			<x5>301.336124</x5>
			<y5>355.857314</y5>
		</polygon>
	</object>
</annotation>
