<annotation>
	<folder></folder>
	<filename>WhatsApp-Image-2023-02-24-at-11-11-30-PM-1-_jpeg.rf.707c7f681a061fe017daf5ac2d2478de.jpg</filename>
	<path>WhatsApp-Image-2023-02-24-at-11-11-30-PM-1-_jpeg.rf.707c7f681a061fe017daf5ac2d2478de.jpg</path>
	<source>
		<database>roboflow.com</database>
	</source>
	<size>
		<width>640</width>
		<height>640</height>
		<depth>3</depth>
	</size>
	<segmented>0</segmented>
	<object>
		<name>Obstacle</name>
		<pose>Unspecified</pose>
		<truncated>0</truncated>
		<difficult>0</difficult>
		<occluded>0</occluded>
		<bndbox>
			<xmin>385</xmin>
			<xmax>444</xmax>
			<ymin>323</ymin>
			<ymax>457</ymax>
		</bndbox>
		<polygon>
			<x1>384.129357</x1>
			<y1>321.938864</y1>
			<x2>389.257918</x2>
			<y2>455.876655</y2>
			<x3>442.843669</x3>
			<y3>448.987793</y3>
			<x4>430.595479</x4>
			<y4>324.987937</y4>
			<x5>384.129357</x5>
			<y5>321.938864</y5>
		</polygon>
	</object>
	<object>
		<name>Obstacle</name>
		<pose>Unspecified</pose>
		<truncated>0</truncated>
		<difficult>0</difficult>
		<occluded>0</occluded>
		<bndbox>
			<xmin>3</xmin>
			<xmax>343</xmax>
			<ymin>280</ymin>
			<ymax>435</ymax>
		</bndbox>
		<polygon>
			<x1>6.502215</x1>
			<y1>343.3583</y1>
			<x2>1.909222</x2>
			<y2>420.284042</y2>
			<x3>148.887371</x3>
			<y3>434.061861</y3>
			<x4>341.796199</x4>
			<y4>374.358228</y4>
			<x5>252.996919</x5>
			<y5>280.210236</y5>
			<x6>151.949324</x6>
			<y6>279.062076</y6>
			<x7>6.502215</x7>
			<y7>343.3583</y7>
		</polygon>
	</object>
	<object>
		<name>pothole</name>
		<pose>Unspecified</pose>
		<truncated>0</truncated>
		<difficult>0</difficult>
		<occluded>0</occluded>
		<bndbox>
			<xmin>499</xmin>
			<xmax>641</xmax>
			<ymin>373</ymin>
			<ymax>476</ymax>
		</bndbox>
		<polygon>
			<x1>582.166745</x1>
			<y1>373.210116</y1>
			<x2>497.960459</x2>
			<y2>372.061956</y2>
			<x3>637.283411</x3>
			<y3>475.395178</y3>
			<x4>640</x4>
			<y4>407.654523</y4>
			<x5>582.166745</x5>
			<y5>373.210116</y5>
		</polygon>
	</object>
	<object>
		<name>Pedestrian</name>
		<pose>Unspecified</pose>
		<truncated>0</truncated>
		<difficult>0</difficult>
		<occluded>0</occluded>
		<bndbox>
			<xmin>453</xmin>
			<xmax>493</xmax>
			<ymin>296</ymin>
			<ymax>352</ymax>
		</bndbox>
		<polygon>
			<x1>478.057198</x1>
			<y1>295.136121</y1>
			<x2>451.821665</x2>
			<y2>297.323479</y2>
			<x3>453.560819</x3>
			<y3>327.284255</y3>
			<x4>465.809008</x4>
			<y4>350.247162</y4>
			<x5>491.836301</x5>
			<y5>351.395322</y5>
			<x6>478.057198</x6>
			<y6>295.136121</y6>
		</polygon>
	</object>
	<object>
		<name>Footpath</name>
		<pose>Unspecified</pose>
		<truncated>0</truncated>
		<difficult>0</difficult>
		<occluded>0</occluded>
		<bndbox>
			<xmin>391</xmin>
			<xmax>641</xmax>
			<ymin>327</ymin>
			<ymax>641</ymax>
		</bndbox>
		<polygon>
			<x1>407.985083</x1>
			<y1>326.309886</y1>
			<x2>390.153808</x2>
			<y2>631.076924</y2>
			<x3>640</x3>
			<y3>640</y3>
			<x4>537.604612</x4>
			<y4>328.772137</y4>
			<x5>407.985083</x5>
			<y5>326.309886</y5>
		</polygon>
	</object>
</annotation>
