<annotation>
	<folder></folder>
	<filename>WhatsApp-Image-2023-02-24-at-11-22-20-PM_jpeg.rf.b3c228b33091e64fcc0733c23d504f34.jpg</filename>
	<path>WhatsApp-Image-2023-02-24-at-11-22-20-PM_jpeg.rf.b3c228b33091e64fcc0733c23d504f34.jpg</path>
	<source>
		<database>roboflow.com</database>
	</source>
	<size>
		<width>640</width>
		<height>640</height>
		<depth>3</depth>
	</size>
	<segmented>0</segmented>
	<object>
		<name>Pedestrian</name>
		<pose>Unspecified</pose>
		<truncated>0</truncated>
		<difficult>0</difficult>
		<occluded>0</occluded>
		<bndbox>
			<xmin>170</xmin>
			<xmax>275</xmax>
			<ymin>378</ymin>
			<ymax>525</ymax>
		</bndbox>
	</object>
	<object>
		<name>Pedestrian</name>
		<pose>Unspecified</pose>
		<truncated>0</truncated>
		<difficult>0</difficult>
		<occluded>0</occluded>
		<bndbox>
			<xmin>338</xmin>
			<xmax>454</xmax>
			<ymin>396</ymin>
			<ymax>566</ymax>
		</bndbox>
	</object>
	<object>
		<name>Pedestrian</name>
		<pose>Unspecified</pose>
		<truncated>0</truncated>
		<difficult>0</difficult>
		<occluded>0</occluded>
		<bndbox>
			<xmin>80</xmin>
			<xmax>164</xmax>
			<ymin>376</ymin>
			<ymax>506</ymax>
		</bndbox>
	</object>
	<object>
		<name>Pedestrian</name>
		<pose>Unspecified</pose>
		<truncated>0</truncated>
		<difficult>0</difficult>
		<occluded>0</occluded>
		<bndbox>
			<xmin>459</xmin>
			<xmax>536</xmax>
			<ymin>386</ymin>
			<ymax>517</ymax>
		</bndbox>
	</object>
	<object>
		<name>Pedestrian</name>
		<pose>Unspecified</pose>
		<truncated>0</truncated>
		<difficult>0</difficult>
		<occluded>0</occluded>
		<bndbox>
			<xmin>286</xmin>
			<xmax>350</xmax>
			<ymin>383</ymin>
			<ymax>531</ymax>
		</bndbox>
	</object>
</annotation>
