<annotation>
	<folder></folder>
	<filename>WhatsApp-Image-2023-02-24-at-11-22-44-PM-1-_jpeg.rf.7ccfe81ad6fb97a0e36ce4bcc788e830.jpg</filename>
	<path>WhatsApp-Image-2023-02-24-at-11-22-44-PM-1-_jpeg.rf.7ccfe81ad6fb97a0e36ce4bcc788e830.jpg</path>
	<source>
		<database>roboflow.com</database>
	</source>
	<size>
		<width>640</width>
		<height>640</height>
		<depth>3</depth>
	</size>
	<segmented>0</segmented>
	<object>
		<name>motorcycle</name>
		<pose>Unspecified</pose>
		<truncated>0</truncated>
		<difficult>0</difficult>
		<occluded>0</occluded>
		<bndbox>
			<xmin>330</xmin>
			<xmax>417</xmax>
			<ymin>424</ymin>
			<ymax>485</ymax>
		</bndbox>
	</object>
	<object>
		<name>Pedestrian</name>
		<pose>Unspecified</pose>
		<truncated>0</truncated>
		<difficult>0</difficult>
		<occluded>0</occluded>
		<bndbox>
			<xmin>407</xmin>
			<xmax>462</xmax>
			<ymin>408</ymin>
			<ymax>493</ymax>
		</bndbox>
	</object>
	<object>
		<name>Pedestrian</name>
		<pose>Unspecified</pose>
		<truncated>0</truncated>
		<difficult>0</difficult>
		<occluded>0</occluded>
		<bndbox>
			<xmin>524</xmin>
			<xmax>588</xmax>
			<ymin>400</ymin>
			<ymax>463</ymax>
		</bndbox>
	</object>
</annotation>
