<annotation>
	<folder></folder>
	<filename>WhatsApp-Image-2023-02-24-at-11-11-31-PM-1-_jpeg.rf.0ca37219abc3e522955930be378c3e9a.jpg</filename>
	<path>WhatsApp-Image-2023-02-24-at-11-11-31-PM-1-_jpeg.rf.0ca37219abc3e522955930be378c3e9a.jpg</path>
	<source>
		<database>roboflow.com</database>
	</source>
	<size>
		<width>640</width>
		<height>640</height>
		<depth>3</depth>
	</size>
	<segmented>0</segmented>
	<object>
		<name>Pedestrian</name>
		<pose>Unspecified</pose>
		<truncated>0</truncated>
		<difficult>0</difficult>
		<occluded>0</occluded>
		<bndbox>
			<xmin>490</xmin>
			<xmax>615</xmax>
			<ymin>208</ymin>
			<ymax>445</ymax>
		</bndbox>
		<polygon>
			<x1>488.774347</x1>
			<y1>291.691689</y1>
			<x2>522.456838</x2>
			<y2>302.02503</y2>
			<x3>517.863719</x3>
			<y3>442.09893</y3>
			<x4>545.422178</x4>
			<y4>444.395296</y4>
			<x5>566.856478</x5>
			<y5>421.432249</y5>
			<x6>594.41481</x6>
			<y6>293.988008</y6>
			<x7>614.318197</x7>
			<y7>281.358395</y7>
			<x8>576.94987</x8>
			<y8>206.554249</y8>
			<x9>545.422178</x9>
			<y9>206.728831</y9>
			<x10>543.891138</x10>
			<y10>243.46951</y10>
			<x11>510.208648</x11>
			<y11>244.617669</y11>
			<x12>488.774347</x12>
			<y12>291.691689</y12>
		</polygon>
	</object>
	<object>
		<name>pole</name>
		<pose>Unspecified</pose>
		<truncated>0</truncated>
		<difficult>0</difficult>
		<occluded>0</occluded>
		<bndbox>
			<xmin>406</xmin>
			<xmax>517</xmax>
			<ymin>8</ymin>
			<ymax>351</ymax>
		</bndbox>
		<polygon>
			<x1>480.539614</x1>
			<y1>349.631172</y1>
			<x2>516.33268</x2>
			<y2>6.951298</y2>
			<x3>433.657557</x3>
			<y3>71.247498</y3>
			<x4>404.568061</x4>
			<y4>328.432368</y4>
			<x5>480.539614</x5>
			<y5>349.631172</y5>
		</polygon>
	</object>
	<object>
		<name>Tree</name>
		<pose>Unspecified</pose>
		<truncated>0</truncated>
		<difficult>0</difficult>
		<occluded>0</occluded>
		<bndbox>
			<xmin>346</xmin>
			<xmax>635</xmax>
			<ymin>95</ymin>
			<ymax>301</ymax>
		</bndbox>
		<polygon>
			<x1>360.168421</x1>
			<y1>299.728711</y1>
			<x2>401.505982</x2>
			<y2>295.136121</y2>
			<x3>415.285211</x3>
			<y3>218.210284</y3>
			<x4>519.394759</x4>
			<y4>223.951034</y4>
			<x5>569.918557</x5>
			<y5>191.802946</y5>
			<x6>617.380275</x6>
			<y6>228.543625</y6>
			<x7>634.221333</x7>
			<y7>183.765877</y7>
			<x8>615.84911</x8>
			<y8>149.321517</y8>
			<x9>545.422178</x9>
			<y9>117.173382</y9>
			<x10>501.022537</x10>
			<y10>117.173382</y10>
			<x11>455.091858</x11>
			<y11>94.210428</y11>
			<x12>429.06444</x12>
			<y12>97.654906</y12>
			<x13>390.283203</x13>
			<y13>97.323479</y13>
			<x14>344.858152</x14>
			<y14>148.173358</y14>
			<x15>354.044388</x15>
			<y15>191.802946</y15>
			<x16>390.788832</x16>
			<y16>213.617694</y16>
			<x17>360.168421</x17>
			<y17>299.728711</y17>
		</polygon>
	</object>
	<object>
		<name>Pedestrian</name>
		<pose>Unspecified</pose>
		<truncated>0</truncated>
		<difficult>0</difficult>
		<occluded>0</occluded>
		<bndbox>
			<xmin>283</xmin>
			<xmax>318</xmax>
			<ymin>231</ymin>
			<ymax>303</ymax>
		</bndbox>
		<polygon>
			<x1>281.565255</x1>
			<y1>229.631172</y1>
			<x2>289.741362</x2>
			<y2>302.02503</y2>
			<x3>317.29982</x3>
			<y3>297.432439</y3>
			<x4>317.29982</x4>
			<y4>229.691785</y4>
			<x5>281.565255</x5>
			<y5>229.631172</y5>
		</polygon>
	</object>
	<object>
		<name>Footpath</name>
		<pose>Unspecified</pose>
		<truncated>0</truncated>
		<difficult>0</difficult>
		<occluded>0</occluded>
		<bndbox>
			<xmin>73</xmin>
			<xmax>641</xmax>
			<ymin>263</ymin>
			<ymax>640</ymax>
		</bndbox>
		<polygon>
			<x1>303.386653</x1>
			<y1>262.290387</y1>
			<x2>72.205122</x2>
			<y2>623.384617</y2>
			<x3>640</x3>
			<y3>639.020442</y3>
			<x4>411.679554</x4>
			<y4>267.214935</y4>
			<x5>303.386653</x5>
			<y5>262.290387</y5>
		</polygon>
	</object>
</annotation>
