<annotation>
	<folder></folder>
	<filename>WhatsApp-Image-2023-02-24-at-11-17-18-PM_jpeg.rf.b7db8480ab81b0606a349b38c7b16b37.jpg</filename>
	<path>WhatsApp-Image-2023-02-24-at-11-17-18-PM_jpeg.rf.b7db8480ab81b0606a349b38c7b16b37.jpg</path>
	<source>
		<database>roboflow.com</database>
	</source>
	<size>
		<width>640</width>
		<height>640</height>
		<depth>3</depth>
	</size>
	<segmented>0</segmented>
	<object>
		<name>Car</name>
		<pose>Unspecified</pose>
		<truncated>0</truncated>
		<difficult>0</difficult>
		<occluded>0</occluded>
		<bndbox>
			<xmin>1</xmin>
			<xmax>280</xmax>
			<ymin>379</ymin>
			<ymax>479</ymax>
		</bndbox>
	</object>
	<object>
		<name>motorcycle</name>
		<pose>Unspecified</pose>
		<truncated>0</truncated>
		<difficult>0</difficult>
		<occluded>0</occluded>
		<bndbox>
			<xmin>566</xmin>
			<xmax>640</xmax>
			<ymin>382</ymin>
			<ymax>539</ymax>
		</bndbox>
	</object>
	<object>
		<name>Car</name>
		<pose>Unspecified</pose>
		<truncated>0</truncated>
		<difficult>0</difficult>
		<occluded>0</occluded>
		<bndbox>
			<xmin>481</xmin>
			<xmax>598</xmax>
			<ymin>367</ymin>
			<ymax>468</ymax>
		</bndbox>
	</object>
	<object>
		<name>Auto</name>
		<pose>Unspecified</pose>
		<truncated>0</truncated>
		<difficult>0</difficult>
		<occluded>0</occluded>
		<bndbox>
			<xmin>340</xmin>
			<xmax>456</xmax>
			<ymin>376</ymin>
			<ymax>446</ymax>
		</bndbox>
	</object>
</annotation>
