<annotation>
	<folder></folder>
	<filename>WhatsApp-Image-2023-02-24-at-11-11-32-PM-2-_jpeg.rf.0111273576694d425eef8e52882539df.jpg</filename>
	<path>WhatsApp-Image-2023-02-24-at-11-11-32-PM-2-_jpeg.rf.0111273576694d425eef8e52882539df.jpg</path>
	<source>
		<database>roboflow.com</database>
	</source>
	<size>
		<width>640</width>
		<height>640</height>
		<depth>3</depth>
	</size>
	<segmented>0</segmented>
	<object>
		<name>Pedestrian</name>
		<pose>Unspecified</pose>
		<truncated>0</truncated>
		<difficult>0</difficult>
		<occluded>0</occluded>
		<bndbox>
			<xmin>353</xmin>
			<xmax>451</xmax>
			<ymin>296</ymin>
			<ymax>490</ymax>
		</bndbox>
	</object>
	<object>
		<name>Pedestrian</name>
		<pose>Unspecified</pose>
		<truncated>0</truncated>
		<difficult>0</difficult>
		<occluded>0</occluded>
		<bndbox>
			<xmin>309</xmin>
			<xmax>342</xmax>
			<ymin>308</ymin>
			<ymax>375</ymax>
		</bndbox>
	</object>
	<object>
		<name>pole</name>
		<pose>Unspecified</pose>
		<truncated>0</truncated>
		<difficult>0</difficult>
		<occluded>0</occluded>
		<bndbox>
			<xmin>442</xmin>
			<xmax>461</xmax>
			<ymin>1</ymin>
			<ymax>413</ymax>
		</bndbox>
	</object>
	<object>
		<name>pothole</name>
		<pose>Unspecified</pose>
		<truncated>0</truncated>
		<difficult>0</difficult>
		<occluded>0</occluded>
		<bndbox>
			<xmin>508</xmin>
			<xmax>641</xmax>
			<ymin>456</ymin>
			<ymax>601</ymax>
		</bndbox>
	</object>
	<object>
		<name>Footpath</name>
		<pose>Unspecified</pose>
		<truncated>0</truncated>
		<difficult>0</difficult>
		<occluded>0</occluded>
		<bndbox>
			<xmin>122</xmin>
			<xmax>641</xmax>
			<ymin>331</ymin>
			<ymax>638</ymax>
		</bndbox>
		<polygon>
			<x1>319.38451</x1>
			<y1>330.003309</y1>
			<x2>121.43586</x2>
			<y2>632.615386</y2>
			<x3>640</x3>
			<y3>636.558191</y3>
			<x4>445.722457</x4>
			<y4>343.545874</y4>
			<x5>319.38451</x5>
			<y5>330.003309</y5>
		</polygon>
	</object>
</annotation>
