<annotation>
	<folder></folder>
	<filename>WhatsApp-Image-2023-02-24-at-11-17-05-PM-1-_jpeg.rf.c3a215ead893f8ab65fda35f812f4b5d.jpg</filename>
	<path>WhatsApp-Image-2023-02-24-at-11-17-05-PM-1-_jpeg.rf.c3a215ead893f8ab65fda35f812f4b5d.jpg</path>
	<source>
		<database>roboflow.com</database>
	</source>
	<size>
		<width>640</width>
		<height>640</height>
		<depth>3</depth>
	</size>
	<segmented>0</segmented>
	<object>
		<name>pothole</name>
		<pose>Unspecified</pose>
		<truncated>0</truncated>
		<difficult>0</difficult>
		<occluded>0</occluded>
		<bndbox>
			<xmin>2</xmin>
			<xmax>128</xmax>
			<ymin>425</ymin>
			<ymax>443</ymax>
		</bndbox>
	</object>
	<object>
		<name>pole</name>
		<pose>Unspecified</pose>
		<truncated>0</truncated>
		<difficult>0</difficult>
		<occluded>0</occluded>
		<bndbox>
			<xmin>58</xmin>
			<xmax>185</xmax>
			<ymin>212</ymin>
			<ymax>431</ymax>
		</bndbox>
	</object>
	<object>
		<name>signboard</name>
		<pose>Unspecified</pose>
		<truncated>0</truncated>
		<difficult>0</difficult>
		<occluded>0</occluded>
		<bndbox>
			<xmin>543</xmin>
			<xmax>595</xmax>
			<ymin>372</ymin>
			<ymax>414</ymax>
		</bndbox>
	</object>
	<object>
		<name>pothole</name>
		<pose>Unspecified</pose>
		<truncated>0</truncated>
		<difficult>0</difficult>
		<occluded>0</occluded>
		<bndbox>
			<xmin>599</xmin>
			<xmax>641</xmax>
			<ymin>404</ymin>
			<ymax>428</ymax>
		</bndbox>
	</object>
	<object>
		<name>signboard</name>
		<pose>Unspecified</pose>
		<truncated>0</truncated>
		<difficult>0</difficult>
		<occluded>0</occluded>
		<bndbox>
			<xmin>569</xmin>
			<xmax>625</xmax>
			<ymin>349</ymin>
			<ymax>370</ymax>
		</bndbox>
	</object>
</annotation>
