<annotation>
	<folder></folder>
	<filename>WhatsApp-Image-2023-02-24-at-11-22-41-PM_jpeg.rf.3ad0a279c39d7c0bedd860e05b4ac2e6.jpg</filename>
	<path>WhatsApp-Image-2023-02-24-at-11-22-41-PM_jpeg.rf.3ad0a279c39d7c0bedd860e05b4ac2e6.jpg</path>
	<source>
		<database>roboflow.com</database>
	</source>
	<size>
		<width>640</width>
		<height>640</height>
		<depth>3</depth>
	</size>
	<segmented>0</segmented>
	<object>
		<name>motorcycle</name>
		<pose>Unspecified</pose>
		<truncated>0</truncated>
		<difficult>0</difficult>
		<occluded>0</occluded>
		<bndbox>
			<xmin>74</xmin>
			<xmax>271</xmax>
			<ymin>378</ymin>
			<ymax>599</ymax>
		</bndbox>
	</object>
	<object>
		<name>motorcycle</name>
		<pose>Unspecified</pose>
		<truncated>0</truncated>
		<difficult>0</difficult>
		<occluded>0</occluded>
		<bndbox>
			<xmin>341</xmin>
			<xmax>415</xmax>
			<ymin>323</ymin>
			<ymax>373</ymax>
		</bndbox>
	</object>
	<object>
		<name>motorcycle</name>
		<pose>Unspecified</pose>
		<truncated>0</truncated>
		<difficult>0</difficult>
		<occluded>0</occluded>
		<bndbox>
			<xmin>246</xmin>
			<xmax>292</xmax>
			<ymin>316</ymin>
			<ymax>369</ymax>
		</bndbox>
	</object>
</annotation>
