<annotation>
	<folder></folder>
	<filename>WhatsApp-Image-2023-02-24-at-11-22-25-PM_jpeg.rf.0599e082170b3b75b70f8ea1df2b8772.jpg</filename>
	<path>WhatsApp-Image-2023-02-24-at-11-22-25-PM_jpeg.rf.0599e082170b3b75b70f8ea1df2b8772.jpg</path>
	<source>
		<database>roboflow.com</database>
	</source>
	<size>
		<width>640</width>
		<height>640</height>
		<depth>3</depth>
	</size>
	<segmented>0</segmented>
	<object>
		<name>pole</name>
		<pose>Unspecified</pose>
		<truncated>0</truncated>
		<difficult>0</difficult>
		<occluded>0</occluded>
		<bndbox>
			<xmin>493</xmin>
			<xmax>557</xmax>
			<ymin>118</ymin>
			<ymax>405</ymax>
		</bndbox>
	</object>
	<object>
		<name>Auto</name>
		<pose>Unspecified</pose>
		<truncated>0</truncated>
		<difficult>0</difficult>
		<occluded>0</occluded>
		<bndbox>
			<xmin>400</xmin>
			<xmax>453</xmax>
			<ymin>327</ymin>
			<ymax>364</ymax>
		</bndbox>
	</object>
	<object>
		<name>motorcycle</name>
		<pose>Unspecified</pose>
		<truncated>0</truncated>
		<difficult>0</difficult>
		<occluded>0</occluded>
		<bndbox>
			<xmin>23</xmin>
			<xmax>68</xmax>
			<ymin>329</ymin>
			<ymax>366</ymax>
		</bndbox>
	</object>
	<object>
		<name>Pedestrian</name>
		<pose>Unspecified</pose>
		<truncated>0</truncated>
		<difficult>0</difficult>
		<occluded>0</occluded>
		<bndbox>
			<xmin>127</xmin>
			<xmax>151</xmax>
			<ymin>335</ymin>
			<ymax>354</ymax>
		</bndbox>
	</object>
	<object>
		<name>motorcycle</name>
		<pose>Unspecified</pose>
		<truncated>0</truncated>
		<difficult>0</difficult>
		<occluded>0</occluded>
		<bndbox>
			<xmin>284</xmin>
			<xmax>300</xmax>
			<ymin>331</ymin>
			<ymax>347</ymax>
		</bndbox>
	</object>
	<object>
		<name>Car</name>
		<pose>Unspecified</pose>
		<truncated>0</truncated>
		<difficult>0</difficult>
		<occluded>0</occluded>
		<bndbox>
			<xmin>307</xmin>
			<xmax>333</xmax>
			<ymin>331</ymin>
			<ymax>343</ymax>
		</bndbox>
	</object>
	<object>
		<name>motorcycle</name>
		<pose>Unspecified</pose>
		<truncated>0</truncated>
		<difficult>0</difficult>
		<occluded>0</occluded>
		<bndbox>
			<xmin>333</xmin>
			<xmax>343</xmax>
			<ymin>331</ymin>
			<ymax>345</ymax>
		</bndbox>
	</object>
	<object>
		<name>motorcycle</name>
		<pose>Unspecified</pose>
		<truncated>0</truncated>
		<difficult>0</difficult>
		<occluded>0</occluded>
		<bndbox>
			<xmin>494</xmin>
			<xmax>507</xmax>
			<ymin>339</ymin>
			<ymax>353</ymax>
		</bndbox>
	</object>
	<object>
		<name>Footpath</name>
		<pose>Unspecified</pose>
		<truncated>0</truncated>
		<difficult>0</difficult>
		<occluded>0</occluded>
		<bndbox>
			<xmin>146</xmin>
			<xmax>641</xmax>
			<ymin>334</ymin>
			<ymax>641</ymax>
		</bndbox>
		<polygon>
			<x1>518.366824</x1>
			<y1>334.004284</y1>
			<x2>145.066623</x2>
			<y2>639.733334</y2>
			<x3>639.709668</x3>
			<y3>638.092559</y3>
			<x4>620.749853</x4>
			<y4>332.937284</y4>
			<x5>518.366824</x5>
			<y5>334.004284</y5>
		</polygon>
	</object>
</annotation>
