<annotation>
	<folder></folder>
	<filename>WhatsApp-Image-2023-02-24-at-11-22-31-PM_jpeg.rf.170a831b82b8bd0078297e46450ee223.jpg</filename>
	<path>WhatsApp-Image-2023-02-24-at-11-22-31-PM_jpeg.rf.170a831b82b8bd0078297e46450ee223.jpg</path>
	<source>
		<database>roboflow.com</database>
	</source>
	<size>
		<width>640</width>
		<height>640</height>
		<depth>3</depth>
	</size>
	<segmented>0</segmented>
	<object>
		<name>Car</name>
		<pose>Unspecified</pose>
		<truncated>0</truncated>
		<difficult>0</difficult>
		<occluded>0</occluded>
		<bndbox>
			<xmin>401</xmin>
			<xmax>488</xmax>
			<ymin>367</ymin>
			<ymax>414</ymax>
		</bndbox>
	</object>
	<object>
		<name>Car</name>
		<pose>Unspecified</pose>
		<truncated>0</truncated>
		<difficult>0</difficult>
		<occluded>0</occluded>
		<bndbox>
			<xmin>523</xmin>
			<xmax>641</xmax>
			<ymin>383</ymin>
			<ymax>489</ymax>
		</bndbox>
	</object>
	<object>
		<name>Car</name>
		<pose>Unspecified</pose>
		<truncated>0</truncated>
		<difficult>0</difficult>
		<occluded>0</occluded>
		<bndbox>
			<xmin>358</xmin>
			<xmax>401</xmax>
			<ymin>374</ymin>
			<ymax>402</ymax>
		</bndbox>
	</object>
</annotation>
