<annotation>
	<folder></folder>
	<filename>WhatsApp-Image-2023-02-24-at-11-17-14-PM_jpeg.rf.1a10dcdb52ccbd1b445bb47b1e39a088.jpg</filename>
	<path>WhatsApp-Image-2023-02-24-at-11-17-14-PM_jpeg.rf.1a10dcdb52ccbd1b445bb47b1e39a088.jpg</path>
	<source>
		<database>roboflow.com</database>
	</source>
	<size>
		<width>640</width>
		<height>640</height>
		<depth>3</depth>
	</size>
	<segmented>0</segmented>
	<object>
		<name>Pedestrian</name>
		<pose>Unspecified</pose>
		<truncated>0</truncated>
		<difficult>0</difficult>
		<occluded>0</occluded>
		<bndbox>
			<xmin>364</xmin>
			<xmax>478</xmax>
			<ymin>384</ymin>
			<ymax>564</ymax>
		</bndbox>
		<polygon>
			<x1>477.067998</x1>
			<y1>563.013682</y1>
			<x2>451.337622</x2>
			<y2>383.031446</y2>
			<x3>362.87844</x3>
			<y3>394.972182</y3>
			<x4>391.185366</x4>
			<y4>553.186841</y4>
			<x5>477.067998</x5>
			<y5>563.013682</y5>
		</polygon>
	</object>
	<object>
		<name>Pedestrian</name>
		<pose>Unspecified</pose>
		<truncated>0</truncated>
		<difficult>0</difficult>
		<occluded>0</occluded>
		<bndbox>
			<xmin>259</xmin>
			<xmax>414</xmax>
			<ymin>404</ymin>
			<ymax>592</ymax>
		</bndbox>
		<polygon>
			<x1>258.496737</x1>
			<y1>580.053446</y1>
			<x2>413.067998</x2>
			<y2>591.013682</y2>
			<x3>357.570981</x3>
			<y3>402.932672</y3>
			<x4>299.187927</x4>
			<y4>409.898092</y4>
			<x5>258.496737</x5>
			<y5>580.053446</y5>
		</polygon>
	</object>
	<object>
		<name>Pedestrian</name>
		<pose>Unspecified</pose>
		<truncated>0</truncated>
		<difficult>0</difficult>
		<occluded>0</occluded>
		<bndbox>
			<xmin>96</xmin>
			<xmax>194</xmax>
			<ymin>363</ymin>
			<ymax>607</ymax>
		</bndbox>
	</object>
	<object>
		<name>Pedestrian</name>
		<pose>Unspecified</pose>
		<truncated>0</truncated>
		<difficult>0</difficult>
		<occluded>0</occluded>
		<bndbox>
			<xmin>220</xmin>
			<xmax>267</xmax>
			<ymin>368</ymin>
			<ymax>462</ymax>
		</bndbox>
	</object>
</annotation>
