<annotation>
	<folder></folder>
	<filename>WhatsApp-Image-2023-02-24-at-11-17-16-PM_jpeg.rf.db5c5117a6242e295a1bd8b13235a3f6.jpg</filename>
	<path>WhatsApp-Image-2023-02-24-at-11-17-16-PM_jpeg.rf.db5c5117a6242e295a1bd8b13235a3f6.jpg</path>
	<source>
		<database>roboflow.com</database>
	</source>
	<size>
		<width>640</width>
		<height>640</height>
		<depth>3</depth>
	</size>
	<segmented>0</segmented>
	<object>
		<name>pole</name>
		<pose>Unspecified</pose>
		<truncated>0</truncated>
		<difficult>0</difficult>
		<occluded>0</occluded>
		<bndbox>
			<xmin>348</xmin>
			<xmax>461</xmax>
			<ymin>152</ymin>
			<ymax>428</ymax>
		</bndbox>
	</object>
	<object>
		<name>Pedestrian</name>
		<pose>Unspecified</pose>
		<truncated>0</truncated>
		<difficult>0</difficult>
		<occluded>0</occluded>
		<bndbox>
			<xmin>284</xmin>
			<xmax>330</xmax>
			<ymin>352</ymin>
			<ymax>417</ymax>
		</bndbox>
	</object>
	<object>
		<name>Pedestrian</name>
		<pose>Unspecified</pose>
		<truncated>0</truncated>
		<difficult>0</difficult>
		<occluded>0</occluded>
		<bndbox>
			<xmin>89</xmin>
			<xmax>159</xmax>
			<ymin>345</ymin>
			<ymax>443</ymax>
		</bndbox>
	</object>
	<object>
		<name>Pedestrian</name>
		<pose>Unspecified</pose>
		<truncated>0</truncated>
		<difficult>0</difficult>
		<occluded>0</occluded>
		<bndbox>
			<xmin>30</xmin>
			<xmax>90</xmax>
			<ymin>343</ymin>
			<ymax>446</ymax>
		</bndbox>
	</object>
	<object>
		<name>Pedestrian</name>
		<pose>Unspecified</pose>
		<truncated>0</truncated>
		<difficult>0</difficult>
		<occluded>0</occluded>
		<bndbox>
			<xmin>243</xmin>
			<xmax>281</xmax>
			<ymin>352</ymin>
			<ymax>417</ymax>
		</bndbox>
	</object>
	<object>
		<name>Pedestrian</name>
		<pose>Unspecified</pose>
		<truncated>0</truncated>
		<difficult>0</difficult>
		<occluded>0</occluded>
		<bndbox>
			<xmin>189</xmin>
			<xmax>229</xmax>
			<ymin>347</ymin>
			<ymax>418</ymax>
		</bndbox>
	</object>
	<object>
		<name>Footpath</name>
		<pose>Unspecified</pose>
		<truncated>0</truncated>
		<difficult>0</difficult>
		<occluded>0</occluded>
		<bndbox>
			<xmin>165</xmin>
			<xmax>485</xmax>
			<ymin>396</ymin>
			<ymax>640</ymax>
		</bndbox>
		<polygon>
			<x1>376.168212</x1>
			<y1>394.821948</y1>
			<x2>164.029586</x2>
			<y2>630.400001</y2>
			<x3>484.239099</x3>
			<y3>639.159519</y3>
			<x4>470.967287</x4>
			<y4>395.888989</y4>
			<x5>376.168212</x5>
			<y5>394.821948</y5>
		</polygon>
	</object>
</annotation>
