<annotation>
	<folder></folder>
	<filename>WhatsApp-Image-2023-02-24-at-11-22-40-PM_jpeg.rf.542bc042fe0b0a11906cf9c88eb788ca.jpg</filename>
	<path>WhatsApp-Image-2023-02-24-at-11-22-40-PM_jpeg.rf.542bc042fe0b0a11906cf9c88eb788ca.jpg</path>
	<source>
		<database>roboflow.com</database>
	</source>
	<size>
		<width>640</width>
		<height>640</height>
		<depth>3</depth>
	</size>
	<segmented>0</segmented>
	<object>
		<name>Pedestrian</name>
		<pose>Unspecified</pose>
		<truncated>0</truncated>
		<difficult>0</difficult>
		<occluded>0</occluded>
		<bndbox>
			<xmin>218</xmin>
			<xmax>335</xmax>
			<ymin>357</ymin>
			<ymax>496</ymax>
		</bndbox>
	</object>
	<object>
		<name>motorcycle</name>
		<pose>Unspecified</pose>
		<truncated>0</truncated>
		<difficult>0</difficult>
		<occluded>0</occluded>
		<bndbox>
			<xmin>26</xmin>
			<xmax>191</xmax>
			<ymin>400</ymin>
			<ymax>609</ymax>
		</bndbox>
	</object>
	<object>
		<name>motorcycle</name>
		<pose>Unspecified</pose>
		<truncated>0</truncated>
		<difficult>0</difficult>
		<occluded>0</occluded>
		<bndbox>
			<xmin>459</xmin>
			<xmax>641</xmax>
			<ymin>450</ymin>
			<ymax>641</ymax>
		</bndbox>
	</object>
	<object>
		<name>motorcycle</name>
		<pose>Unspecified</pose>
		<truncated>0</truncated>
		<difficult>0</difficult>
		<occluded>0</occluded>
		<bndbox>
			<xmin>360</xmin>
			<xmax>481</xmax>
			<ymin>394</ymin>
			<ymax>547</ymax>
		</bndbox>
	</object>
</annotation>
