<annotation>
	<folder></folder>
	<filename>WhatsApp-Image-2023-02-24-at-11-22-47-PM_jpeg.rf.7b28229321bf72bda5d2ab75dc6c4f98.jpg</filename>
	<path>WhatsApp-Image-2023-02-24-at-11-22-47-PM_jpeg.rf.7b28229321bf72bda5d2ab75dc6c4f98.jpg</path>
	<source>
		<database>roboflow.com</database>
	</source>
	<size>
		<width>640</width>
		<height>640</height>
		<depth>3</depth>
	</size>
	<segmented>0</segmented>
	<object>
		<name>Obstacle</name>
		<pose>Unspecified</pose>
		<truncated>0</truncated>
		<difficult>0</difficult>
		<occluded>0</occluded>
		<bndbox>
			<xmin>1</xmin>
			<xmax>558</xmax>
			<ymin>427</ymin>
			<ymax>641</ymax>
		</bndbox>
		<polygon>
			<x1>557.488526</x1>
			<y1>448.705432</y1>
			<x2>484.179109</x2>
			<y2>426.47641</y2>
			<x3>0</x3>
			<y3>601.944775</y3>
			<x4>17.888148</x4>
			<y4>640</y4>
			<x5>101.039583</x5>
			<y5>636.771871</y5>
			<x6>557.488526</x6>
			<y6>448.705432</y6>
		</polygon>
	</object>
	<object>
		<name>Pedestrian</name>
		<pose>Unspecified</pose>
		<truncated>0</truncated>
		<difficult>0</difficult>
		<occluded>0</occluded>
		<bndbox>
			<xmin>85</xmin>
			<xmax>217</xmax>
			<ymin>324</ymin>
			<ymax>460</ymax>
		</bndbox>
	</object>
	<object>
		<name>motorcycle</name>
		<pose>Unspecified</pose>
		<truncated>0</truncated>
		<difficult>0</difficult>
		<occluded>0</occluded>
		<bndbox>
			<xmin>352</xmin>
			<xmax>449</xmax>
			<ymin>339</ymin>
			<ymax>444</ymax>
		</bndbox>
	</object>
	<object>
		<name>Footpath</name>
		<pose>Unspecified</pose>
		<truncated>0</truncated>
		<difficult>0</difficult>
		<occluded>0</occluded>
		<bndbox>
			<xmin>96</xmin>
			<xmax>637</xmax>
			<ymin>432</ymin>
			<ymax>631</ymax>
		</bndbox>
		<polygon>
			<x1>520.262776</x1>
			<y1>434.300042</y1>
			<x2>95.288846</x2>
			<y2>612.266668</y2>
			<x3>635.917764</x3>
			<y3>629.556715</y3>
			<x4>622.645661</x4>
			<y4>431.099121</y4>
			<x5>520.262776</x5>
			<y5>434.300042</y5>
		</polygon>
	</object>
</annotation>
