<annotation>
	<folder></folder>
	<filename>WhatsApp-Image-2023-02-24-at-11-11-25-PM_jpeg.rf.6c7983687462ee81466bf3adc36f0ebd.jpg</filename>
	<path>WhatsApp-Image-2023-02-24-at-11-11-25-PM_jpeg.rf.6c7983687462ee81466bf3adc36f0ebd.jpg</path>
	<source>
		<database>roboflow.com</database>
	</source>
	<size>
		<width>640</width>
		<height>640</height>
		<depth>3</depth>
	</size>
	<segmented>0</segmented>
	<object>
		<name>pothole</name>
		<pose>Unspecified</pose>
		<truncated>0</truncated>
		<difficult>0</difficult>
		<occluded>0</occluded>
		<bndbox>
			<xmin>144</xmin>
			<xmax>453</xmax>
			<ymin>484</ymin>
			<ymax>639</ymax>
		</bndbox>
		<polygon>
			<x1>199.411042</x1>
			<y1>483.4322</y1>
			<x2>142.763213</x2>
			<y2>638.432032</y2>
			<x3>452.029779</x3>
			<y3>636.135713</y3>
			<x4>422.940408</x4>
			<y4>485.728472</y4>
			<x5>199.411042</x5>
			<y5>483.4322</y5>
		</polygon>
	</object>
	<object>
		<name>Auto</name>
		<pose>Unspecified</pose>
		<truncated>0</truncated>
		<difficult>0</difficult>
		<occluded>0</occluded>
		<bndbox>
			<xmin>488</xmin>
			<xmax>638</xmax>
			<ymin>154</ymin>
			<ymax>285</ymax>
		</bndbox>
		<polygon>
			<x1>637.283411</x1>
			<y1>166.543721</y1>
			<x2>597.476889</x2>
			<y2>152.765948</y2>
			<x3>496.94987</x3>
			<y3>154.246556</y3>
			<x4>487.243308</x4>
			<y4>258.395441</y4>
			<x5>531.642948</x5>
			<y5>283.654667</y5>
			<x6>631.159504</x6>
			<y6>281.358395</y6>
			<x7>637.283411</x7>
			<y7>166.543721</y7>
		</polygon>
	</object>
	<object>
		<name>Bus</name>
		<pose>Unspecified</pose>
		<truncated>0</truncated>
		<difficult>0</difficult>
		<occluded>0</occluded>
		<bndbox>
			<xmin>338</xmin>
			<xmax>435</xmax>
			<ymin>138</ymin>
			<ymax>217</ymax>
		</bndbox>
	</object>
	<object>
		<name>motorcycle</name>
		<pose>Unspecified</pose>
		<truncated>0</truncated>
		<difficult>0</difficult>
		<occluded>0</occluded>
		<bndbox>
			<xmin>410</xmin>
			<xmax>452</xmax>
			<ymin>172</ymin>
			<ymax>227</ymax>
		</bndbox>
	</object>
	<object>
		<name>Pedestrian</name>
		<pose>Unspecified</pose>
		<truncated>0</truncated>
		<difficult>0</difficult>
		<occluded>0</occluded>
		<bndbox>
			<xmin>379</xmin>
			<xmax>406</xmax>
			<ymin>166</ymin>
			<ymax>227</ymax>
		</bndbox>
	</object>
	<object>
		<name>Footpath</name>
		<pose>Unspecified</pose>
		<truncated>0</truncated>
		<difficult>0</difficult>
		<occluded>0</occluded>
		<bndbox>
			<xmin>61</xmin>
			<xmax>593</xmax>
			<ymin>194</ymin>
			<ymax>638</ymax>
		</bndbox>
		<polygon>
			<x1>280.006407</x1>
			<y1>193.346293</y1>
			<x2>59.897398</x2>
			<y2>634.153847</y2>
			<x3>591.749519</x3>
			<y3>636.558191</y3>
			<x4>316.102928</x4>
			<y4>193.346293</y4>
			<x5>280.006407</x5>
			<y5>193.346293</y5>
		</polygon>
	</object>
</annotation>
