<annotation>
	<folder></folder>
	<filename>WhatsApp-Image-2023-02-24-at-11-17-09-PM-1-_jpeg.rf.724e3109acd3452478bfdd4040b87600.jpg</filename>
	<path>WhatsApp-Image-2023-02-24-at-11-17-09-PM-1-_jpeg.rf.724e3109acd3452478bfdd4040b87600.jpg</path>
	<source>
		<database>roboflow.com</database>
	</source>
	<size>
		<width>640</width>
		<height>640</height>
		<depth>3</depth>
	</size>
	<segmented>0</segmented>
	<object>
		<name>Pedestrian</name>
		<pose>Unspecified</pose>
		<truncated>0</truncated>
		<difficult>0</difficult>
		<occluded>0</occluded>
		<bndbox>
			<xmin>511</xmin>
			<xmax>573</xmax>
			<ymin>404</ymin>
			<ymax>433</ymax>
		</bndbox>
	</object>
	<object>
		<name>Footpath</name>
		<pose>Unspecified</pose>
		<truncated>0</truncated>
		<difficult>0</difficult>
		<occluded>0</occluded>
		<bndbox>
			<xmin>121</xmin>
			<xmax>641</xmax>
			<ymin>381</ymin>
			<ymax>561</ymax>
		</bndbox>
		<polygon>
			<x1>640</x1>
			<y1>439.634924</y1>
			<x2>256.72132</x2>
			<y2>379.884343</y2>
			<x3>120.21071</x3>
			<y3>392.687986</y3>
			<x4>640</x4>
			<y4>559.733334</y4>
			<x5>640</x5>
			<y5>439.634924</y5>
		</polygon>
	</object>
</annotation>
