<annotation>
	<folder></folder>
	<filename>WhatsApp-Image-2023-02-24-at-11-26-50-PM_jpeg.rf.3fc7799b3d19b480f2f5e675add7089d.jpg</filename>
	<path>WhatsApp-Image-2023-02-24-at-11-26-50-PM_jpeg.rf.3fc7799b3d19b480f2f5e675add7089d.jpg</path>
	<source>
		<database>roboflow.com</database>
	</source>
	<size>
		<width>640</width>
		<height>640</height>
		<depth>3</depth>
	</size>
	<segmented>0</segmented>
	<object>
		<name>motorcycle</name>
		<pose>Unspecified</pose>
		<truncated>0</truncated>
		<difficult>0</difficult>
		<occluded>0</occluded>
		<bndbox>
			<xmin>153</xmin>
			<xmax>252</xmax>
			<ymin>374</ymin>
			<ymax>510</ymax>
		</bndbox>
	</object>
	<object>
		<name>Pedestrian</name>
		<pose>Unspecified</pose>
		<truncated>0</truncated>
		<difficult>0</difficult>
		<occluded>0</occluded>
		<bndbox>
			<xmin>295</xmin>
			<xmax>366</xmax>
			<ymin>351</ymin>
			<ymax>452</ymax>
		</bndbox>
	</object>
	<object>
		<name>Pedestrian</name>
		<pose>Unspecified</pose>
		<truncated>0</truncated>
		<difficult>0</difficult>
		<occluded>0</occluded>
		<bndbox>
			<xmin>494</xmin>
			<xmax>557</xmax>
			<ymin>362</ymin>
			<ymax>460</ymax>
		</bndbox>
	</object>
	<object>
		<name>Obstacle</name>
		<pose>Unspecified</pose>
		<truncated>0</truncated>
		<difficult>0</difficult>
		<occluded>0</occluded>
		<bndbox>
			<xmin>439</xmin>
			<xmax>637</xmax>
			<ymin>288</ymin>
			<ymax>440</ymax>
		</bndbox>
	</object>
	<object>
		<name>pole</name>
		<pose>Unspecified</pose>
		<truncated>0</truncated>
		<difficult>0</difficult>
		<occluded>0</occluded>
		<bndbox>
			<xmin>289</xmin>
			<xmax>441</xmax>
			<ymin>130</ymin>
			<ymax>397</ymax>
		</bndbox>
		<polygon>
			<x1>439.733303</x1>
			<y1>395.967253</y1>
			<x2>421.15691</x2>
			<y2>173.073679</y2>
			<x3>288.468353</x3>
			<y3>129.291021</y3>
			<x4>290.245443</x4>
			<y4>135.172862</y4>
			<x5>307.044746</x5>
			<y5>200.935396</y5>
			<x6>385.331023</x6>
			<y6>203.92057</y6>
			<x7>389.311725</x7>
			<y7>389.996865</y7>
			<x8>439.733303</x8>
			<y8>395.967253</y8>
		</polygon>
	</object>
	<object>
		<name>Footpath</name>
		<pose>Unspecified</pose>
		<truncated>0</truncated>
		<difficult>0</difficult>
		<occluded>0</occluded>
		<bndbox>
			<xmin>7</xmin>
			<xmax>511</xmax>
			<ymin>370</ymin>
			<ymax>641</ymax>
		</bndbox>
		<polygon>
			<x1>254.055127</x1>
			<y1>373.482419</y1>
			<x2>5.688857</x2>
			<y2>630.400001</y2>
			<x3>510.012737</x3>
			<y3>640</y3>
			<x4>400.519741</x4>
			<y4>369.214498</y4>
			<x5>254.055127</x5>
			<y5>373.482419</y5>
		</polygon>
	</object>
</annotation>
