<annotation>
	<folder></folder>
	<filename>WhatsApp-Image-2023-02-24-at-11-22-46-PM_jpeg.rf.bc1b4babe20fc2a16fe54937e3bdd0c0.jpg</filename>
	<path>WhatsApp-Image-2023-02-24-at-11-22-46-PM_jpeg.rf.bc1b4babe20fc2a16fe54937e3bdd0c0.jpg</path>
	<source>
		<database>roboflow.com</database>
	</source>
	<size>
		<width>640</width>
		<height>640</height>
		<depth>3</depth>
	</size>
	<segmented>0</segmented>
	<object>
		<name>Auto</name>
		<pose>Unspecified</pose>
		<truncated>0</truncated>
		<difficult>0</difficult>
		<occluded>0</occluded>
		<bndbox>
			<xmin>367</xmin>
			<xmax>511</xmax>
			<ymin>334</ymin>
			<ymax>419</ymax>
		</bndbox>
	</object>
	<object>
		<name>Auto</name>
		<pose>Unspecified</pose>
		<truncated>0</truncated>
		<difficult>0</difficult>
		<occluded>0</occluded>
		<bndbox>
			<xmin>215</xmin>
			<xmax>321</xmax>
			<ymin>322</ymin>
			<ymax>408</ymax>
		</bndbox>
	</object>
	<object>
		<name>motorcycle</name>
		<pose>Unspecified</pose>
		<truncated>0</truncated>
		<difficult>0</difficult>
		<occluded>0</occluded>
		<bndbox>
			<xmin>1</xmin>
			<xmax>436</xmax>
			<ymin>459</ymin>
			<ymax>641</ymax>
		</bndbox>
	</object>
	<object>
		<name>motorcycle</name>
		<pose>Unspecified</pose>
		<truncated>0</truncated>
		<difficult>0</difficult>
		<occluded>0</occluded>
		<bndbox>
			<xmin>494</xmin>
			<xmax>641</xmax>
			<ymin>368</ymin>
			<ymax>462</ymax>
		</bndbox>
	</object>
	<object>
		<name>motorcycle</name>
		<pose>Unspecified</pose>
		<truncated>0</truncated>
		<difficult>0</difficult>
		<occluded>0</occluded>
		<bndbox>
			<xmin>54</xmin>
			<xmax>139</xmax>
			<ymin>329</ymin>
			<ymax>389</ymax>
		</bndbox>
	</object>
</annotation>
