<annotation>
	<folder></folder>
	<filename>WhatsApp-Image-2023-02-24-at-11-11-30-PM_jpeg.rf.bdb4c5ad6752f37f086ac2eb7b84e604.jpg</filename>
	<path>WhatsApp-Image-2023-02-24-at-11-11-30-PM_jpeg.rf.bdb4c5ad6752f37f086ac2eb7b84e604.jpg</path>
	<source>
		<database>roboflow.com</database>
	</source>
	<size>
		<width>640</width>
		<height>640</height>
		<depth>3</depth>
	</size>
	<segmented>0</segmented>
	<object>
		<name>signboard</name>
		<pose>Unspecified</pose>
		<truncated>0</truncated>
		<difficult>0</difficult>
		<occluded>0</occluded>
		<bndbox>
			<xmin>262</xmin>
			<xmax>404</xmax>
			<ymin>106</ymin>
			<ymax>470</ymax>
		</bndbox>
		<polygon>
			<x1>403.037022</x1>
			<y1>243.46951</y1>
			<x2>396.912989</x2>
			<y2>104.543769</y2>
			<x3>261.162956</x3>
			<y3>115.970506</y3>
			<x4>280.555252</x4>
			<y4>244.617669</y4>
			<x5>320.361899</x5>
			<y5>241.173238</y5>
			<x6>341.796199</x6>
			<y6>463.913678</y6>
			<x7>366.292578</x7>
			<y7>468.506268</y7>
			<x8>363.230499</x8>
			<y8>240.025078</y8>
			<x9>403.037022</x9>
			<y9>243.46951</y9>
		</polygon>
	</object>
	<object>
		<name>pothole</name>
		<pose>Unspecified</pose>
		<truncated>0</truncated>
		<difficult>0</difficult>
		<occluded>0</occluded>
		<bndbox>
			<xmin>436</xmin>
			<xmax>641</xmax>
			<ymin>426</ymin>
			<ymax>641</ymax>
		</bndbox>
		<polygon>
			<x1>640</x1>
			<y1>640</y1>
			<x2>550.01517</x2>
			<y2>437.506246</y2>
			<x3>458.153812</x3>
			<y3>424.876727</y3>
			<x4>435.188472</x4>
			<y4>572.987696</y4>
			<x5>640</x5>
			<y5>640</y5>
		</polygon>
	</object>
	<object>
		<name>Bus</name>
		<pose>Unspecified</pose>
		<truncated>0</truncated>
		<difficult>0</difficult>
		<occluded>0</occluded>
		<bndbox>
			<xmin>516</xmin>
			<xmax>641</xmax>
			<ymin>287</ymin>
			<ymax>383</ymax>
		</bndbox>
		<polygon>
			<x1>539.29802</x1>
			<y1>382.395297</y1>
			<x2>602.070007</x2>
			<y2>368.617526</y2>
			<x3>640</x3>
			<y3>347.95089</y3>
			<x4>635.752496</x4>
			<y4>285.950939</y4>
			<x5>534.705027</x5>
			<y5>288.247258</y5>
			<x6>514.801641</x6>
			<y6>307.765733</y6>
			<x7>520.925799</x7>
			<y7>355.987913</y7>
			<x8>539.29802</x8>
			<y8>382.395297</y8>
		</polygon>
	</object>
	<object>
		<name>Car</name>
		<pose>Unspecified</pose>
		<truncated>0</truncated>
		<difficult>0</difficult>
		<occluded>0</occluded>
		<bndbox>
			<xmin>568</xmin>
			<xmax>637</xmax>
			<ymin>350</ymin>
			<ymax>472</ymax>
		</bndbox>
		<polygon>
			<x1>566.856478</x1>
			<y1>458.172974</y1>
			<x2>636.437049</x2>
			<y2>471.169633</y2>
			<x3>635.752496</x3>
			<y3>349.099003</y3>
			<x4>569.918557</x4>
			<y4>384.691569</y4>
			<x5>566.856478</x5>
			<y5>458.172974</y5>
		</polygon>
	</object>
	<object>
		<name>pole</name>
		<pose>Unspecified</pose>
		<truncated>0</truncated>
		<difficult>0</difficult>
		<occluded>0</occluded>
		<bndbox>
			<xmin>327</xmin>
			<xmax>407</xmax>
			<ymin>1</ymin>
			<ymax>448</ymax>
		</bndbox>
		<polygon>
			<x1>363.616537</x1>
			<y1>0</y1>
			<x2>335.672042</x2>
			<y2>396.173023</y2>
			<x3>326.485931</x3>
			<y3>446.691474</y3>
			<x4>406.0991</x4>
			<y4>416.839658</y4>
			<x5>390.788832</x5>
			<y5>357.136025</y5>
			<x6>395.38195</x6>
			<y6>0</y6>
			<x7>363.616537</x7>
			<y7>0</y7>
		</polygon>
	</object>
</annotation>
