<annotation>
	<folder></folder>
	<filename>WhatsApp-Image-2023-02-24-at-11-17-11-PM_jpeg.rf.fe426a2951769237ff4f861474bf57c3.jpg</filename>
	<path>WhatsApp-Image-2023-02-24-at-11-17-11-PM_jpeg.rf.fe426a2951769237ff4f861474bf57c3.jpg</path>
	<source>
		<database>roboflow.com</database>
	</source>
	<size>
		<width>640</width>
		<height>640</height>
		<depth>3</depth>
	</size>
	<segmented>0</segmented>
	<object>
		<name>Pedestrian</name>
		<pose>Unspecified</pose>
		<truncated>0</truncated>
		<difficult>0</difficult>
		<occluded>0</occluded>
		<bndbox>
			<xmin>116</xmin>
			<xmax>226</xmax>
			<ymin>339</ymin>
			<ymax>432</ymax>
		</bndbox>
		<polygon>
			<x1>224.882352</x1>
			<y1>399.947499</y1>
			<x2>198.344626</x2>
			<y2>406.912836</y2>
			<x3>187.729564</x3>
			<y3>338.253717</y3>
			<x4>115.193047</x4>
			<y4>347.209279</y4>
			<x5>127.577309</x5>
			<y5>430.794349</y5>
			<x6>224.882352</x6>
			<y6>399.947499</y6>
		</polygon>
	</object>
	<object>
		<name>Pedestrian</name>
		<pose>Unspecified</pose>
		<truncated>0</truncated>
		<difficult>0</difficult>
		<occluded>0</occluded>
		<bndbox>
			<xmin>445</xmin>
			<xmax>528</xmax>
			<ymin>338</ymin>
			<ymax>444</ymax>
		</bndbox>
		<polygon>
			<x1>526.845776</x1>
			<y1>443.013682</y1>
			<x2>516.797336</x2>
			<y2>342.233962</y2>
			<x3>453.106679</x3>
			<y3>337.258686</y3>
			<x4>444.260818</x4>
			<y4>437.759768</y4>
			<x5>526.845776</x5>
			<y5>443.013682</y5>
		</polygon>
	</object>
	<object>
		<name>Pedestrian</name>
		<pose>Unspecified</pose>
		<truncated>0</truncated>
		<difficult>0</difficult>
		<occluded>0</occluded>
		<bndbox>
			<xmin>507</xmin>
			<xmax>592</xmax>
			<ymin>337</ymin>
			<ymax>447</ymax>
		</bndbox>
		<polygon>
			<x1>590.845776</x1>
			<y1>441.680349</y1>
			<x2>582.25705</x2>
			<y2>336.263614</y2>
			<x3>506.18213</x3>
			<y3>346.214207</y3>
			<x4>529.181599</x4>
			<y4>445.720259</y4>
			<x5>590.845776</x5>
			<y5>441.680349</y5>
		</polygon>
	</object>
	<object>
		<name>Pedestrian</name>
		<pose>Unspecified</pose>
		<truncated>0</truncated>
		<difficult>0</difficult>
		<occluded>0</occluded>
		<bndbox>
			<xmin>293</xmin>
			<xmax>348</xmax>
			<ymin>345</ymin>
			<ymax>415</ymax>
		</bndbox>
		<polygon>
			<x1>332.475405</x1>
			<y1>413.680349</y1>
			<x2>346.95592</x2>
			<y2>349.199381</y2>
			<x3>297.418726</x3>
			<y3>344.224105</y3>
			<x4>292.111267</x4>
			<y4>413.878378</y4>
			<x5>332.475405</x5>
			<y5>413.680349</y5>
		</polygon>
	</object>
	<object>
		<name>Pedestrian</name>
		<pose>Unspecified</pose>
		<truncated>0</truncated>
		<difficult>0</difficult>
		<occluded>0</occluded>
		<bndbox>
			<xmin>242</xmin>
			<xmax>307</xmax>
			<ymin>340</ymin>
			<ymax>415</ymax>
		</bndbox>
		<polygon>
			<x1>247.142071</x1>
			<y1>339.013682</y1>
			<x2>240.805016</x2>
			<y2>413.878378</y2>
			<x3>286.803664</x3>
			<y3>410.893163</y3>
			<x4>306.26473</x4>
			<y4>345.219136</y4>
			<x5>247.142071</x5>
			<y5>339.013682</y5>
		</polygon>
	</object>
	<object>
		<name>Pedestrian</name>
		<pose>Unspecified</pose>
		<truncated>0</truncated>
		<difficult>0</difficult>
		<occluded>0</occluded>
		<bndbox>
			<xmin>86</xmin>
			<xmax>146</xmax>
			<ymin>110</ymin>
			<ymax>411</ymax>
		</bndbox>
		<polygon>
			<x1>85.116919</x1>
			<y1>405.917887</y1>
			<x2>128.623553</x2>
			<y2>409.680349</y2>
			<x3>145.269175</x3>
			<y3>111.379917</y3>
			<x4>99.270382</x4>
			<y4>109.389835</y4>
			<x5>92.193723</x5>
			<y5>171.083576</y5>
			<x6>85.116919</x6>
			<y6>405.917887</y6>
		</polygon>
	</object>
</annotation>
