<annotation>
	<folder></folder>
	<filename>WhatsApp-Image-2023-02-24-at-11-22-41-PM-1-_jpeg.rf.a2c25df972b3b334fcc06a66e755507c.jpg</filename>
	<path>WhatsApp-Image-2023-02-24-at-11-22-41-PM-1-_jpeg.rf.a2c25df972b3b334fcc06a66e755507c.jpg</path>
	<source>
		<database>roboflow.com</database>
	</source>
	<size>
		<width>640</width>
		<height>640</height>
		<depth>3</depth>
	</size>
	<segmented>0</segmented>
	<object>
		<name>motorcycle</name>
		<pose>Unspecified</pose>
		<truncated>0</truncated>
		<difficult>0</difficult>
		<occluded>0</occluded>
		<bndbox>
			<xmin>99</xmin>
			<xmax>330</xmax>
			<ymin>373</ymin>
			<ymax>636</ymax>
		</bndbox>
	</object>
	<object>
		<name>motorcycle</name>
		<pose>Unspecified</pose>
		<truncated>0</truncated>
		<difficult>0</difficult>
		<occluded>0</occluded>
		<bndbox>
			<xmin>416</xmin>
			<xmax>503</xmax>
			<ymin>362</ymin>
			<ymax>457</ymax>
		</bndbox>
	</object>
	<object>
		<name>Pedestrian</name>
		<pose>Unspecified</pose>
		<truncated>0</truncated>
		<difficult>0</difficult>
		<occluded>0</occluded>
		<bndbox>
			<xmin>334</xmin>
			<xmax>439</xmax>
			<ymin>369</ymin>
			<ymax>517</ymax>
		</bndbox>
	</object>
	<object>
		<name>Pedestrian</name>
		<pose>Unspecified</pose>
		<truncated>0</truncated>
		<difficult>0</difficult>
		<occluded>0</occluded>
		<bndbox>
			<xmin>515</xmin>
			<xmax>641</xmax>
			<ymin>417</ymin>
			<ymax>641</ymax>
		</bndbox>
	</object>
	<object>
		<name>motorcycle</name>
		<pose>Unspecified</pose>
		<truncated>0</truncated>
		<difficult>0</difficult>
		<occluded>0</occluded>
		<bndbox>
			<xmin>6</xmin>
			<xmax>106</xmax>
			<ymin>368</ymin>
			<ymax>568</ymax>
		</bndbox>
	</object>
	<object>
		<name>Pedestrian</name>
		<pose>Unspecified</pose>
		<truncated>0</truncated>
		<difficult>0</difficult>
		<occluded>0</occluded>
		<bndbox>
			<xmin>495</xmin>
			<xmax>556</xmax>
			<ymin>356</ymin>
			<ymax>449</ymax>
		</bndbox>
	</object>
</annotation>
