<annotation>
	<folder></folder>
	<filename>WhatsApp-Image-2023-02-24-at-11-11-32-PM-1-_jpeg.rf.6999584ec602599b43df8903255719b5.jpg</filename>
	<path>WhatsApp-Image-2023-02-24-at-11-11-32-PM-1-_jpeg.rf.6999584ec602599b43df8903255719b5.jpg</path>
	<source>
		<database>roboflow.com</database>
	</source>
	<size>
		<width>640</width>
		<height>640</height>
		<depth>3</depth>
	</size>
	<segmented>0</segmented>
	<object>
		<name>pole</name>
		<pose>Unspecified</pose>
		<truncated>0</truncated>
		<difficult>0</difficult>
		<occluded>0</occluded>
		<bndbox>
			<xmin>432</xmin>
			<xmax>509</xmax>
			<ymin>5</ymin>
			<ymax>315</ymax>
		</bndbox>
	</object>
	<object>
		<name>Pedestrian</name>
		<pose>Unspecified</pose>
		<truncated>0</truncated>
		<difficult>0</difficult>
		<occluded>0</occluded>
		<bndbox>
			<xmin>285</xmin>
			<xmax>315</xmax>
			<ymin>179</ymin>
			<ymax>256</ymax>
		</bndbox>
	</object>
	<object>
		<name>Pedestrian</name>
		<pose>Unspecified</pose>
		<truncated>0</truncated>
		<difficult>0</difficult>
		<occluded>0</occluded>
		<bndbox>
			<xmin>310</xmin>
			<xmax>336</xmax>
			<ymin>183</ymin>
			<ymax>236</ymax>
		</bndbox>
	</object>
</annotation>
