<annotation>
	<folder></folder>
	<filename>WhatsApp-Image-2023-02-24-at-11-22-25-PM-1-_jpeg.rf.a62022edd678088e912c84c0ae91159e.jpg</filename>
	<path>WhatsApp-Image-2023-02-24-at-11-22-25-PM-1-_jpeg.rf.a62022edd678088e912c84c0ae91159e.jpg</path>
	<source>
		<database>roboflow.com</database>
	</source>
	<size>
		<width>640</width>
		<height>640</height>
		<depth>3</depth>
	</size>
	<segmented>0</segmented>
	<object>
		<name>signboard</name>
		<pose>Unspecified</pose>
		<truncated>0</truncated>
		<difficult>0</difficult>
		<occluded>0</occluded>
		<bndbox>
			<xmin>438</xmin>
			<xmax>519</xmax>
			<ymin>251</ymin>
			<ymax>440</ymax>
		</bndbox>
	</object>
	<object>
		<name>Pedestrian</name>
		<pose>Unspecified</pose>
		<truncated>0</truncated>
		<difficult>0</difficult>
		<occluded>0</occluded>
		<bndbox>
			<xmin>370</xmin>
			<xmax>450</xmax>
			<ymin>375</ymin>
			<ymax>441</ymax>
		</bndbox>
	</object>
	<object>
		<name>motorcycle</name>
		<pose>Unspecified</pose>
		<truncated>0</truncated>
		<difficult>0</difficult>
		<occluded>0</occluded>
		<bndbox>
			<xmin>305</xmin>
			<xmax>327</xmax>
			<ymin>396</ymin>
			<ymax>414</ymax>
		</bndbox>
	</object>
	<object>
		<name>Pedestrian</name>
		<pose>Unspecified</pose>
		<truncated>0</truncated>
		<difficult>0</difficult>
		<occluded>0</occluded>
		<bndbox>
			<xmin>186</xmin>
			<xmax>266</xmax>
			<ymin>391</ymin>
			<ymax>481</ymax>
		</bndbox>
	</object>
	<object>
		<name>Obstacle</name>
		<pose>Unspecified</pose>
		<truncated>0</truncated>
		<difficult>0</difficult>
		<occluded>0</occluded>
		<bndbox>
			<xmin>58</xmin>
			<xmax>101</xmax>
			<ymin>405</ymin>
			<ymax>431</ymax>
		</bndbox>
	</object>
	<object>
		<name>signboard</name>
		<pose>Unspecified</pose>
		<truncated>0</truncated>
		<difficult>0</difficult>
		<occluded>0</occluded>
		<bndbox>
			<xmin>184</xmin>
			<xmax>547</xmax>
			<ymin>174</ymin>
			<ymax>253</ymax>
		</bndbox>
	</object>
</annotation>
