<annotation>
	<folder></folder>
	<filename>WhatsApp-Image-2023-02-24-at-11-11-34-PM_jpeg.rf.e16cce0e1745780e907b3b776643e2d7.jpg</filename>
	<path>WhatsApp-Image-2023-02-24-at-11-11-34-PM_jpeg.rf.e16cce0e1745780e907b3b776643e2d7.jpg</path>
	<source>
		<database>roboflow.com</database>
	</source>
	<size>
		<width>640</width>
		<height>640</height>
		<depth>3</depth>
	</size>
	<segmented>0</segmented>
	<object>
		<name>Obstacle</name>
		<pose>Unspecified</pose>
		<truncated>0</truncated>
		<difficult>0</difficult>
		<occluded>0</occluded>
		<bndbox>
			<xmin>279</xmin>
			<xmax>395</xmax>
			<ymin>369</ymin>
			<ymax>501</ymax>
		</bndbox>
	</object>
	<object>
		<name>pole</name>
		<pose>Unspecified</pose>
		<truncated>0</truncated>
		<difficult>0</difficult>
		<occluded>0</occluded>
		<bndbox>
			<xmin>387</xmin>
			<xmax>498</xmax>
			<ymin>1</ymin>
			<ymax>585</ymax>
		</bndbox>
	</object>
</annotation>
