<annotation>
	<folder></folder>
	<filename>WhatsApp-Image-2023-02-24-at-11-11-26-PM_jpeg.rf.1d9a00f1faa09ae4e6cbbca683776f04.jpg</filename>
	<path>WhatsApp-Image-2023-02-24-at-11-11-26-PM_jpeg.rf.1d9a00f1faa09ae4e6cbbca683776f04.jpg</path>
	<source>
		<database>roboflow.com</database>
	</source>
	<size>
		<width>640</width>
		<height>640</height>
		<depth>3</depth>
	</size>
	<segmented>0</segmented>
	<object>
		<name>Car</name>
		<pose>Unspecified</pose>
		<truncated>0</truncated>
		<difficult>0</difficult>
		<occluded>0</occluded>
		<bndbox>
			<xmin>3</xmin>
			<xmax>174</xmax>
			<ymin>253</ymin>
			<ymax>379</ymax>
		</bndbox>
		<polygon>
			<x1>1.909222</x1>
			<y1>360.580503</y1>
			<x2>18.750404</x2>
			<y2>361.728615</y2>
			<x3>57.026012</x3>
			<y3>377.802706</y3>
			<x4>76.929273</x4>
			<y4>361.728615</y4>
			<x5>112.142802</x5>
			<y5>364.024935</y5>
			<x6>173.38375</x6>
			<y6>338.765709</y6>
			<x7>153.480363</x7>
			<y7>295.136121</y7>
			<x8>72.336155</x8>
			<y8>282.506508</y8>
			<x9>24.874562</x9>
			<y9>253.80285</y9>
			<x10>20.281443</x10>
			<y10>251.506578</y10>
			<x11>4.971175</x11>
			<y11>258.395441</y11>
			<x12>1.909222</x12>
			<y12>360.580503</y12>
		</polygon>
	</object>
	<object>
		<name>Traffic Lights</name>
		<pose>Unspecified</pose>
		<truncated>0</truncated>
		<difficult>0</difficult>
		<occluded>0</occluded>
		<bndbox>
			<xmin>455</xmin>
			<xmax>551</xmax>
			<ymin>57</ymin>
			<ymax>326</ymax>
		</bndbox>
		<polygon>
			<x1>527.049831</x1>
			<y1>324.987937</y1>
			<x2>517.863719</x2>
			<y2>166.543721</y2>
			<x3>550.01517</x3>
			<y3>138.988176</y3>
			<x4>546.953217</x4>
			<y4>56.32159</y4>
			<x5>453.872947</x5>
			<y5>65.015787</y5>
			<x6>462.746929</x6>
			<y6>140.136335</y6>
			<x7>488.774347</x7>
			<y7>166.543721</y7>
			<x8>490.305387</x8>
			<y8>322.691665</y8>
			<x9>527.049831</x9>
			<y9>324.987937</y9>
		</polygon>
	</object>
	<object>
		<name>Footpath</name>
		<pose>Unspecified</pose>
		<truncated>0</truncated>
		<difficult>0</difficult>
		<occluded>0</occluded>
		<bndbox>
			<xmin>125</xmin>
			<xmax>621</xmax>
			<ymin>269</ymin>
			<ymax>321</ymax>
		</bndbox>
		<polygon>
			<x1>620.442354</x1>
			<y1>320.395346</y1>
			<x2>609.725078</x2>
			<y2>280.210236</y2>
			<x3>480.539614</x3>
			<y3>268.09271</y3>
			<x4>124.390992</x4>
			<y4>269.876895</y4>
			<x5>174.914664</x5>
			<y5>304.321302</y5>
			<x6>199.411042</x6>
			<y6>315.802755</y6>
			<x7>620.442354</x7>
			<y7>320.395346</y7>
		</polygon>
	</object>
</annotation>
