<annotation>
	<folder></folder>
	<filename>WhatsApp-Image-2023-02-24-at-11-22-38-PM-1-_jpeg.rf.0d3462dd97283908fb5d26e7a71883ed.jpg</filename>
	<path>WhatsApp-Image-2023-02-24-at-11-22-38-PM-1-_jpeg.rf.0d3462dd97283908fb5d26e7a71883ed.jpg</path>
	<source>
		<database>roboflow.com</database>
	</source>
	<size>
		<width>640</width>
		<height>640</height>
		<depth>3</depth>
	</size>
	<segmented>0</segmented>
	<object>
		<name>Pedestrian</name>
		<pose>Unspecified</pose>
		<truncated>0</truncated>
		<difficult>0</difficult>
		<occluded>0</occluded>
		<bndbox>
			<xmin>122</xmin>
			<xmax>216</xmax>
			<ymin>359</ymin>
			<ymax>440</ymax>
		</bndbox>
	</object>
	<object>
		<name>Car</name>
		<pose>Unspecified</pose>
		<truncated>0</truncated>
		<difficult>0</difficult>
		<occluded>0</occluded>
		<bndbox>
			<xmin>406</xmin>
			<xmax>641</xmax>
			<ymin>351</ymin>
			<ymax>555</ymax>
		</bndbox>
	</object>
	<object>
		<name>Car</name>
		<pose>Unspecified</pose>
		<truncated>0</truncated>
		<difficult>0</difficult>
		<occluded>0</occluded>
		<bndbox>
			<xmin>300</xmin>
			<xmax>382</xmax>
			<ymin>328</ymin>
			<ymax>376</ymax>
		</bndbox>
	</object>
	<object>
		<name>Car</name>
		<pose>Unspecified</pose>
		<truncated>0</truncated>
		<difficult>0</difficult>
		<occluded>0</occluded>
		<bndbox>
			<xmin>122</xmin>
			<xmax>202</xmax>
			<ymin>326</ymin>
			<ymax>373</ymax>
		</bndbox>
	</object>
</annotation>
