<annotation>
	<folder></folder>
	<filename>WhatsApp-Image-2023-02-24-at-11-22-33-PM-1-_jpeg.rf.db4d20077cfb68a4700fd2b542f25f92.jpg</filename>
	<path>WhatsApp-Image-2023-02-24-at-11-22-33-PM-1-_jpeg.rf.db4d20077cfb68a4700fd2b542f25f92.jpg</path>
	<source>
		<database>roboflow.com</database>
	</source>
	<size>
		<width>640</width>
		<height>640</height>
		<depth>3</depth>
	</size>
	<segmented>0</segmented>
	<object>
		<name>Pedestrian</name>
		<pose>Unspecified</pose>
		<truncated>0</truncated>
		<difficult>0</difficult>
		<occluded>0</occluded>
		<bndbox>
			<xmin>152</xmin>
			<xmax>222</xmax>
			<ymin>380</ymin>
			<ymax>462</ymax>
		</bndbox>
	</object>
	<object>
		<name>Pedestrian</name>
		<pose>Unspecified</pose>
		<truncated>0</truncated>
		<difficult>0</difficult>
		<occluded>0</occluded>
		<bndbox>
			<xmin>373</xmin>
			<xmax>415</xmax>
			<ymin>362</ymin>
			<ymax>408</ymax>
		</bndbox>
	</object>
	<object>
		<name>Pedestrian</name>
		<pose>Unspecified</pose>
		<truncated>0</truncated>
		<difficult>0</difficult>
		<occluded>0</occluded>
		<bndbox>
			<xmin>13</xmin>
			<xmax>53</xmax>
			<ymin>431</ymin>
			<ymax>472</ymax>
		</bndbox>
	</object>
	<object>
		<name>Pedestrian</name>
		<pose>Unspecified</pose>
		<truncated>0</truncated>
		<difficult>0</difficult>
		<occluded>0</occluded>
		<bndbox>
			<xmin>94</xmin>
			<xmax>138</xmax>
			<ymin>363</ymin>
			<ymax>422</ymax>
		</bndbox>
	</object>
	<object>
		<name>Pedestrian</name>
		<pose>Unspecified</pose>
		<truncated>0</truncated>
		<difficult>0</difficult>
		<occluded>0</occluded>
		<bndbox>
			<xmin>269</xmin>
			<xmax>378</xmax>
			<ymin>362</ymin>
			<ymax>398</ymax>
		</bndbox>
	</object>
	<object>
		<name>Pedestrian</name>
		<pose>Unspecified</pose>
		<truncated>0</truncated>
		<difficult>0</difficult>
		<occluded>0</occluded>
		<bndbox>
			<xmin>525</xmin>
			<xmax>607</xmax>
			<ymin>371</ymin>
			<ymax>425</ymax>
		</bndbox>
	</object>
</annotation>
