<annotation>
	<folder></folder>
	<filename>WhatsApp-Image-2023-02-24-at-11-11-22-PM_jpeg.rf.38de7ce75e20ef4e03711eaacfae6c74.jpg</filename>
	<path>WhatsApp-Image-2023-02-24-at-11-11-22-PM_jpeg.rf.38de7ce75e20ef4e03711eaacfae6c74.jpg</path>
	<source>
		<database>roboflow.com</database>
	</source>
	<size>
		<width>640</width>
		<height>640</height>
		<depth>3</depth>
	</size>
	<segmented>0</segmented>
	<object>
		<name>Pedestrian</name>
		<pose>Unspecified</pose>
		<truncated>0</truncated>
		<difficult>0</difficult>
		<occluded>0</occluded>
		<bndbox>
			<xmin>20</xmin>
			<xmax>219</xmax>
			<ymin>272</ymin>
			<ymax>641</ymax>
		</bndbox>
	</object>
	<object>
		<name>Auto</name>
		<pose>Unspecified</pose>
		<truncated>0</truncated>
		<difficult>0</difficult>
		<occluded>0</occluded>
		<bndbox>
			<xmin>506</xmin>
			<xmax>599</xmax>
			<ymin>340</ymin>
			<ymax>411</ymax>
		</bndbox>
	</object>
	<object>
		<name>Obstacle</name>
		<pose>Unspecified</pose>
		<truncated>0</truncated>
		<difficult>0</difficult>
		<occluded>0</occluded>
		<bndbox>
			<xmin>229</xmin>
			<xmax>458</xmax>
			<ymin>366</ymin>
			<ymax>466</ymax>
		</bndbox>
	</object>
	<object>
		<name>pole</name>
		<pose>Unspecified</pose>
		<truncated>0</truncated>
		<difficult>0</difficult>
		<occluded>0</occluded>
		<bndbox>
			<xmin>205</xmin>
			<xmax>271</xmax>
			<ymin>186</ymin>
			<ymax>371</ymax>
		</bndbox>
	</object>
	<object>
		<name>pothole</name>
		<pose>Unspecified</pose>
		<truncated>0</truncated>
		<difficult>0</difficult>
		<occluded>0</occluded>
		<bndbox>
			<xmin>235</xmin>
			<xmax>634</xmax>
			<ymin>551</ymin>
			<ymax>617</ymax>
		</bndbox>
	</object>
	<object>
		<name>Footpath</name>
		<pose>Unspecified</pose>
		<truncated>0</truncated>
		<difficult>0</difficult>
		<occluded>0</occluded>
		<bndbox>
			<xmin>8</xmin>
			<xmax>635</xmax>
			<ymin>358</ymin>
			<ymax>641</ymax>
		</bndbox>
		<polygon>
			<x1>255.395109</x1>
			<y1>360.78191</y1>
			<x2>6.564065</x2>
			<y2>637.23077</y2>
			<x3>634.409203</x3>
			<y3>640</y3>
			<x4>355.481031</x4>
			<y4>357.088487</y4>
			<x5>255.395109</x5>
			<y5>360.78191</y5>
		</polygon>
	</object>
</annotation>
