<annotation>
	<folder></folder>
	<filename>WhatsApp-Image-2023-02-24-at-11-17-12-PM-1-_jpeg.rf.993d39e3b8a1bdc2c0226797c26d8d43.jpg</filename>
	<path>WhatsApp-Image-2023-02-24-at-11-17-12-PM-1-_jpeg.rf.993d39e3b8a1bdc2c0226797c26d8d43.jpg</path>
	<source>
		<database>roboflow.com</database>
	</source>
	<size>
		<width>640</width>
		<height>640</height>
		<depth>3</depth>
	</size>
	<segmented>0</segmented>
	<object>
		<name>Pedestrian</name>
		<pose>Unspecified</pose>
		<truncated>0</truncated>
		<difficult>0</difficult>
		<occluded>0</occluded>
		<bndbox>
			<xmin>341</xmin>
			<xmax>438</xmax>
			<ymin>402</ymin>
			<ymax>584</ymax>
		</bndbox>
		<polygon>
			<x1>435.414958</x1>
			<y1>576.073242</y1>
			<x2>436.771701</x2>
			<y2>577.680349</y2>
			<x3>430.107354</x3>
			<y3>405.917887</y3>
			<x4>339.879115</x4>
			<y4>400.94253</y4>
			<x5>343.417518</x5>
			<y5>583.038661</y5>
			<x6>435.414958</x6>
			<y6>576.073242</y6>
		</polygon>
	</object>
	<object>
		<name>Pedestrian</name>
		<pose>Unspecified</pose>
		<truncated>0</truncated>
		<difficult>0</difficult>
		<occluded>0</occluded>
		<bndbox>
			<xmin>458</xmin>
			<xmax>544</xmax>
			<ymin>394</ymin>
			<ymax>573</ymax>
		</bndbox>
		<polygon>
			<x1>543.438368</x1>
			<y1>571.013682</y1>
			<x2>538.027459</x2>
			<y2>392.982039</y2>
			<x3>458.414281</x3>
			<y3>392.982039</y3>
			<x4>456.64508</x4>
			<y4>572.092956</y4>
			<x5>543.438368</x5>
			<y5>571.013682</y5>
		</polygon>
	</object>
	<object>
		<name>Pedestrian</name>
		<pose>Unspecified</pose>
		<truncated>0</truncated>
		<difficult>0</difficult>
		<occluded>0</occluded>
		<bndbox>
			<xmin>544</xmin>
			<xmax>631</xmax>
			<ymin>403</ymin>
			<ymax>582</ymax>
		</bndbox>
		<polygon>
			<x1>543.335062</x1>
			<y1>580.053446</y1>
			<x2>630.024899</x2>
			<y2>581.048518</y2>
			<x3>628.771701</x3>
			<y3>409.680349</y3>
			<x4>621.179039</x4>
			<y4>412.883347</y4>
			<x5>545.104119</x5>
			<y5>401.937601</y5>
			<x6>543.335062</x6>
			<y6>580.053446</y6>
		</polygon>
	</object>
	<object>
		<name>Pedestrian</name>
		<pose>Unspecified</pose>
		<truncated>0</truncated>
		<difficult>0</difficult>
		<occluded>0</occluded>
		<bndbox>
			<xmin>123</xmin>
			<xmax>160</xmax>
			<ymin>393</ymin>
			<ymax>460</ymax>
		</bndbox>
		<polygon>
			<x1>159.438368</x1>
			<y1>455.013682</y1>
			<x2>159.422638</x2>
			<y2>392.982039</y2>
			<x3>122.26985</x3>
			<y3>391.987008</y3>
			<x4>125.808108</x4>
			<y4>458.655985</y4>
			<x5>159.438368</x5>
			<y5>455.013682</y5>
		</polygon>
	</object>
	<object>
		<name>Pedestrian</name>
		<pose>Unspecified</pose>
		<truncated>0</truncated>
		<difficult>0</difficult>
		<occluded>0</occluded>
		<bndbox>
			<xmin>63</xmin>
			<xmax>137</xmax>
			<ymin>385</ymin>
			<ymax>472</ymax>
		</bndbox>
		<polygon>
			<x1>62.253183</x1>
			<y1>391.013682</y1>
			<x2>67.425198</x2>
			<y2>470.596761</y2>
			<x3>136.423314</x3>
			<y3>466.616516</y3>
			<x4>124.039051</x4>
			<y4>384.026518</y4>
			<x5>62.253183</x5>
			<y5>391.013682</y5>
		</polygon>
	</object>
	<object>
		<name>Obstacle</name>
		<pose>Unspecified</pose>
		<truncated>0</truncated>
		<difficult>0</difficult>
		<occluded>0</occluded>
		<bndbox>
			<xmin>481</xmin>
			<xmax>635</xmax>
			<ymin>324</ymin>
			<ymax>437</ymax>
		</bndbox>
		<polygon>
			<x1>633.512442</x1>
			<y1>323.013682</y1>
			<x2>479.644405</x2>
			<y2>348.20435</y2>
			<x3>504.413074</x3>
			<y3>398.952427</y3>
			<x4>633.563301</x4>
			<y4>435.769706</y4>
			<x5>633.512442</x5>
			<y5>323.013682</y5>
		</polygon>
	</object>
</annotation>
