<annotation>
	<folder></folder>
	<filename>WhatsApp-Image-2023-02-24-at-11-17-21-PM-1-_jpeg.rf.7b28697e88e67934020e0e2986903138.jpg</filename>
	<path>WhatsApp-Image-2023-02-24-at-11-17-21-PM-1-_jpeg.rf.7b28697e88e67934020e0e2986903138.jpg</path>
	<source>
		<database>roboflow.com</database>
	</source>
	<size>
		<width>640</width>
		<height>640</height>
		<depth>3</depth>
	</size>
	<segmented>0</segmented>
	<object>
		<name>Vendor</name>
		<pose>Unspecified</pose>
		<truncated>0</truncated>
		<difficult>0</difficult>
		<occluded>0</occluded>
		<bndbox>
			<xmin>1</xmin>
			<xmax>165</xmax>
			<ymin>281</ymin>
			<ymax>634</ymax>
		</bndbox>
	</object>
	<object>
		<name>Vendor</name>
		<pose>Unspecified</pose>
		<truncated>0</truncated>
		<difficult>0</difficult>
		<occluded>0</occluded>
		<bndbox>
			<xmin>439</xmin>
			<xmax>604</xmax>
			<ymin>362</ymin>
			<ymax>561</ymax>
		</bndbox>
	</object>
	<object>
		<name>Pedestrian</name>
		<pose>Unspecified</pose>
		<truncated>0</truncated>
		<difficult>0</difficult>
		<occluded>0</occluded>
		<bndbox>
			<xmin>250</xmin>
			<xmax>296</xmax>
			<ymin>439</ymin>
			<ymax>507</ymax>
		</bndbox>
	</object>
	<object>
		<name>Pedestrian</name>
		<pose>Unspecified</pose>
		<truncated>0</truncated>
		<difficult>0</difficult>
		<occluded>0</occluded>
		<bndbox>
			<xmin>330</xmin>
			<xmax>361</xmax>
			<ymin>439</ymin>
			<ymax>507</ymax>
		</bndbox>
	</object>
</annotation>
