<annotation>
	<folder></folder>
	<filename>WhatsApp-Image-2023-02-24-at-11-17-19-PM-1-_jpeg.rf.78253206d57ac7c6b0ad4551aedfe1fb.jpg</filename>
	<path>WhatsApp-Image-2023-02-24-at-11-17-19-PM-1-_jpeg.rf.78253206d57ac7c6b0ad4551aedfe1fb.jpg</path>
	<source>
		<database>roboflow.com</database>
	</source>
	<size>
		<width>640</width>
		<height>640</height>
		<depth>3</depth>
	</size>
	<segmented>0</segmented>
	<object>
		<name>Vendor</name>
		<pose>Unspecified</pose>
		<truncated>0</truncated>
		<difficult>0</difficult>
		<occluded>0</occluded>
		<bndbox>
			<xmin>415</xmin>
			<xmax>641</xmax>
			<ymin>185</ymin>
			<ymax>641</ymax>
		</bndbox>
		<polygon>
			<x1>421.261494</x1>
			<y1>539.256003</y1>
			<x2>525.643196</x2>
			<y2>640</y2>
			<x3>640</x3>
			<y3>635.776799</y3>
			<x4>617.640636</x4>
			<y4>184.019343</y4>
			<x5>529.181599</x5>
			<y5>212.876132</y5>
			<x6>546.873319</x6>
			<y6>404.922775</y6>
			<x7>414.18469</x7>
			<y7>508.409112</y7>
			<x8>421.261494</x8>
			<y8>539.256003</y8>
		</polygon>
	</object>
	<object>
		<name>Vendor</name>
		<pose>Unspecified</pose>
		<truncated>0</truncated>
		<difficult>0</difficult>
		<occluded>0</occluded>
		<bndbox>
			<xmin>1</xmin>
			<xmax>261</xmax>
			<ymin>177</ymin>
			<ymax>641</ymax>
		</bndbox>
		<polygon>
			<x1>102.808784</x1>
			<y1>176.058852</y1>
			<x2>97.501326</x2>
			<y2>244.718054</y2>
			<x3>0.196283</x3>
			<y3>236.757563</y3>
			<x4>1.965484</x4>
			<y4>638.762014</y4>
			<x5>128.623553</x5>
			<y5>640</y5>
			<x6>260.265938</x6>
			<y6>447.710402</y6>
			<x7>212.498089</x7>
			<y7>248.698299</y7>
			<x8>157.653437</x8>
			<y8>184.019343</y8>
			<x9>102.808784</x9>
			<y9>176.058852</y9>
		</polygon>
	</object>
	<object>
		<name>Pedestrian</name>
		<pose>Unspecified</pose>
		<truncated>0</truncated>
		<difficult>0</difficult>
		<occluded>0</occluded>
		<bndbox>
			<xmin>320</xmin>
			<xmax>390</xmax>
			<ymin>361</ymin>
			<ymax>456</ymax>
		</bndbox>
		<polygon>
			<x1>318.648993</x1>
			<y1>362.135188</y1>
			<x2>322.18725</x2>
			<y2>454.675821</y2>
			<x3>375.262702</x3>
			<y3>453.680749</y3>
			<x4>389.416166</x4>
			<y4>360.145046</y4>
			<x5>318.648993</x5>
			<y5>362.135188</y5>
		</polygon>
	</object>
	<object>
		<name>Pedestrian</name>
		<pose>Unspecified</pose>
		<truncated>0</truncated>
		<difficult>0</difficult>
		<occluded>0</occluded>
		<bndbox>
			<xmin>245</xmin>
			<xmax>314</xmax>
			<ymin>361</ymin>
			<ymax>456</ymax>
		</bndbox>
		<polygon>
			<x1>313.34139</x1>
			<y1>445.720259</y1>
			<x2>301.66059</x2>
			<y2>360.347015</y2>
			<x3>244.343274</x3>
			<y3>360.145046</y3>
			<x4>256.727536</x4>
			<y4>454.675821</y4>
			<x5>313.34139</x5>
			<y5>445.720259</y5>
		</polygon>
	</object>
	<object>
		<name>pole</name>
		<pose>Unspecified</pose>
		<truncated>0</truncated>
		<difficult>0</difficult>
		<occluded>0</occluded>
		<bndbox>
			<xmin>466</xmin>
			<xmax>543</xmax>
			<ymin>128</ymin>
			<ymax>421</ymax>
		</bndbox>
		<polygon>
			<x1>465.216146</x1>
			<y1>137.680349</y1>
			<x2>492.028811</x2>
			<y2>419.848684</y2>
			<x3>541.565861</x3>
			<y3>416.863511</y3>
			<x4>534.489057</x4>
			<y4>127.300919</y4>
			<x5>465.216146</x5>
			<y5>137.680349</y5>
		</polygon>
	</object>
</annotation>
