<annotation>
	<folder></folder>
	<filename>WhatsApp-Image-2023-02-24-at-11-22-32-PM_jpeg.rf.7fc647543487c8bf64623703ffca4f7c.jpg</filename>
	<path>WhatsApp-Image-2023-02-24-at-11-22-32-PM_jpeg.rf.7fc647543487c8bf64623703ffca4f7c.jpg</path>
	<source>
		<database>roboflow.com</database>
	</source>
	<size>
		<width>640</width>
		<height>640</height>
		<depth>3</depth>
	</size>
	<segmented>0</segmented>
	<object>
		<name>Pedestrian</name>
		<pose>Unspecified</pose>
		<truncated>0</truncated>
		<difficult>0</difficult>
		<occluded>0</occluded>
		<bndbox>
			<xmin>294</xmin>
			<xmax>321</xmax>
			<ymin>340</ymin>
			<ymax>374</ymax>
		</bndbox>
	</object>
	<object>
		<name>pole</name>
		<pose>Unspecified</pose>
		<truncated>0</truncated>
		<difficult>0</difficult>
		<occluded>0</occluded>
		<bndbox>
			<xmin>122</xmin>
			<xmax>204</xmax>
			<ymin>161</ymin>
			<ymax>389</ymax>
		</bndbox>
	</object>
</annotation>
