<annotation>
	<folder></folder>
	<filename>WhatsApp-Image-2023-02-24-at-11-11-29-PM_jpeg.rf.f5becf54404b2cbdd53004c51ec3aad0.jpg</filename>
	<path>WhatsApp-Image-2023-02-24-at-11-11-29-PM_jpeg.rf.f5becf54404b2cbdd53004c51ec3aad0.jpg</path>
	<source>
		<database>roboflow.com</database>
	</source>
	<size>
		<width>640</width>
		<height>640</height>
		<depth>3</depth>
	</size>
	<segmented>0</segmented>
	<object>
		<name>Obstacle</name>
		<pose>Unspecified</pose>
		<truncated>0</truncated>
		<difficult>0</difficult>
		<occluded>0</occluded>
		<bndbox>
			<xmin>516</xmin>
			<xmax>641</xmax>
			<ymin>270</ymin>
			<ymax>485</ymax>
		</bndbox>
	</object>
	<object>
		<name>Obstacle</name>
		<pose>Unspecified</pose>
		<truncated>0</truncated>
		<difficult>0</difficult>
		<occluded>0</occluded>
		<bndbox>
			<xmin>1</xmin>
			<xmax>364</xmax>
			<ymin>227</ymin>
			<ymax>518</ymax>
		</bndbox>
	</object>
	<object>
		<name>Pedestrian</name>
		<pose>Unspecified</pose>
		<truncated>0</truncated>
		<difficult>0</difficult>
		<occluded>0</occluded>
		<bndbox>
			<xmin>330</xmin>
			<xmax>386</xmax>
			<ymin>284</ymin>
			<ymax>420</ymax>
		</bndbox>
	</object>
	<object>
		<name>Pedestrian</name>
		<pose>Unspecified</pose>
		<truncated>0</truncated>
		<difficult>0</difficult>
		<occluded>0</occluded>
		<bndbox>
			<xmin>457</xmin>
			<xmax>491</xmax>
			<ymin>302</ymin>
			<ymax>381</ymax>
		</bndbox>
	</object>
	<object>
		<name>Pedestrian</name>
		<pose>Unspecified</pose>
		<truncated>0</truncated>
		<difficult>0</difficult>
		<occluded>0</occluded>
		<bndbox>
			<xmin>407</xmin>
			<xmax>423</xmax>
			<ymin>307</ymin>
			<ymax>334</ymax>
		</bndbox>
	</object>
	<object>
		<name>Tree</name>
		<pose>Unspecified</pose>
		<truncated>0</truncated>
		<difficult>0</difficult>
		<occluded>0</occluded>
		<bndbox>
			<xmin>389</xmin>
			<xmax>403</xmax>
			<ymin>280</ymin>
			<ymax>339</ymax>
		</bndbox>
	</object>
	<object>
		<name>Obstacle</name>
		<pose>Unspecified</pose>
		<truncated>0</truncated>
		<difficult>0</difficult>
		<occluded>0</occluded>
		<bndbox>
			<xmin>386</xmin>
			<xmax>439</xmax>
			<ymin>339</ymin>
			<ymax>359</ymax>
		</bndbox>
	</object>
	<object>
		<name>Footpath</name>
		<pose>Unspecified</pose>
		<truncated>0</truncated>
		<difficult>0</difficult>
		<occluded>0</occluded>
		<bndbox>
			<xmin>1</xmin>
			<xmax>641</xmax>
			<ymin>322</ymin>
			<ymax>641</ymax>
		</bndbox>
		<polygon>
			<x1>637.690659</x1>
			<y1>640</y1>
			<x2>640</x2>
			<y2>514.674913</y2>
			<x3>409.625936</x3>
			<y3>328.772137</y3>
			<x4>286.569446</x4>
			<y4>321.385291</y4>
			<x5>0.410219</x5>
			<y5>640</y5>
			<x6>637.690659</x6>
			<y6>640</y6>
		</polygon>
	</object>
</annotation>
