<annotation>
	<folder></folder>
	<filename>WhatsApp-Image-2023-02-24-at-11-22-24-PM-1-_jpeg.rf.92a945c5cbd3345899300f314c714f2b.jpg</filename>
	<path>WhatsApp-Image-2023-02-24-at-11-22-24-PM-1-_jpeg.rf.92a945c5cbd3345899300f314c714f2b.jpg</path>
	<source>
		<database>roboflow.com</database>
	</source>
	<size>
		<width>640</width>
		<height>640</height>
		<depth>3</depth>
	</size>
	<segmented>0</segmented>
	<object>
		<name>pole</name>
		<pose>Unspecified</pose>
		<truncated>0</truncated>
		<difficult>0</difficult>
		<occluded>0</occluded>
		<bndbox>
			<xmin>407</xmin>
			<xmax>504</xmax>
			<ymin>112</ymin>
			<ymax>399</ymax>
		</bndbox>
	</object>
	<object>
		<name>Auto</name>
		<pose>Unspecified</pose>
		<truncated>0</truncated>
		<difficult>0</difficult>
		<occluded>0</occluded>
		<bndbox>
			<xmin>286</xmin>
			<xmax>377</xmax>
			<ymin>325</ymin>
			<ymax>370</ymax>
		</bndbox>
	</object>
	<object>
		<name>Car</name>
		<pose>Unspecified</pose>
		<truncated>0</truncated>
		<difficult>0</difficult>
		<occluded>0</occluded>
		<bndbox>
			<xmin>4</xmin>
			<xmax>110</xmax>
			<ymin>315</ymin>
			<ymax>356</ymax>
		</bndbox>
	</object>
</annotation>
