<annotation>
	<folder></folder>
	<filename>WhatsApp-Image-2023-02-24-at-11-17-11-PM-1-_jpeg.rf.a37c293aeab80cb5ff310a52d36a372c.jpg</filename>
	<path>WhatsApp-Image-2023-02-24-at-11-17-11-PM-1-_jpeg.rf.a37c293aeab80cb5ff310a52d36a372c.jpg</path>
	<source>
		<database>roboflow.com</database>
	</source>
	<size>
		<width>640</width>
		<height>640</height>
		<depth>3</depth>
	</size>
	<segmented>0</segmented>
	<object>
		<name>Pedestrian</name>
		<pose>Unspecified</pose>
		<truncated>0</truncated>
		<difficult>0</difficult>
		<occluded>0</occluded>
		<bndbox>
			<xmin>185</xmin>
			<xmax>293</xmax>
			<ymin>417</ymin>
			<ymax>596</ymax>
		</bndbox>
		<polygon>
			<x1>292.179109</x1>
			<y1>595.013682</y1>
			<x2>283.265262</x2>
			<y2>416.863511</y2>
			<x3>191.267822</x3>
			<y3>415.868439</y3>
			<x4>184.191162</x4>
			<y4>583.038661</y4>
			<x5>292.179109</x5>
			<y5>595.013682</y5>
		</polygon>
	</object>
	<object>
		<name>Pedestrian</name>
		<pose>Unspecified</pose>
		<truncated>0</truncated>
		<difficult>0</difficult>
		<occluded>0</occluded>
		<bndbox>
			<xmin>93</xmin>
			<xmax>148</xmax>
			<ymin>386</ymin>
			<ymax>457</ymax>
		</bndbox>
		<polygon>
			<x1>145.216146</x1>
			<y1>456.347015</y1>
			<x2>147.038375</x2>
			<y2>395.967253</y2>
			<x3>102.808784</x3>
			<y3>385.021589</y3>
			<x4>92.193723</x4>
			<y4>448.705432</y4>
			<x5>145.216146</x5>
			<y5>456.347015</y5>
		</polygon>
	</object>
	<object>
		<name>Pedestrian</name>
		<pose>Unspecified</pose>
		<truncated>0</truncated>
		<difficult>0</difficult>
		<occluded>0</occluded>
		<bndbox>
			<xmin>436</xmin>
			<xmax>490</xmax>
			<ymin>392</ymin>
			<ymax>457</ymax>
		</bndbox>
		<polygon>
			<x1>488.919849</x1>
			<y1>452.347015</y1>
			<x2>486.721208</x2>
			<y2>390.991936</y2>
			<x3>442.491617</x3>
			<y3>391.987008</y3>
			<x4>435.414958</x4>
			<y4>455.670852</y4>
			<x5>488.919849</x5>
			<y5>452.347015</y5>
		</polygon>
	</object>
	<object>
		<name>Pedestrian</name>
		<pose>Unspecified</pose>
		<truncated>0</truncated>
		<difficult>0</difficult>
		<occluded>0</occluded>
		<bndbox>
			<xmin>390</xmin>
			<xmax>449</xmax>
			<ymin>392</ymin>
			<ymax>458</ymax>
		</bndbox>
		<polygon>
			<x1>392.954567</x1>
			<y1>396.962284</y1>
			<x2>389.416166</x2>
			<y2>448.705432</y2>
			<x3>436.771701</x3>
			<y3>451.013682</y3>
			<x4>447.79922</x4>
			<y4>456.665923</y4>
			<x5>431.876555</x5>
			<y5>390.991936</y5>
			<x6>392.954567</x6>
			<y6>396.962284</y6>
		</polygon>
	</object>
	<object>
		<name>Obstacle</name>
		<pose>Unspecified</pose>
		<truncated>0</truncated>
		<difficult>0</difficult>
		<occluded>0</occluded>
		<bndbox>
			<xmin>500</xmin>
			<xmax>641</xmax>
			<ymin>323</ymin>
			<ymax>460</ymax>
		</bndbox>
		<polygon>
			<x1>638.253183</x1>
			<y1>321.680349</y1>
			<x2>499.105471</x2>
			<y2>352.184555</y2>
			<x3>511.489733</x3>
			<y3>430.794349</y3>
			<x4>640</x4>
			<y4>458.655985</y4>
			<x5>638.253183</x5>
			<y5>321.680349</y5>
		</polygon>
	</object>
	<object>
		<name>Obstacle</name>
		<pose>Unspecified</pose>
		<truncated>0</truncated>
		<difficult>0</difficult>
		<occluded>0</occluded>
		<bndbox>
			<xmin>424</xmin>
			<xmax>491</xmax>
			<ymin>351</ymin>
			<ymax>421</ymax>
		</bndbox>
		<polygon>
			<x1>484.179109</x1>
			<y1>349.680349</y1>
			<x2>423.030695</x2>
			<y2>364.125291</y2>
			<x3>438.95336</x3>
			<y3>401.937601</y3>
			<x4>490.25961</x4>
			<y4>419.848684</y4>
			<x5>484.179109</x5>
			<y5>349.680349</y5>
		</polygon>
	</object>
	<object>
		<name>Obstacle</name>
		<pose>Unspecified</pose>
		<truncated>0</truncated>
		<difficult>0</difficult>
		<occluded>0</occluded>
		<bndbox>
			<xmin>116</xmin>
			<xmax>157</xmax>
			<ymin>291</ymin>
			<ymax>403</ymax>
		</bndbox>
		<polygon>
			<x1>145.216146</x1>
			<y1>401.680349</y1>
			<x2>155.884236</x2>
			<y2>293.476028</y2>
			<x3>115.193047</x3>
			<y3>290.490814</y3>
			<x4>115.193047</x4>
			<y4>382.036374</y4>
			<x5>145.216146</x5>
			<y5>401.680349</y5>
		</polygon>
	</object>
</annotation>
