<annotation>
	<folder></folder>
	<filename>WhatsApp-Image-2023-02-24-at-11-17-12-PM_jpeg.rf.698e55bb9c1d3a1df04171a01a99735b.jpg</filename>
	<path>WhatsApp-Image-2023-02-24-at-11-17-12-PM_jpeg.rf.698e55bb9c1d3a1df04171a01a99735b.jpg</path>
	<source>
		<database>roboflow.com</database>
	</source>
	<size>
		<width>640</width>
		<height>640</height>
		<depth>3</depth>
	</size>
	<segmented>0</segmented>
	<object>
		<name>Pedestrian</name>
		<pose>Unspecified</pose>
		<truncated>0</truncated>
		<difficult>0</difficult>
		<occluded>0</occluded>
		<bndbox>
			<xmin>290</xmin>
			<xmax>383</xmax>
			<ymin>423</ymin>
			<ymax>580</ymax>
		</bndbox>
		<polygon>
			<x1>382.253183</x1>
			<y1>561.680349</y1>
			<x2>380.570305</x2>
			<y2>422.833858</y2>
			<x3>295.649525</x3>
			<y3>421.838746</y3>
			<x4>288.572865</x4>
			<y4>579.058375</y4>
			<x5>382.253183</x5>
			<y5>561.680349</y5>
		</polygon>
	</object>
	<object>
		<name>Pedestrian</name>
		<pose>Unspecified</pose>
		<truncated>0</truncated>
		<difficult>0</difficult>
		<occluded>0</occluded>
		<bndbox>
			<xmin>419</xmin>
			<xmax>535</xmax>
			<ymin>424</ymin>
			<ymax>580</ymax>
		</bndbox>
		<polygon>
			<x1>533.956887</x1>
			<y1>579.013682</y1>
			<x2>518.566393</x2>
			<y2>422.833858</y2>
			<x3>417.723092</x3>
			<y3>424.824001</y3>
			<x4>424.799896</x4>
			<y4>569.107822</y4>
			<x5>533.956887</x5>
			<y5>579.013682</y5>
		</polygon>
	</object>
	<object>
		<name>Pedestrian</name>
		<pose>Unspecified</pose>
		<truncated>0</truncated>
		<difficult>0</difficult>
		<occluded>0</occluded>
		<bndbox>
			<xmin>504</xmin>
			<xmax>580</xmax>
			<ymin>421</ymin>
			<ymax>531</ymax>
		</bndbox>
		<polygon>
			<x1>571.641845</x1>
			<y1>530.300441</y1>
			<x2>578.718648</x2>
			<y2>419.848684</y2>
			<x3>516.797336</x3>
			<y3>420.843797</y3>
			<x4>502.643873</x4>
			<y4>509.404184</y4>
			<x5>571.641845</x5>
			<y5>530.300441</y5>
		</polygon>
	</object>
	<object>
		<name>Footpath</name>
		<pose>Unspecified</pose>
		<truncated>0</truncated>
		<difficult>0</difficult>
		<occluded>0</occluded>
		<bndbox>
			<xmin>4</xmin>
			<xmax>292</xmax>
			<ymin>457</ymin>
			<ymax>638</ymax>
		</bndbox>
		<polygon>
			<x1>180.88206</x1>
			<y1>455.63957</y1>
			<x2>2.65977</x2>
			<y2>583.676779</y2>
			<x3>70.987266</x3>
			<y3>637.09199</y3>
			<x4>290.849045</x4>
			<y4>474.845137</y4>
			<x5>180.88206</x5>
			<y5>455.63957</y5>
		</polygon>
	</object>
</annotation>
