<annotation>
	<folder></folder>
	<filename>WhatsApp-Image-2023-02-24-at-11-17-08-PM_jpeg.rf.1f557321ed7cdb792cc7965a5f180780.jpg</filename>
	<path>WhatsApp-Image-2023-02-24-at-11-17-08-PM_jpeg.rf.1f557321ed7cdb792cc7965a5f180780.jpg</path>
	<source>
		<database>roboflow.com</database>
	</source>
	<size>
		<width>640</width>
		<height>640</height>
		<depth>3</depth>
	</size>
	<segmented>0</segmented>
	<object>
		<name>Pedestrian</name>
		<pose>Unspecified</pose>
		<truncated>0</truncated>
		<difficult>0</difficult>
		<occluded>0</occluded>
		<bndbox>
			<xmin>385</xmin>
			<xmax>528</xmax>
			<ymin>377</ymin>
			<ymax>635</ymax>
		</bndbox>
		<polygon>
			<x1>526.845776</x1>
			<y1>625.680349</y1>
			<x2>523.873995</x2>
			<y2>381.041344</y2>
			<x3>384.108707</x3>
			<y3>376.066027</y3>
			<x4>400.031371</x4>
			<y4>633.786738</y4>
			<x5>526.845776</x5>
			<y5>625.680349</y5>
		</polygon>
	</object>
	<object>
		<name>Pedestrian</name>
		<pose>Unspecified</pose>
		<truncated>0</truncated>
		<difficult>0</difficult>
		<occluded>0</occluded>
		<bndbox>
			<xmin>258</xmin>
			<xmax>389</xmax>
			<ymin>372</ymin>
			<ymax>634</ymax>
		</bndbox>
		<polygon>
			<x1>375.142071</x1>
			<y1>371.013682</y1>
			<x2>288.572865</x2>
			<y2>377.061098</y2>
			<x3>256.727536</x3>
			<y3>632.791666</y3>
			<x4>387.646965</x4>
			<y4>604.92999</y4>
			<x5>375.142071</x5>
			<y5>371.013682</y5>
		</polygon>
	</object>
	<object>
		<name>Pedestrian</name>
		<pose>Unspecified</pose>
		<truncated>0</truncated>
		<difficult>0</difficult>
		<occluded>0</occluded>
		<bndbox>
			<xmin>162</xmin>
			<xmax>269</xmax>
			<ymin>351</ymin>
			<ymax>524</ymax>
		</bndbox>
		<polygon>
			<x1>268.475405</x1>
			<y1>363.013682</y1>
			<x2>180.652761</x2>
			<y2>350.194453</y2>
			<x3>161.191839</x3>
			<y3>523.335022</y3>
			<x4>263.80434</x4>
			<y4>517.364674</y4>
			<x5>268.475405</x5>
			<y5>363.013682</y5>
		</polygon>
	</object>
	<object>
		<name>Pedestrian</name>
		<pose>Unspecified</pose>
		<truncated>0</truncated>
		<difficult>0</difficult>
		<occluded>0</occluded>
		<bndbox>
			<xmin>42</xmin>
			<xmax>144</xmax>
			<ymin>359</ymin>
			<ymax>495</ymax>
		</bndbox>
		<polygon>
			<x1>142.845776</x1>
			<y1>360.347015</y1>
			<x2>40.887472</x2>
			<y2>358.154943</y2>
			<x3>40.887472</x3>
			<y3>492.48809</y3>
			<x4>125.808108</x4>
			<y4>494.478274</y4>
			<x5>142.845776</x5>
			<y5>360.347015</y5>
		</polygon>
	</object>
	<object>
		<name>pole</name>
		<pose>Unspecified</pose>
		<truncated>0</truncated>
		<difficult>0</difficult>
		<occluded>0</occluded>
		<bndbox>
			<xmin>459</xmin>
			<xmax>626</xmax>
			<ymin>277</ymin>
			<ymax>470</ymax>
		</bndbox>
		<polygon>
			<x1>607.025575</x1>
			<y1>275.564945</y1>
			<x2>458.414281</x2>
			<y2>317.357459</y2>
			<x3>504.413074</x3>
			<y3>434.774594</y3>
			<x4>624.717296</x4>
			<y4>468.606659</y4>
			<x5>607.025575</x5>
			<y5>275.564945</y5>
		</polygon>
	</object>
	<object>
		<name>Obstacle</name>
		<pose>Unspecified</pose>
		<truncated>0</truncated>
		<difficult>0</difficult>
		<occluded>0</occluded>
		<bndbox>
			<xmin>461</xmin>
			<xmax>635</xmax>
			<ymin>285</ymin>
			<ymax>480</ymax>
		</bndbox>
		<polygon>
			<x1>609.808738</x1>
			<y1>284.347015</y1>
			<x2>460.183482</x2>
			<y2>323.327807</y2>
			<x3>497.33627</x3>
			<y3>431.78942</y3>
			<x4>633.563301</x4>
			<y4>478.557252</y4>
			<x5>609.808738</x5>
			<y5>284.347015</y5>
		</polygon>
	</object>
</annotation>
