<annotation>
	<folder></folder>
	<filename>WhatsApp-Image-2023-02-24-at-11-22-39-PM-1-_jpeg.rf.9593833e19cb806dddab0b6cb7170868.jpg</filename>
	<path>WhatsApp-Image-2023-02-24-at-11-22-39-PM-1-_jpeg.rf.9593833e19cb806dddab0b6cb7170868.jpg</path>
	<source>
		<database>roboflow.com</database>
	</source>
	<size>
		<width>640</width>
		<height>640</height>
		<depth>3</depth>
	</size>
	<segmented>0</segmented>
	<object>
		<name>Pedestrian</name>
		<pose>Unspecified</pose>
		<truncated>0</truncated>
		<difficult>0</difficult>
		<occluded>0</occluded>
		<bndbox>
			<xmin>417</xmin>
			<xmax>525</xmax>
			<ymin>361</ymin>
			<ymax>409</ymax>
		</bndbox>
	</object>
	<object>
		<name>Pedestrian</name>
		<pose>Unspecified</pose>
		<truncated>0</truncated>
		<difficult>0</difficult>
		<occluded>0</occluded>
		<bndbox>
			<xmin>1</xmin>
			<xmax>58</xmax>
			<ymin>371</ymin>
			<ymax>483</ymax>
		</bndbox>
	</object>
	<object>
		<name>Pedestrian</name>
		<pose>Unspecified</pose>
		<truncated>0</truncated>
		<difficult>0</difficult>
		<occluded>0</occluded>
		<bndbox>
			<xmin>56</xmin>
			<xmax>169</xmax>
			<ymin>361</ymin>
			<ymax>437</ymax>
		</bndbox>
	</object>
</annotation>
