<annotation>
	<folder></folder>
	<filename>WhatsApp-Image-2023-02-24-at-11-22-28-PM_jpeg.rf.ffa7382a474dc78c430fd46a2d6be154.jpg</filename>
	<path>WhatsApp-Image-2023-02-24-at-11-22-28-PM_jpeg.rf.ffa7382a474dc78c430fd46a2d6be154.jpg</path>
	<source>
		<database>roboflow.com</database>
	</source>
	<size>
		<width>640</width>
		<height>640</height>
		<depth>3</depth>
	</size>
	<segmented>0</segmented>
	<object>
		<name>crosswalk</name>
		<pose>Unspecified</pose>
		<truncated>0</truncated>
		<difficult>0</difficult>
		<occluded>0</occluded>
		<bndbox>
			<xmin>1</xmin>
			<xmax>114</xmax>
			<ymin>361</ymin>
			<ymax>640</ymax>
		</bndbox>
	</object>
	<object>
		<name>Traffic Lights</name>
		<pose>Unspecified</pose>
		<truncated>0</truncated>
		<difficult>0</difficult>
		<occluded>0</occluded>
		<bndbox>
			<xmin>526</xmin>
			<xmax>557</xmax>
			<ymin>227</ymin>
			<ymax>313</ymax>
		</bndbox>
	</object>
	<object>
		<name>Vendor</name>
		<pose>Unspecified</pose>
		<truncated>0</truncated>
		<difficult>0</difficult>
		<occluded>0</occluded>
		<bndbox>
			<xmin>127</xmin>
			<xmax>186</xmax>
			<ymin>287</ymin>
			<ymax>337</ymax>
		</bndbox>
	</object>
	<object>
		<name>Tree</name>
		<pose>Unspecified</pose>
		<truncated>0</truncated>
		<difficult>0</difficult>
		<occluded>0</occluded>
		<bndbox>
			<xmin>53</xmin>
			<xmax>117</xmax>
			<ymin>179</ymin>
			<ymax>326</ymax>
		</bndbox>
	</object>
	<object>
		<name>Pedestrian</name>
		<pose>Unspecified</pose>
		<truncated>0</truncated>
		<difficult>0</difficult>
		<occluded>0</occluded>
		<bndbox>
			<xmin>366</xmin>
			<xmax>391</xmax>
			<ymin>283</ymin>
			<ymax>309</ymax>
		</bndbox>
	</object>
	<object>
		<name>crosswalk</name>
		<pose>Unspecified</pose>
		<truncated>0</truncated>
		<difficult>0</difficult>
		<occluded>0</occluded>
		<bndbox>
			<xmin>210</xmin>
			<xmax>641</xmax>
			<ymin>310</ymin>
			<ymax>317</ymax>
		</bndbox>
	</object>
	<object>
		<name>Obstacle</name>
		<pose>Unspecified</pose>
		<truncated>0</truncated>
		<difficult>0</difficult>
		<occluded>0</occluded>
		<bndbox>
			<xmin>414</xmin>
			<xmax>623</xmax>
			<ymin>286</ymin>
			<ymax>306</ymax>
		</bndbox>
	</object>
	<object>
		<name>Obstacle</name>
		<pose>Unspecified</pose>
		<truncated>0</truncated>
		<difficult>0</difficult>
		<occluded>0</occluded>
		<bndbox>
			<xmin>188</xmin>
			<xmax>214</xmax>
			<ymin>289</ymin>
			<ymax>339</ymax>
		</bndbox>
	</object>
	<object>
		<name>signboard</name>
		<pose>Unspecified</pose>
		<truncated>0</truncated>
		<difficult>0</difficult>
		<occluded>0</occluded>
		<bndbox>
			<xmin>600</xmin>
			<xmax>622</xmax>
			<ymin>252</ymin>
			<ymax>308</ymax>
		</bndbox>
	</object>
	<object>
		<name>pole</name>
		<pose>Unspecified</pose>
		<truncated>0</truncated>
		<difficult>0</difficult>
		<occluded>0</occluded>
		<bndbox>
			<xmin>159</xmin>
			<xmax>191</xmax>
			<ymin>137</ymin>
			<ymax>294</ymax>
		</bndbox>
	</object>
</annotation>
