<annotation>
	<folder></folder>
	<filename>WhatsApp-Image-2023-02-24-at-11-17-09-PM_jpeg.rf.1f71a97cc81e8326709545c1f14f361a.jpg</filename>
	<path>WhatsApp-Image-2023-02-24-at-11-17-09-PM_jpeg.rf.1f71a97cc81e8326709545c1f14f361a.jpg</path>
	<source>
		<database>roboflow.com</database>
	</source>
	<size>
		<width>640</width>
		<height>640</height>
		<depth>3</depth>
	</size>
	<segmented>0</segmented>
	<object>
		<name>Pedestrian</name>
		<pose>Unspecified</pose>
		<truncated>0</truncated>
		<difficult>0</difficult>
		<occluded>0</occluded>
		<bndbox>
			<xmin>290</xmin>
			<xmax>381</xmax>
			<ymin>329</ymin>
			<ymax>455</ymax>
		</bndbox>
		<polygon>
			<x1>379.882812</x1>
			<y1>444.347015</y1>
			<x2>354.032579</x2>
			<y2>328.303124</y2>
			<x3>288.572865</x3>
			<y3>332.283369</y3>
			<x4>300.957127</x4>
			<y4>453.680749</y4>
			<x5>379.882812</x5>
			<y5>444.347015</y5>
		</polygon>
	</object>
	<object>
		<name>Pedestrian</name>
		<pose>Unspecified</pose>
		<truncated>0</truncated>
		<difficult>0</difficult>
		<occluded>0</occluded>
		<bndbox>
			<xmin>143</xmin>
			<xmax>267</xmax>
			<ymin>329</ymin>
			<ymax>464</ymax>
		</bndbox>
		<polygon>
			<x1>212.498089</x1>
			<y1>333.27844</y1>
			<x2>141.730773</x2>
			<y2>328.303124</y2>
			<x3>166.499297</x3>
			<y3>462.636312</y3>
			<x4>265.573541</x4>
			<y4>461.64124</y4>
			<x5>212.498089</x5>
			<y5>333.27844</y5>
		</polygon>
	</object>
	<object>
		<name>Pedestrian</name>
		<pose>Unspecified</pose>
		<truncated>0</truncated>
		<difficult>0</difficult>
		<occluded>0</occluded>
		<bndbox>
			<xmin>205</xmin>
			<xmax>297</xmax>
			<ymin>336</ymin>
			<ymax>449</ymax>
		</bndbox>
		<polygon>
			<x1>285.067998</x1>
			<y1>337.680349</y1>
			<x2>203.652085</x2>
			<y2>335.268543</y2>
			<x3>235.497414</x3>
			<y3>445.720259</y3>
			<x4>295.649525</x4>
			<y4>447.710402</y4>
			<x5>285.067998</x5>
			<y5>337.680349</y5>
		</polygon>
	</object>
	<object>
		<name>Pedestrian</name>
		<pose>Unspecified</pose>
		<truncated>0</truncated>
		<difficult>0</difficult>
		<occluded>0</occluded>
		<bndbox>
			<xmin>369</xmin>
			<xmax>454</xmax>
			<ymin>333</ymin>
			<ymax>395</ymax>
		</bndbox>
		<polygon>
			<x1>453.364294</x1>
			<y1>379.013682</y1>
			<x2>440.722416</x2>
			<y2>336.263614</y2>
			<x3>368.186042</x3>
			<y3>332.283369</y3>
			<x4>408.877232</x4>
			<y4>393.97711</y4>
			<x5>453.364294</x5>
			<y5>379.013682</y5>
		</polygon>
	</object>
</annotation>
