<annotation>
	<folder></folder>
	<filename>WhatsApp-Image-2023-02-24-at-11-11-34-PM-1-_jpeg.rf.31a93889225a7834de3e0bd97b9765db.jpg</filename>
	<path>WhatsApp-Image-2023-02-24-at-11-11-34-PM-1-_jpeg.rf.31a93889225a7834de3e0bd97b9765db.jpg</path>
	<source>
		<database>roboflow.com</database>
	</source>
	<size>
		<width>640</width>
		<height>640</height>
		<depth>3</depth>
	</size>
	<segmented>0</segmented>
	<object>
		<name>pole</name>
		<pose>Unspecified</pose>
		<truncated>0</truncated>
		<difficult>0</difficult>
		<occluded>0</occluded>
		<bndbox>
			<xmin>355</xmin>
			<xmax>472</xmax>
			<ymin>3</ymin>
			<ymax>533</ymax>
		</bndbox>
	</object>
	<object>
		<name>Obstacle</name>
		<pose>Unspecified</pose>
		<truncated>0</truncated>
		<difficult>0</difficult>
		<occluded>0</occluded>
		<bndbox>
			<xmin>254</xmin>
			<xmax>353</xmax>
			<ymin>335</ymin>
			<ymax>467</ymax>
		</bndbox>
	</object>
</annotation>
