<annotation>
	<folder></folder>
	<filename>WhatsApp-Image-2023-02-24-at-11-22-29-PM-1-_jpeg.rf.2fad465ffe99e2d3bdaf407d9711a2e9.jpg</filename>
	<path>WhatsApp-Image-2023-02-24-at-11-22-29-PM-1-_jpeg.rf.2fad465ffe99e2d3bdaf407d9711a2e9.jpg</path>
	<source>
		<database>roboflow.com</database>
	</source>
	<size>
		<width>640</width>
		<height>640</height>
		<depth>3</depth>
	</size>
	<segmented>0</segmented>
	<object>
		<name>Obstacle</name>
		<pose>Unspecified</pose>
		<truncated>0</truncated>
		<difficult>0</difficult>
		<occluded>0</occluded>
		<bndbox>
			<xmin>1</xmin>
			<xmax>353</xmax>
			<ymin>138</ymin>
			<ymax>635</ymax>
		</bndbox>
	</object>
	<object>
		<name>Obstacle</name>
		<pose>Unspecified</pose>
		<truncated>0</truncated>
		<difficult>0</difficult>
		<occluded>0</occluded>
		<bndbox>
			<xmin>261</xmin>
			<xmax>373</xmax>
			<ymin>197</ymin>
			<ymax>375</ymax>
		</bndbox>
	</object>
	<object>
		<name>Obstacle</name>
		<pose>Unspecified</pose>
		<truncated>0</truncated>
		<difficult>0</difficult>
		<occluded>0</occluded>
		<bndbox>
			<xmin>533</xmin>
			<xmax>568</xmax>
			<ymin>373</ymin>
			<ymax>403</ymax>
		</bndbox>
	</object>
	<object>
		<name>Obstacle</name>
		<pose>Unspecified</pose>
		<truncated>0</truncated>
		<difficult>0</difficult>
		<occluded>0</occluded>
		<bndbox>
			<xmin>568</xmin>
			<xmax>613</xmax>
			<ymin>388</ymin>
			<ymax>426</ymax>
		</bndbox>
	</object>
	<object>
		<name>Obstacle</name>
		<pose>Unspecified</pose>
		<truncated>0</truncated>
		<difficult>0</difficult>
		<occluded>0</occluded>
		<bndbox>
			<xmin>179</xmin>
			<xmax>326</xmax>
			<ymin>389</ymin>
			<ymax>501</ymax>
		</bndbox>
	</object>
</annotation>
