<annotation>
	<folder></folder>
	<filename>WhatsApp-Image-2023-02-24-at-11-22-36-PM_jpeg.rf.e7ec55ac157bf8c2b322a6314d8941f5.jpg</filename>
	<path>WhatsApp-Image-2023-02-24-at-11-22-36-PM_jpeg.rf.e7ec55ac157bf8c2b322a6314d8941f5.jpg</path>
	<source>
		<database>roboflow.com</database>
	</source>
	<size>
		<width>640</width>
		<height>640</height>
		<depth>3</depth>
	</size>
	<segmented>0</segmented>
	<object>
		<name>Pedestrian</name>
		<pose>Unspecified</pose>
		<truncated>0</truncated>
		<difficult>0</difficult>
		<occluded>0</occluded>
		<bndbox>
			<xmin>55</xmin>
			<xmax>199</xmax>
			<ymin>332</ymin>
			<ymax>437</ymax>
		</bndbox>
	</object>
	<object>
		<name>Pedestrian</name>
		<pose>Unspecified</pose>
		<truncated>0</truncated>
		<difficult>0</difficult>
		<occluded>0</occluded>
		<bndbox>
			<xmin>401</xmin>
			<xmax>577</xmax>
			<ymin>345</ymin>
			<ymax>603</ymax>
		</bndbox>
	</object>
	<object>
		<name>Pedestrian</name>
		<pose>Unspecified</pose>
		<truncated>0</truncated>
		<difficult>0</difficult>
		<occluded>0</occluded>
		<bndbox>
			<xmin>275</xmin>
			<xmax>412</xmax>
			<ymin>321</ymin>
			<ymax>464</ymax>
		</bndbox>
	</object>
	<object>
		<name>pole</name>
		<pose>Unspecified</pose>
		<truncated>0</truncated>
		<difficult>0</difficult>
		<occluded>0</occluded>
		<bndbox>
			<xmin>412</xmin>
			<xmax>630</xmax>
			<ymin>36</ymin>
			<ymax>337</ymax>
		</bndbox>
	</object>
</annotation>
