<annotation>
	<folder></folder>
	<filename>WhatsApp-Image-2023-02-24-at-11-22-09-PM_jpeg.rf.86421a242c1e74151a1b4398152d4e1a.jpg</filename>
	<path>WhatsApp-Image-2023-02-24-at-11-22-09-PM_jpeg.rf.86421a242c1e74151a1b4398152d4e1a.jpg</path>
	<source>
		<database>roboflow.com</database>
	</source>
	<size>
		<width>640</width>
		<height>640</height>
		<depth>3</depth>
	</size>
	<segmented>0</segmented>
	<object>
		<name>Car</name>
		<pose>Unspecified</pose>
		<truncated>0</truncated>
		<difficult>0</difficult>
		<occluded>0</occluded>
		<bndbox>
			<xmin>260</xmin>
			<xmax>350</xmax>
			<ymin>331</ymin>
			<ymax>397</ymax>
		</bndbox>
	</object>
	<object>
		<name>Obstacle</name>
		<pose>Unspecified</pose>
		<truncated>0</truncated>
		<difficult>0</difficult>
		<occluded>0</occluded>
		<bndbox>
			<xmin>5</xmin>
			<xmax>246</xmax>
			<ymin>328</ymin>
			<ymax>402</ymax>
		</bndbox>
	</object>
	<object>
		<name>Obstacle</name>
		<pose>Unspecified</pose>
		<truncated>0</truncated>
		<difficult>0</difficult>
		<occluded>0</occluded>
		<bndbox>
			<xmin>433</xmin>
			<xmax>574</xmax>
			<ymin>336</ymin>
			<ymax>410</ymax>
		</bndbox>
	</object>
</annotation>
