<annotation>
	<folder></folder>
	<filename>WhatsApp-Image-2023-02-24-at-11-22-21-PM_jpeg.rf.96e6d187a1ef2299b71cbd8bab090382.jpg</filename>
	<path>WhatsApp-Image-2023-02-24-at-11-22-21-PM_jpeg.rf.96e6d187a1ef2299b71cbd8bab090382.jpg</path>
	<source>
		<database>roboflow.com</database>
	</source>
	<size>
		<width>640</width>
		<height>640</height>
		<depth>3</depth>
	</size>
	<segmented>0</segmented>
	<object>
		<name>Pedestrian</name>
		<pose>Unspecified</pose>
		<truncated>0</truncated>
		<difficult>0</difficult>
		<occluded>0</occluded>
		<bndbox>
			<xmin>343</xmin>
			<xmax>487</xmax>
			<ymin>409</ymin>
			<ymax>554</ymax>
		</bndbox>
	</object>
	<object>
		<name>Vendor</name>
		<pose>Unspecified</pose>
		<truncated>0</truncated>
		<difficult>0</difficult>
		<occluded>0</occluded>
		<bndbox>
			<xmin>476</xmin>
			<xmax>641</xmax>
			<ymin>470</ymin>
			<ymax>533</ymax>
		</bndbox>
	</object>
	<object>
		<name>Pedestrian</name>
		<pose>Unspecified</pose>
		<truncated>0</truncated>
		<difficult>0</difficult>
		<occluded>0</occluded>
		<bndbox>
			<xmin>177</xmin>
			<xmax>290</xmax>
			<ymin>404</ymin>
			<ymax>540</ymax>
		</bndbox>
	</object>
	<object>
		<name>Pedestrian</name>
		<pose>Unspecified</pose>
		<truncated>0</truncated>
		<difficult>0</difficult>
		<occluded>0</occluded>
		<bndbox>
			<xmin>95</xmin>
			<xmax>156</xmax>
			<ymin>399</ymin>
			<ymax>537</ymax>
		</bndbox>
	</object>
	<object>
		<name>Footpath</name>
		<pose>Unspecified</pose>
		<truncated>0</truncated>
		<difficult>0</difficult>
		<occluded>0</occluded>
		<bndbox>
			<xmin>1</xmin>
			<xmax>641</xmax>
			<ymin>418</ymin>
			<ymax>639</ymax>
		</bndbox>
		<polygon>
			<x1>199.841874</x1>
			<y1>420.429357</y1>
			<x2>0.474031</x2>
			<y2>637.066668</y2>
			<x3>640</x3>
			<y3>638.092559</y3>
			<x4>385.648119</x4>
			<y4>417.228517</y4>
			<x5>199.841874</x5>
			<y5>420.429357</y5>
		</polygon>
	</object>
</annotation>
