<annotation>
	<folder></folder>
	<filename>WhatsApp-Image-2023-02-24-at-11-22-30-PM-2-_jpeg.rf.48901a0c35acc376c44e54896d13f6a7.jpg</filename>
	<path>WhatsApp-Image-2023-02-24-at-11-22-30-PM-2-_jpeg.rf.48901a0c35acc376c44e54896d13f6a7.jpg</path>
	<source>
		<database>roboflow.com</database>
	</source>
	<size>
		<width>640</width>
		<height>640</height>
		<depth>3</depth>
	</size>
	<segmented>0</segmented>
	<object>
		<name>Obstacle</name>
		<pose>Unspecified</pose>
		<truncated>0</truncated>
		<difficult>0</difficult>
		<occluded>0</occluded>
		<bndbox>
			<xmin>1</xmin>
			<xmax>49</xmax>
			<ymin>253</ymin>
			<ymax>392</ymax>
		</bndbox>
	</object>
	<object>
		<name>Obstacle</name>
		<pose>Unspecified</pose>
		<truncated>0</truncated>
		<difficult>0</difficult>
		<occluded>0</occluded>
		<bndbox>
			<xmin>49</xmin>
			<xmax>120</xmax>
			<ymin>263</ymin>
			<ymax>352</ymax>
		</bndbox>
	</object>
</annotation>
