<annotation>
	<folder></folder>
	<filename>WhatsApp-Image-2023-02-24-at-11-11-36-PM_jpeg.rf.d5e14bdd51720bc0478f0058144ceb43.jpg</filename>
	<path>WhatsApp-Image-2023-02-24-at-11-11-36-PM_jpeg.rf.d5e14bdd51720bc0478f0058144ceb43.jpg</path>
	<source>
		<database>roboflow.com</database>
	</source>
	<size>
		<width>640</width>
		<height>640</height>
		<depth>3</depth>
	</size>
	<segmented>0</segmented>
	<object>
		<name>Tree</name>
		<pose>Unspecified</pose>
		<truncated>0</truncated>
		<difficult>0</difficult>
		<occluded>0</occluded>
		<bndbox>
			<xmin>267</xmin>
			<xmax>594</xmax>
			<ymin>1</ymin>
			<ymax>545</ymax>
		</bndbox>
	</object>
</annotation>
