<annotation>
	<folder></folder>
	<filename>WhatsApp-Image-2023-02-24-at-11-11-28-PM_jpeg.rf.e3fbafc0548cc8b9645f267d202a3b96.jpg</filename>
	<path>WhatsApp-Image-2023-02-24-at-11-11-28-PM_jpeg.rf.e3fbafc0548cc8b9645f267d202a3b96.jpg</path>
	<source>
		<database>roboflow.com</database>
	</source>
	<size>
		<width>640</width>
		<height>640</height>
		<depth>3</depth>
	</size>
	<segmented>0</segmented>
	<object>
		<name>signboard</name>
		<pose>Unspecified</pose>
		<truncated>0</truncated>
		<difficult>0</difficult>
		<occluded>0</occluded>
		<bndbox>
			<xmin>21</xmin>
			<xmax>181</xmax>
			<ymin>89</ymin>
			<ymax>483</ymax>
		</bndbox>
		<polygon>
			<x1>124.390992</x1>
			<y1>481.135881</y1>
			<x2>118.266834</x2>
			<y2>202.13624</y2>
			<x3>179.507782</x3>
			<y3>211.321422</y3>
			<x4>101.052434</x4>
			<y4>88.09271</y4>
			<x5>20.281443</x5>
			<y5>188.358468</y5>
			<x6>98.363573</x6>
			<y6>198.691809</y6>
			<x7>90.708502</x7>
			<y7>482.284041</y7>
			<x8>124.390992</x8>
			<y8>481.135881</y8>
		</polygon>
	</object>
	<object>
		<name>Car</name>
		<pose>Unspecified</pose>
		<truncated>0</truncated>
		<difficult>0</difficult>
		<occluded>0</occluded>
		<bndbox>
			<xmin>298</xmin>
			<xmax>451</xmax>
			<ymin>315</ymin>
			<ymax>385</ymax>
		</bndbox>
		<polygon>
			<x1>450.49874</x1>
			<y1>342.21014</y1>
			<x2>419.878329</x2>
			<y2>318.099074</y2>
			<x3>318.488331</x3>
			<y3>314.246556</y3>
			<x4>297.396559</x4>
			<y4>365.173094</y4>
			<x5>381.602721</x5>
			<y5>383.54341</y5>
			<x6>447.436661</x6>
			<y6>374.358228</y6>
			<x7>450.49874</x7>
			<y7>342.21014</y7>
		</polygon>
	</object>
	<object>
		<name>motorcycle</name>
		<pose>Unspecified</pose>
		<truncated>0</truncated>
		<difficult>0</difficult>
		<occluded>0</occluded>
		<bndbox>
			<xmin>92</xmin>
			<xmax>231</xmax>
			<ymin>300</ymin>
			<ymax>383</ymax>
		</bndbox>
		<polygon>
			<x1>173.38375</x1>
			<y1>304.321302</y1>
			<x2>155.011403</x2>
			<y2>298.580599</y2>
			<x3>128.983984</x3>
			<y3>336.46939</y3>
			<x4>93.770581</x4>
			<y4>326.136096</y4>
			<x5>98.363573</x5>
			<y5>354.839753</y5>
			<x6>90.708502</x6>
			<y6>374.358228</y6>
			<x7>125.922031</x7>
			<y7>382.395297</y7>
			<x8>230.283203</x8>
			<y8>374.246556</y8>
			<x9>220.845343</x9>
			<y9>350.247162</y9>
			<x10>202.473122</x10>
			<y10>331.876799</y10>
			<x11>173.38375</x11>
			<y11>329.580527</y11>
			<x12>173.38375</x12>
			<y12>304.321302</y12>
		</polygon>
	</object>
	<object>
		<name>Obstacle</name>
		<pose>Unspecified</pose>
		<truncated>0</truncated>
		<difficult>0</difficult>
		<occluded>0</occluded>
		<bndbox>
			<xmin>314</xmin>
			<xmax>556</xmax>
			<ymin>281</ymin>
			<ymax>373</ymax>
		</bndbox>
		<polygon>
			<x1>552.334485</x1>
			<y1>323.477326</y1>
			<x2>312.706702</x2>
			<y2>280.210236</y2>
			<x3>318.830859</x3>
			<y3>291.691689</y3>
			<x4>554.608288</x4>
			<y4>372.061956</y4>
			<x5>552.334485</x5>
			<y5>323.477326</y5>
		</polygon>
	</object>
	<object>
		<name>Footpath</name>
		<pose>Unspecified</pose>
		<truncated>0</truncated>
		<difficult>0</difficult>
		<occluded>0</occluded>
		<bndbox>
			<xmin>8</xmin>
			<xmax>639</xmax>
			<ymin>478</ymin>
			<ymax>641</ymax>
		</bndbox>
		<polygon>
			<x1>637.690659</x1>
			<y1>640</y1>
			<x2>575.341986</x2>
			<y2>522.061759</y2>
			<x3>83.116021</x3>
			<y3>476.50942</y3>
			<x4>6.564065</x4>
			<y4>640</y4>
			<x5>637.690659</x5>
			<y5>640</y5>
		</polygon>
	</object>
</annotation>
