<annotation>
	<folder></folder>
	<filename>WhatsApp-Image-2023-02-24-at-11-26-53-PM_jpeg.rf.67bf1ad9ee64c9011d54989f9f985aff.jpg</filename>
	<path>WhatsApp-Image-2023-02-24-at-11-26-53-PM_jpeg.rf.67bf1ad9ee64c9011d54989f9f985aff.jpg</path>
	<source>
		<database>roboflow.com</database>
	</source>
	<size>
		<width>640</width>
		<height>640</height>
		<depth>3</depth>
	</size>
	<segmented>0</segmented>
	<object>
		<name>Pedestrian</name>
		<pose>Unspecified</pose>
		<truncated>0</truncated>
		<difficult>0</difficult>
		<occluded>0</occluded>
		<bndbox>
			<xmin>376</xmin>
			<xmax>458</xmax>
			<ymin>461</ymin>
			<ymax>613</ymax>
		</bndbox>
		<polygon>
			<x1>433.625159</x1>
			<y1>473.581894</y1>
			<x2>389.589128</x2>
			<y2>459.651097</y2>
			<x3>374.661678</x3>
			<y3>551.196698</y3>
			<x4>381.379052</x4>
			<y4>610.900337</y4>
			<x5>456.762747</x5>
			<y5>611.895409</y5>
			<x6>433.625159</x6>
			<y6>473.581894</y6>
		</polygon>
	</object>
	<object>
		<name>Pedestrian</name>
		<pose>Unspecified</pose>
		<truncated>0</truncated>
		<difficult>0</difficult>
		<occluded>0</occluded>
		<bndbox>
			<xmin>238</xmin>
			<xmax>285</xmax>
			<ymin>488</ymin>
			<ymax>613</ymax>
		</bndbox>
		<polygon>
			<x1>251.263062</x1>
			<y1>487.172862</y1>
			<x2>236.582593</x2>
			<y2>609.905266</y2>
			<x3>283.60409</x3>
			<y3>611.895409</y3>
			<x4>283.60409</x4>
			<y4>487.512855</y4>
			<x5>251.263062</x5>
			<y5>487.172862</y5>
		</polygon>
	</object>
	<object>
		<name>Pedestrian</name>
		<pose>Unspecified</pose>
		<truncated>0</truncated>
		<difficult>0</difficult>
		<occluded>0</occluded>
		<bndbox>
			<xmin>111</xmin>
			<xmax>156</xmax>
			<ymin>483</ymin>
			<ymax>580</ymax>
		</bndbox>
		<polygon>
			<x1>114.923722</x1>
			<y1>482.537497</y1>
			<x2>110.445432</x2>
			<y2>579.058375</y2>
			<x3>155.227845</x3>
			<y3>574.083099</y3>
			<x4>145.525005</x4>
			<y4>481.542426</y4>
			<x5>114.923722</x5>
			<y5>482.537497</y5>
		</polygon>
	</object>
	<object>
		<name>Pedestrian</name>
		<pose>Unspecified</pose>
		<truncated>0</truncated>
		<difficult>0</difficult>
		<occluded>0</occluded>
		<bndbox>
			<xmin>520</xmin>
			<xmax>561</xmax>
			<ymin>472</ymin>
			<ymax>591</ymax>
		</bndbox>
		<polygon>
			<x1>519.263062</x1>
			<y1>471.172862</y1>
			<x2>523.189922</x2>
			<y2>590.00408</y2>
			<x3>559.76232</x3>
			<y3>582.043589</y3>
			<x4>555.28403</x4>
			<y4>477.562221</y4>
			<x5>519.263062</x5>
			<y5>471.172862</y5>
		</polygon>
	</object>
</annotation>
