<annotation>
	<folder></folder>
	<filename>WhatsApp-Image-2023-02-24-at-11-17-07-PM-1-_jpeg.rf.91be17e10c2d9dd9889f47e672fdf114.jpg</filename>
	<path>WhatsApp-Image-2023-02-24-at-11-17-07-PM-1-_jpeg.rf.91be17e10c2d9dd9889f47e672fdf114.jpg</path>
	<source>
		<database>roboflow.com</database>
	</source>
	<size>
		<width>640</width>
		<height>640</height>
		<depth>3</depth>
	</size>
	<segmented>0</segmented>
	<object>
		<name>Vendor</name>
		<pose>Unspecified</pose>
		<truncated>0</truncated>
		<difficult>0</difficult>
		<occluded>0</occluded>
		<bndbox>
			<xmin>123</xmin>
			<xmax>284</xmax>
			<ymin>355</ymin>
			<ymax>467</ymax>
		</bndbox>
	</object>
	<object>
		<name>Obstacle</name>
		<pose>Unspecified</pose>
		<truncated>0</truncated>
		<difficult>0</difficult>
		<occluded>0</occluded>
		<bndbox>
			<xmin>27</xmin>
			<xmax>86</xmax>
			<ymin>359</ymin>
			<ymax>424</ymax>
		</bndbox>
	</object>
	<object>
		<name>motorcycle</name>
		<pose>Unspecified</pose>
		<truncated>0</truncated>
		<difficult>0</difficult>
		<occluded>0</occluded>
		<bndbox>
			<xmin>464</xmin>
			<xmax>579</xmax>
			<ymin>367</ymin>
			<ymax>438</ymax>
		</bndbox>
	</object>
	<object>
		<name>Pedestrian</name>
		<pose>Unspecified</pose>
		<truncated>0</truncated>
		<difficult>0</difficult>
		<occluded>0</occluded>
		<bndbox>
			<xmin>2</xmin>
			<xmax>26</xmax>
			<ymin>368</ymin>
			<ymax>418</ymax>
		</bndbox>
	</object>
	<object>
		<name>Footpath</name>
		<pose>Unspecified</pose>
		<truncated>0</truncated>
		<difficult>0</difficult>
		<occluded>0</occluded>
		<bndbox>
			<xmin>1</xmin>
			<xmax>641</xmax>
			<ymin>377</ymin>
			<ymax>637</ymax>
		</bndbox>
		<polygon>
			<x1>48.163355</x1>
			<y1>390.554107</y1>
			<x2>0</x2>
			<y2>635.733334</y2>
			<x3>640</x3>
			<y3>619.953993</y3>
			<x4>307.912762</x4>
			<y4>375.61634</y4>
			<x5>48.163355</x5>
			<y5>390.554107</y5>
		</polygon>
	</object>
</annotation>
