<annotation>
	<folder></folder>
	<filename>WhatsApp-Image-2023-02-24-at-11-22-35-PM-1-_jpeg.rf.5e6d9153cee0433b4babe05aead3d074.jpg</filename>
	<path>WhatsApp-Image-2023-02-24-at-11-22-35-PM-1-_jpeg.rf.5e6d9153cee0433b4babe05aead3d074.jpg</path>
	<source>
		<database>roboflow.com</database>
	</source>
	<size>
		<width>640</width>
		<height>640</height>
		<depth>3</depth>
	</size>
	<segmented>0</segmented>
	<object>
		<name>Pedestrian</name>
		<pose>Unspecified</pose>
		<truncated>0</truncated>
		<difficult>0</difficult>
		<occluded>0</occluded>
		<bndbox>
			<xmin>133</xmin>
			<xmax>400</xmax>
			<ymin>407</ymin>
			<ymax>480</ymax>
		</bndbox>
	</object>
	<object>
		<name>Pedestrian</name>
		<pose>Unspecified</pose>
		<truncated>0</truncated>
		<difficult>0</difficult>
		<occluded>0</occluded>
		<bndbox>
			<xmin>416</xmin>
			<xmax>596</xmax>
			<ymin>410</ymin>
			<ymax>532</ymax>
		</bndbox>
	</object>
</annotation>
