<annotation>
	<folder></folder>
	<filename>WhatsApp-Image-2023-02-24-at-11-11-29-PM-1-_jpeg.rf.485ddbf20540dec7527c27a0076988e6.jpg</filename>
	<path>WhatsApp-Image-2023-02-24-at-11-11-29-PM-1-_jpeg.rf.485ddbf20540dec7527c27a0076988e6.jpg</path>
	<source>
		<database>roboflow.com</database>
	</source>
	<size>
		<width>640</width>
		<height>640</height>
		<depth>3</depth>
	</size>
	<segmented>0</segmented>
	<object>
		<name>Pedestrian</name>
		<pose>Unspecified</pose>
		<truncated>0</truncated>
		<difficult>0</difficult>
		<occluded>0</occluded>
		<bndbox>
			<xmin>399</xmin>
			<xmax>523</xmax>
			<ymin>290</ymin>
			<ymax>488</ymax>
		</bndbox>
		<polygon>
			<x1>499.491498</x1>
			<y1>486.876725</y1>
			<x2>465.809008</x2>
			<y2>434.061861</y2>
			<x3>505.61553</x3>
			<y3>446.691474</y3>
			<x4>522.456838</x4>
			<y4>434.061861</y4>
			<x5>462.746929</x5>
			<y5>321.543505</y5>
			<x6>452.029779</x6>
			<y6>289.395417</y6>
			<x7>416.94987</x7>
			<y7>292.708095</y7>
			<x8>409.161178</x8>
			<y8>324.987937</y8>
			<x9>398.444029</x9>
			<y9>367.469366</y9>
			<x10>413.754171</x10>
			<y10>484.580359</y10>
			<x11>499.491498</x11>
			<y11>486.876725</y11>
		</polygon>
	</object>
	<object>
		<name>Obstacle</name>
		<pose>Unspecified</pose>
		<truncated>0</truncated>
		<difficult>0</difficult>
		<occluded>0</occluded>
		<bndbox>
			<xmin>542</xmin>
			<xmax>641</xmax>
			<ymin>270</ymin>
			<ymax>482</ymax>
		</bndbox>
		<polygon>
			<x1>540.829059</x1>
			<y1>268.728782</y1>
			<x2>560.73232</x2>
			<y2>334.173118</y2>
			<x3>559.201406</x3>
			<y3>475.395178</y3>
			<x4>635.752496</x4>
			<y4>481.135881</y4>
			<x5>640</x5>
			<y5>276.765804</y5>
			<x6>540.829059</x6>
			<y6>268.728782</y6>
		</polygon>
	</object>
	<object>
		<name>Obstacle</name>
		<pose>Unspecified</pose>
		<truncated>0</truncated>
		<difficult>0</difficult>
		<occluded>0</occluded>
		<bndbox>
			<xmin>1</xmin>
			<xmax>393</xmax>
			<ymin>229</ymin>
			<ymax>641</ymax>
		</bndbox>
		<polygon>
			<x1>139.701135</x1>
			<y1>547.72847</y1>
			<x2>18.750404</x2>
			<y2>560.358036</y2>
			<x3>155.011403</x3>
			<y3>531.654332</y3>
			<x4>289.741362</x4>
			<y4>550.024695</y4>
			<x5>392.319871</x5>
			<y5>474.247018</y5>
			<x6>242.279644</x6>
			<y6>252.654691</y6>
			<x7>142.763213</x7>
			<y7>256.099122</y7>
			<x8>2.590896</x8>
			<y8>228.09271</y8>
			<x9>0.378183</x9>
			<y9>637.283873</y9>
			<x10>43.246783</x10>
			<y10>640</y10>
			<x11>139.701135</x11>
			<y11>547.72847</y11>
		</polygon>
	</object>
</annotation>
