<annotation>
	<folder></folder>
	<filename>WhatsApp-Image-2023-02-24-at-11-17-10-PM-1-_jpeg.rf.8d1cce88ebb0b3fd75075100e7fa9a6e.jpg</filename>
	<path>WhatsApp-Image-2023-02-24-at-11-17-10-PM-1-_jpeg.rf.8d1cce88ebb0b3fd75075100e7fa9a6e.jpg</path>
	<source>
		<database>roboflow.com</database>
	</source>
	<size>
		<width>640</width>
		<height>640</height>
		<depth>3</depth>
	</size>
	<segmented>0</segmented>
	<object>
		<name>Pedestrian</name>
		<pose>Unspecified</pose>
		<truncated>0</truncated>
		<difficult>0</difficult>
		<occluded>0</occluded>
		<bndbox>
			<xmin>429</xmin>
			<xmax>516</xmax>
			<ymin>328</ymin>
			<ymax>427</ymax>
		</bndbox>
		<polygon>
			<x1>514.993924</x1>
			<y1>421.680349</y1>
			<x2>493.797868</x2>
			<y2>327.308052</y2>
			<x3>431.876555</x3>
			<y3>332.283369</y3>
			<x4>428.338154</x4>
			<y4>425.819073</y4>
			<x5>514.993924</x5>
			<y5>421.680349</y5>
		</polygon>
	</object>
	<object>
		<name>Pedestrian</name>
		<pose>Unspecified</pose>
		<truncated>0</truncated>
		<difficult>0</difficult>
		<occluded>0</occluded>
		<bndbox>
			<xmin>390</xmin>
			<xmax>452</xmax>
			<ymin>331</ymin>
			<ymax>426</ymax>
		</bndbox>
		<polygon>
			<x1>389.416166</x1>
			<y1>424.824001</y1>
			<x2>450.993924</x2>
			<y2>412.347015</y2>
			<x3>447.79922</x3>
			<y3>330.293226</y3>
			<x4>396.492969</x4>
			<y4>337.258686</y4>
			<x5>389.416166</x5>
			<y5>424.824001</y5>
		</polygon>
	</object>
	<object>
		<name>Pedestrian</name>
		<pose>Unspecified</pose>
		<truncated>0</truncated>
		<difficult>0</difficult>
		<occluded>0</occluded>
		<bndbox>
			<xmin>1</xmin>
			<xmax>92</xmax>
			<ymin>87</ymin>
			<ymax>415</ymax>
		</bndbox>
		<polygon>
			<x1>32.041611</x1>
			<y1>166.10826</y1>
			<x2>28.50321</x2>
			<y2>413.878378</y2>
			<x3>90.697627</x3>
			<y3>409.680349</y3>
			<x4>78.04026</x4>
			<y4>101.429344</y4>
			<x5>0</x5>
			<y5>85.508343</y5>
			<x6>3.734684</x6>
			<y6>169.093434</y6>
			<x7>32.041611</x7>
			<y7>166.10826</y7>
		</polygon>
	</object>
	<object>
		<name>Pedestrian</name>
		<pose>Unspecified</pose>
		<truncated>0</truncated>
		<difficult>0</difficult>
		<occluded>0</occluded>
		<bndbox>
			<xmin>274</xmin>
			<xmax>320</xmax>
			<ymin>339</ymin>
			<ymax>397</ymax>
		</bndbox>
		<polygon>
			<x1>318.253183</x1>
			<y1>339.013682</y1>
			<x2>272.650201</x2>
			<y2>338.253717</y2>
			<x3>276.188602</x3>
			<y3>395.967253</y3>
			<x4>318.648993</x4>
			<y4>394.972182</y4>
			<x5>318.253183</x5>
			<y5>339.013682</y5>
		</polygon>
	</object>
	<object>
		<name>Pedestrian</name>
		<pose>Unspecified</pose>
		<truncated>0</truncated>
		<difficult>0</difficult>
		<occluded>0</occluded>
		<bndbox>
			<xmin>222</xmin>
			<xmax>270</xmax>
			<ymin>336</ymin>
			<ymax>390</ymax>
		</bndbox>
		<polygon>
			<x1>251.882812</x1>
			<y1>335.013682</y1>
			<x2>221.34395</x2>
			<y2>335.268543</y2>
			<x3>231.959012</x3>
			<y3>389.001834</y3>
			<x4>269.111799</x4>
			<y4>388.006763</y4>
			<x5>251.882812</x5>
			<y5>335.013682</y5>
		</polygon>
	</object>
</annotation>
