<annotation>
	<folder></folder>
	<filename>WhatsApp-Image-2023-02-24-at-11-11-28-PM-1-_jpeg.rf.1ce34ca99d5887ca72d99e288861bb14.jpg</filename>
	<path>WhatsApp-Image-2023-02-24-at-11-11-28-PM-1-_jpeg.rf.1ce34ca99d5887ca72d99e288861bb14.jpg</path>
	<source>
		<database>roboflow.com</database>
	</source>
	<size>
		<width>640</width>
		<height>640</height>
		<depth>3</depth>
	</size>
	<segmented>0</segmented>
	<object>
		<name>Obstacle</name>
		<pose>Unspecified</pose>
		<truncated>0</truncated>
		<difficult>0</difficult>
		<occluded>0</occluded>
		<bndbox>
			<xmin>540</xmin>
			<xmax>635</xmax>
			<ymin>535</ymin>
			<ymax>637</ymax>
		</bndbox>
		<polygon>
			<x1>539.29802</x1>
			<y1>547.72847</y1>
			<x2>560.73232</x2>
			<y2>626.950532</y2>
			<x3>634.385767</x3>
			<y3>635.785018</y3>
			<x4>628.097425</x4>
			<y4>533.950651</y4>
			<x5>606.663</x5>
			<y5>544.283992</y5>
			<x6>539.29802</x6>
			<y6>547.72847</y6>
		</polygon>
	</object>
	<object>
		<name>Pedestrian</name>
		<pose>Unspecified</pose>
		<truncated>0</truncated>
		<difficult>0</difficult>
		<occluded>0</occluded>
		<bndbox>
			<xmin>421</xmin>
			<xmax>482</xmax>
			<ymin>191</ymin>
			<ymax>274</ymax>
		</bndbox>
		<polygon>
			<x1>481.119151</x1>
			<y1>241.173238</y1>
			<x2>465.809008</x2>
			<y2>196.395537</y2>
			<x3>447.719101</x3>
			<y3>189.631172</y3>
			<x4>419.878329</x4>
			<y4>228.543625</y4>
			<x5>439.78159</x5>
			<y5>273.321326</y5>
			<x6>452.029779</x6>
			<y6>272.173214</y6>
			<x7>481.119151</x7>
			<y7>241.173238</y7>
		</polygon>
	</object>
	<object>
		<name>Obstacle</name>
		<pose>Unspecified</pose>
		<truncated>0</truncated>
		<difficult>0</difficult>
		<occluded>0</occluded>
		<bndbox>
			<xmin>41</xmin>
			<xmax>375</xmax>
			<ymin>131</ymin>
			<ymax>563</ymax>
		</bndbox>
		<polygon>
			<x1>102.956692</x1>
			<y1>535.09881</y1>
			<x2>260.65199</x2>
			<y2>561.506196</y2>
			<x3>343.327239</x3>
			<y3>465.061837</y3>
			<x4>373.872947</x4>
			<y4>346.554249</y4>
			<x5>275.962133</x5>
			<y5>186.062196</y5>
			<x6>44.777822</x6>
			<y6>129.802994</y6>
			<x7>40.184705</x7>
			<y7>430.61743</y7>
			<x8>102.956692</x8>
			<y8>535.09881</y8>
		</polygon>
	</object>
	<object>
		<name>Footpath</name>
		<pose>Unspecified</pose>
		<truncated>0</truncated>
		<difficult>0</difficult>
		<occluded>0</occluded>
		<bndbox>
			<xmin>14</xmin>
			<xmax>641</xmax>
			<ymin>273</ymin>
			<ymax>638</ymax>
		</bndbox>
		<polygon>
			<x1>640</x1>
			<y1>382.942586</y1>
			<x2>470.333756</x2>
			<y2>272.13953</y2>
			<x3>332.510461</x3>
			<y3>274.601828</y3>
			<x4>12.717911</x4>
			<y4>637.23077</y4>
			<x5>640</x5>
			<y5>635.327066</y5>
			<x6>640</x6>
			<y6>382.942586</y6>
		</polygon>
	</object>
</annotation>
