<annotation>
	<folder></folder>
	<filename>WhatsApp-Image-2023-02-24-at-11-11-27-PM_jpeg.rf.4dfdbe98308f2eff388210b8cdcb44b2.jpg</filename>
	<path>WhatsApp-Image-2023-02-24-at-11-11-27-PM_jpeg.rf.4dfdbe98308f2eff388210b8cdcb44b2.jpg</path>
	<source>
		<database>roboflow.com</database>
	</source>
	<size>
		<width>640</width>
		<height>640</height>
		<depth>3</depth>
	</size>
	<segmented>0</segmented>
	<object>
		<name>pothole</name>
		<pose>Unspecified</pose>
		<truncated>0</truncated>
		<difficult>0</difficult>
		<occluded>0</occluded>
		<bndbox>
			<xmin>289</xmin>
			<xmax>404</xmax>
			<ymin>338</ymin>
			<ymax>447</ymax>
		</bndbox>
	</object>
	<object>
		<name>Footpath</name>
		<pose>Unspecified</pose>
		<truncated>0</truncated>
		<difficult>0</difficult>
		<occluded>0</occluded>
		<bndbox>
			<xmin>153</xmin>
			<xmax>641</xmax>
			<ymin>370</ymin>
			<ymax>640</ymax>
		</bndbox>
		<polygon>
			<x1>317.743656</x1>
			<y1>369.399927</y1>
			<x2>152.20509</x2>
			<y2>638.769232</y2>
			<x3>640</x3>
			<y3>639.020442</y3>
			<x4>417.829703</x4>
			<y4>373.09335</y4>
			<x5>317.743656</x5>
			<y5>369.399927</y5>
		</polygon>
	</object>
</annotation>
