<annotation>
	<folder></folder>
	<filename>WhatsApp-Image-2023-02-24-at-11-11-23-PM-1-_jpeg.rf.f6432a90696db97273c1563d699f5073.jpg</filename>
	<path>WhatsApp-Image-2023-02-24-at-11-11-23-PM-1-_jpeg.rf.f6432a90696db97273c1563d699f5073.jpg</path>
	<source>
		<database>roboflow.com</database>
	</source>
	<size>
		<width>640</width>
		<height>640</height>
		<depth>3</depth>
	</size>
	<segmented>0</segmented>
	<object>
		<name>pole</name>
		<pose>Unspecified</pose>
		<truncated>0</truncated>
		<difficult>0</difficult>
		<occluded>0</occluded>
		<bndbox>
			<xmin>6</xmin>
			<xmax>113</xmax>
			<ymin>5</ymin>
			<ymax>484</ymax>
		</bndbox>
	</object>
	<object>
		<name>barrier</name>
		<pose>Unspecified</pose>
		<truncated>0</truncated>
		<difficult>0</difficult>
		<occluded>0</occluded>
		<bndbox>
			<xmin>254</xmin>
			<xmax>350</xmax>
			<ymin>348</ymin>
			<ymax>479</ymax>
		</bndbox>
	</object>
	<object>
		<name>Tree</name>
		<pose>Unspecified</pose>
		<truncated>0</truncated>
		<difficult>0</difficult>
		<occluded>0</occluded>
		<bndbox>
			<xmin>369</xmin>
			<xmax>499</xmax>
			<ymin>57</ymin>
			<ymax>476</ymax>
		</bndbox>
	</object>
	<object>
		<name>motorcycle</name>
		<pose>Unspecified</pose>
		<truncated>0</truncated>
		<difficult>0</difficult>
		<occluded>0</occluded>
		<bndbox>
			<xmin>539</xmin>
			<xmax>592</xmax>
			<ymin>351</ymin>
			<ymax>401</ymax>
		</bndbox>
	</object>
	<object>
		<name>Car</name>
		<pose>Unspecified</pose>
		<truncated>0</truncated>
		<difficult>0</difficult>
		<occluded>0</occluded>
		<bndbox>
			<xmin>441</xmin>
			<xmax>485</xmax>
			<ymin>344</ymin>
			<ymax>379</ymax>
		</bndbox>
	</object>
</annotation>
