<annotation>
	<folder></folder>
	<filename>WhatsApp-Image-2023-02-24-at-11-17-10-PM_jpeg.rf.25cb12565430ed4cd417f0a4337c1620.jpg</filename>
	<path>WhatsApp-Image-2023-02-24-at-11-17-10-PM_jpeg.rf.25cb12565430ed4cd417f0a4337c1620.jpg</path>
	<source>
		<database>roboflow.com</database>
	</source>
	<size>
		<width>640</width>
		<height>640</height>
		<depth>3</depth>
	</size>
	<segmented>0</segmented>
	<object>
		<name>Pedestrian</name>
		<pose>Unspecified</pose>
		<truncated>0</truncated>
		<difficult>0</difficult>
		<occluded>0</occluded>
		<bndbox>
			<xmin>313</xmin>
			<xmax>396</xmax>
			<ymin>436</ymin>
			<ymax>571</ymax>
		</bndbox>
		<polygon>
			<x1>391.734665</x1>
			<y1>449.680349</y1>
			<x2>322.18725</x2>
			<y2>434.774594</y2>
			<x3>311.572189</x3>
			<y3>570.102813</y3>
			<x4>394.723768</x4>
			<y4>564.132465</y4>
			<x5>391.734665</x5>
			<y5>449.680349</y5>
		</polygon>
	</object>
	<object>
		<name>Pedestrian</name>
		<pose>Unspecified</pose>
		<truncated>0</truncated>
		<difficult>0</difficult>
		<occluded>0</occluded>
		<bndbox>
			<xmin>376</xmin>
			<xmax>461</xmax>
			<ymin>451</ymin>
			<ymax>577</ymax>
		</bndbox>
		<polygon>
			<x1>450.993924</x1>
			<y1>449.680349</y1>
			<x2>375.262702</x2>
			<y2>457.661035</y2>
			<x3>400.031371</x3>
			<y3>576.073242</y3>
			<x4>460.183482</x4>
			<y4>560.15226</y4>
			<x5>450.993924</x5>
			<y5>449.680349</y5>
		</polygon>
	</object>
	<object>
		<name>Pedestrian</name>
		<pose>Unspecified</pose>
		<truncated>0</truncated>
		<difficult>0</difficult>
		<occluded>0</occluded>
		<bndbox>
			<xmin>1</xmin>
			<xmax>113</xmax>
			<ymin>469</ymin>
			<ymax>641</ymax>
		</bndbox>
		<polygon>
			<x1>112.03096</x1>
			<y1>472.347015</y1>
			<x2>3.734684</x2>
			<y2>467.611588</y2>
			<x3>0</x3>
			<y3>637.766942</y3>
			<x4>106.347186</x4>
			<y4>639.757085</y4>
			<x5>112.03096</x5>
			<y5>472.347015</y5>
		</polygon>
	</object>
	<object>
		<name>Pedestrian</name>
		<pose>Unspecified</pose>
		<truncated>0</truncated>
		<difficult>0</difficult>
		<occluded>0</occluded>
		<bndbox>
			<xmin>203</xmin>
			<xmax>260</xmax>
			<ymin>423</ymin>
			<ymax>517</ymax>
		</bndbox>
		<polygon>
			<x1>258.993924</x1>
			<y1>436.347015</y1>
			<x2>212.498089</x2>
			<y2>421.838746</y2>
			<x3>201.883028</x3>
			<y3>514.37946</y3>
			<x4>242.574217</x4>
			<y4>516.369603</y4>
			<x5>258.993924</x5>
			<y5>436.347015</y5>
		</polygon>
	</object>
	<object>
		<name>Pedestrian</name>
		<pose>Unspecified</pose>
		<truncated>0</truncated>
		<difficult>0</difficult>
		<occluded>0</occluded>
		<bndbox>
			<xmin>70</xmin>
			<xmax>146</xmax>
			<ymin>412</ymin>
			<ymax>519</ymax>
		</bndbox>
		<polygon>
			<x1>143.499974</x1>
			<y1>430.794349</y1>
			<x2>145.216146</x2>
			<y2>425.680349</y2>
			<x3>69.194399</x3>
			<y3>410.893163</y3>
			<x4>90.424522</x4>
			<y4>507.414041</y4>
			<x5>145.269175</x5>
			<y5>518.359664</y5>
			<x6>143.499974</x6>
			<y6>430.794349</y6>
		</polygon>
	</object>
	<object>
		<name>Pedestrian</name>
		<pose>Unspecified</pose>
		<truncated>0</truncated>
		<difficult>0</difficult>
		<occluded>0</occluded>
		<bndbox>
			<xmin>482</xmin>
			<xmax>547</xmax>
			<ymin>433</ymin>
			<ymax>536</ymax>
		</bndbox>
		<polygon>
			<x1>545.808738</x1>
			<y1>535.013682</y1>
			<x2>530.9508</x2>
			<y2>438.75484</y2>
			<x3>481.413605</x3>
			<y3>431.78942</y3>
			<x4>492.028811</x4>
			<y4>534.280646</y4>
			<x5>545.808738</x5>
			<y5>535.013682</y5>
		</polygon>
	</object>
	<object>
		<name>Obstacle</name>
		<pose>Unspecified</pose>
		<truncated>0</truncated>
		<difficult>0</difficult>
		<occluded>0</occluded>
		<bndbox>
			<xmin>528</xmin>
			<xmax>641</xmax>
			<ymin>286</ymin>
			<ymax>517</ymax>
		</bndbox>
		<polygon>
			<x1>526.845776</x1>
			<y1>343.013682</y1>
			<x2>553.950123</x2>
			<y2>508.409112</y2>
			<x3>640</x3>
			<y3>516.369603</y3>
			<x4>628.255698</x4>
			<y4>284.520466</y4>
			<x5>526.845776</x5>
			<y5>343.013682</y5>
		</polygon>
	</object>
</annotation>
