<annotation>
	<folder></folder>
	<filename>WhatsApp-Image-2023-02-24-at-11-22-42-PM-1-_jpeg.rf.712ab44677b5622a28d4b1c675949015.jpg</filename>
	<path>WhatsApp-Image-2023-02-24-at-11-22-42-PM-1-_jpeg.rf.712ab44677b5622a28d4b1c675949015.jpg</path>
	<source>
		<database>roboflow.com</database>
	</source>
	<size>
		<width>640</width>
		<height>640</height>
		<depth>3</depth>
	</size>
	<segmented>0</segmented>
	<object>
		<name>signboard</name>
		<pose>Unspecified</pose>
		<truncated>0</truncated>
		<difficult>0</difficult>
		<occluded>0</occluded>
		<bndbox>
			<xmin>191</xmin>
			<xmax>296</xmax>
			<ymin>201</ymin>
			<ymax>312</ymax>
		</bndbox>
	</object>
	<object>
		<name>Auto</name>
		<pose>Unspecified</pose>
		<truncated>0</truncated>
		<difficult>0</difficult>
		<occluded>0</occluded>
		<bndbox>
			<xmin>284</xmin>
			<xmax>465</xmax>
			<ymin>259</ymin>
			<ymax>390</ymax>
		</bndbox>
	</object>
	<object>
		<name>motorcycle</name>
		<pose>Unspecified</pose>
		<truncated>0</truncated>
		<difficult>0</difficult>
		<occluded>0</occluded>
		<bndbox>
			<xmin>7</xmin>
			<xmax>373</xmax>
			<ymin>212</ymin>
			<ymax>641</ymax>
		</bndbox>
	</object>
	<object>
		<name>Traffic Lights</name>
		<pose>Unspecified</pose>
		<truncated>0</truncated>
		<difficult>0</difficult>
		<occluded>0</occluded>
		<bndbox>
			<xmin>311</xmin>
			<xmax>366</xmax>
			<ymin>151</ymin>
			<ymax>255</ymax>
		</bndbox>
	</object>
</annotation>
