<annotation>
	<folder></folder>
	<filename>WhatsApp-Image-2023-02-24-at-11-17-06-PM-2-_jpeg.rf.a01caa82ff9125533a27eab3ac74ca34.jpg</filename>
	<path>WhatsApp-Image-2023-02-24-at-11-17-06-PM-2-_jpeg.rf.a01caa82ff9125533a27eab3ac74ca34.jpg</path>
	<source>
		<database>roboflow.com</database>
	</source>
	<size>
		<width>640</width>
		<height>640</height>
		<depth>3</depth>
	</size>
	<segmented>0</segmented>
	<object>
		<name>Car</name>
		<pose>Unspecified</pose>
		<truncated>0</truncated>
		<difficult>0</difficult>
		<occluded>0</occluded>
		<bndbox>
			<xmin>58</xmin>
			<xmax>182</xmax>
			<ymin>350</ymin>
			<ymax>418</ymax>
		</bndbox>
		<polygon>
			<x1>60.348394</x1>
			<y1>416.863511</y1>
			<x2>173.576101</x2>
			<y2>414.873408</y2>
			<x3>180.652761</x3>
			<y3>379.0512</y3>
			<x4>162.96104</x4>
			<y4>350.194453</y4>
			<x5>69.194399</x5>
			<y5>349.199381</y5>
			<x6>56.810136</x6>
			<y6>380.046272</y6>
			<x7>60.348394</x7>
			<y7>416.863511</y7>
		</polygon>
	</object>
	<object>
		<name>Auto</name>
		<pose>Unspecified</pose>
		<truncated>0</truncated>
		<difficult>0</difficult>
		<occluded>0</occluded>
		<bndbox>
			<xmin>291</xmin>
			<xmax>438</xmax>
			<ymin>343</ymin>
			<ymax>448</ymax>
		</bndbox>
		<polygon>
			<x1>415.953892</x1>
			<y1>342.233962</y1>
			<x2>289.808738</x2>
			<y2>347.013682</y2>
			<x3>297.418726</x3>
			<y3>421.838746</y3>
			<x4>331.033255</x4>
			<y4>446.71533</y4>
			<x5>437.184159</x5>
			<y5>439.749911</y5>
			<x6>415.953892</x6>
			<y6>342.233962</y6>
		</polygon>
	</object>
	<object>
		<name>motorcycle</name>
		<pose>Unspecified</pose>
		<truncated>0</truncated>
		<difficult>0</difficult>
		<occluded>0</occluded>
		<bndbox>
			<xmin>511</xmin>
			<xmax>604</xmax>
			<ymin>348</ymin>
			<ymax>415</ymax>
		</bndbox>
		<polygon>
			<x1>513.258934</x1>
			<y1>378.056129</y1>
			<x2>509.720532</x2>
			<y2>404.922775</y2>
			<x3>602.697627</x3>
			<y3>413.680349</y3>
			<x4>589.33371</x4>
			<y4>378.056129</y4>
			<x5>557.488526</x5>
			<y5>347.209279</y5>
			<x6>536.258258</x6>
			<y6>352.184555</y6>
			<x7>513.258934</x7>
			<y7>378.056129</y7>
		</polygon>
	</object>
	<object>
		<name>pole</name>
		<pose>Unspecified</pose>
		<truncated>0</truncated>
		<difficult>0</difficult>
		<occluded>0</occluded>
		<bndbox>
			<xmin>417</xmin>
			<xmax>544</xmax>
			<ymin>160</ymin>
			<ymax>383</ymax>
		</bndbox>
		<polygon>
			<x1>453.106679</x1>
			<y1>220.836582</y1>
			<x2>474.336946</x2>
			<y2>382.036374</y2>
			<x3>513.258934</x3>
			<y3>363.13026</y3>
			<x4>525.643196</x4>
			<y4>206.905744</y4>
			<x5>543.438368</x5>
			<y5>193.680349</y5>
			<x6>538.027459</x6>
			<y6>159.14284</y6>
			<x7>424.799896</x7>
			<y7>161.132984</y7>
			<x8>415.953892</x8>
			<y8>222.826725</y8>
			<x9>453.106679</x9>
			<y9>220.836582</y9>
		</polygon>
	</object>
	<object>
		<name>Obstacle</name>
		<pose>Unspecified</pose>
		<truncated>0</truncated>
		<difficult>0</difficult>
		<occluded>0</occluded>
		<bndbox>
			<xmin>1</xmin>
			<xmax>81</xmax>
			<ymin>392</ymin>
			<ymax>541</ymax>
		</bndbox>
		<polygon>
			<x1>79.809461</x1>
			<y1>514.37946</y1>
			<x2>43.29022</x2>
			<y2>395.013682</y2>
			<x3>1.965484</x3>
			<y3>390.991936</y3>
			<x4>0.196283</x4>
			<y4>540.250993</y4>
			<x5>79.809461</x5>
			<y5>514.37946</y5>
		</polygon>
	</object>
</annotation>
