<annotation>
	<folder></folder>
	<filename>WhatsApp-Image-2023-02-24-at-11-17-03-PM-1-_jpeg.rf.c3a7a539b1774ffb4b811bb5dbf21a8d.jpg</filename>
	<path>WhatsApp-Image-2023-02-24-at-11-17-03-PM-1-_jpeg.rf.c3a7a539b1774ffb4b811bb5dbf21a8d.jpg</path>
	<source>
		<database>roboflow.com</database>
	</source>
	<size>
		<width>640</width>
		<height>640</height>
		<depth>3</depth>
	</size>
	<segmented>0</segmented>
	<object>
		<name>barrier</name>
		<pose>Unspecified</pose>
		<truncated>0</truncated>
		<difficult>0</difficult>
		<occluded>0</occluded>
		<bndbox>
			<xmin>106</xmin>
			<xmax>298</xmax>
			<ymin>374</ymin>
			<ymax>499</ymax>
		</bndbox>
	</object>
</annotation>
