<annotation>
	<folder></folder>
	<filename>WhatsApp-Image-2023-02-24-at-11-11-28-PM-2-_jpeg.rf.882660ad882c96ef1aeb8b4851e717c9.jpg</filename>
	<path>WhatsApp-Image-2023-02-24-at-11-11-28-PM-2-_jpeg.rf.882660ad882c96ef1aeb8b4851e717c9.jpg</path>
	<source>
		<database>roboflow.com</database>
	</source>
	<size>
		<width>640</width>
		<height>640</height>
		<depth>3</depth>
	</size>
	<segmented>0</segmented>
	<object>
		<name>Obstacle</name>
		<pose>Unspecified</pose>
		<truncated>0</truncated>
		<difficult>0</difficult>
		<occluded>0</occluded>
		<bndbox>
			<xmin>326</xmin>
			<xmax>429</xmax>
			<ymin>345</ymin>
			<ymax>505</ymax>
		</bndbox>
	</object>
	<object>
		<name>pothole</name>
		<pose>Unspecified</pose>
		<truncated>0</truncated>
		<difficult>0</difficult>
		<occluded>0</occluded>
		<bndbox>
			<xmin>463</xmin>
			<xmax>570</xmax>
			<ymin>394</ymin>
			<ymax>435</ymax>
		</bndbox>
	</object>
	<object>
		<name>Pedestrian</name>
		<pose>Unspecified</pose>
		<truncated>0</truncated>
		<difficult>0</difficult>
		<occluded>0</occluded>
		<bndbox>
			<xmin>388</xmin>
			<xmax>418</xmax>
			<ymin>318</ymin>
			<ymax>371</ymax>
		</bndbox>
	</object>
	<object>
		<name>Pedestrian</name>
		<pose>Unspecified</pose>
		<truncated>0</truncated>
		<difficult>0</difficult>
		<occluded>0</occluded>
		<bndbox>
			<xmin>430</xmin>
			<xmax>442</xmax>
			<ymin>332</ymin>
			<ymax>356</ymax>
		</bndbox>
	</object>
	<object>
		<name>Obstacle</name>
		<pose>Unspecified</pose>
		<truncated>0</truncated>
		<difficult>0</difficult>
		<occluded>0</occluded>
		<bndbox>
			<xmin>444</xmin>
			<xmax>489</xmax>
			<ymin>316</ymin>
			<ymax>372</ymax>
		</bndbox>
	</object>
</annotation>
