<annotation>
	<folder></folder>
	<filename>WhatsApp-Image-2023-02-24-at-11-11-35-PM-2-_jpeg.rf.f3cf03bc60806491ce6e238683167245.jpg</filename>
	<path>WhatsApp-Image-2023-02-24-at-11-11-35-PM-2-_jpeg.rf.f3cf03bc60806491ce6e238683167245.jpg</path>
	<source>
		<database>roboflow.com</database>
	</source>
	<size>
		<width>640</width>
		<height>640</height>
		<depth>3</depth>
	</size>
	<segmented>0</segmented>
	<object>
		<name>pole</name>
		<pose>Unspecified</pose>
		<truncated>0</truncated>
		<difficult>0</difficult>
		<occluded>0</occluded>
		<bndbox>
			<xmin>274</xmin>
			<xmax>335</xmax>
			<ymin>54</ymin>
			<ymax>434</ymax>
		</bndbox>
	</object>
	<object>
		<name>pothole</name>
		<pose>Unspecified</pose>
		<truncated>0</truncated>
		<difficult>0</difficult>
		<occluded>0</occluded>
		<bndbox>
			<xmin>133</xmin>
			<xmax>406</xmax>
			<ymin>433</ymin>
			<ymax>549</ymax>
		</bndbox>
	</object>
	<object>
		<name>Car</name>
		<pose>Unspecified</pose>
		<truncated>0</truncated>
		<difficult>0</difficult>
		<occluded>0</occluded>
		<bndbox>
			<xmin>285</xmin>
			<xmax>443</xmax>
			<ymin>327</ymin>
			<ymax>432</ymax>
		</bndbox>
	</object>
</annotation>
