<annotation>
	<folder></folder>
	<filename>WhatsApp-Image-2023-02-24-at-11-11-32-PM_jpeg.rf.e2e07c824176116128035536c0db62d7.jpg</filename>
	<path>WhatsApp-Image-2023-02-24-at-11-11-32-PM_jpeg.rf.e2e07c824176116128035536c0db62d7.jpg</path>
	<source>
		<database>roboflow.com</database>
	</source>
	<size>
		<width>640</width>
		<height>640</height>
		<depth>3</depth>
	</size>
	<segmented>0</segmented>
	<object>
		<name>Obstacle</name>
		<pose>Unspecified</pose>
		<truncated>0</truncated>
		<difficult>0</difficult>
		<occluded>0</occluded>
		<bndbox>
			<xmin>179</xmin>
			<xmax>502</xmax>
			<ymin>390</ymin>
			<ymax>556</ymax>
		</bndbox>
		<polygon>
			<x1>207.066239</x1>
			<y1>404.210045</y1>
			<x2>177.976743</x2>
			<y2>461.617452</y2>
			<x3>190.224932</x3>
			<y3>543.135833</y3>
			<x4>252.996919</x4>
			<y4>554.617333</y4>
			<x5>314.237741</x5>
			<y5>501.802563</y5>
			<x6>343.327239</x6>
			<y6>508.691425</y6>
			<x7>501.022537</x7>
			<y7>508.691425</y7>
			<x8>486.69346</x8>
			<y8>503.477326</y8>
			<x9>458.153812</x9>
			<y9>457.024815</y9>
			<x10>326.485931</x10>
			<y10>435.21002</y10>
			<x11>248.403801</x11>
			<y11>389.28416</y11>
			<x12>207.066239</x12>
			<y12>404.210045</y12>
		</polygon>
	</object>
	<object>
		<name>Vendor</name>
		<pose>Unspecified</pose>
		<truncated>0</truncated>
		<difficult>0</difficult>
		<occluded>0</occluded>
		<bndbox>
			<xmin>102</xmin>
			<xmax>202</xmax>
			<ymin>341</ymin>
			<ymax>538</ymax>
		</bndbox>
		<polygon>
			<x1>139.701135</x1>
			<y1>537.395129</y1>
			<x2>188.693893</x2>
			<y2>527.061788</y2>
			<x3>200.942082</x3>
			<y3>424.876727</y3>
			<x4>194.81805</x4>
			<y4>357.136025</y4>
			<x5>144.129357</x5>
			<y5>340.400402</y5>
			<x6>101.425652</x6>
			<y6>401.913773</y6>
			<x7>130.515024</x7>
			<y7>430.61743</y7>
			<x8>127.453071</x8>
			<y8>489.172903</y8>
			<x9>139.701135</x9>
			<y9>537.395129</y9>
		</polygon>
	</object>
	<object>
		<name>Pedestrian</name>
		<pose>Unspecified</pose>
		<truncated>0</truncated>
		<difficult>0</difficult>
		<occluded>0</occluded>
		<bndbox>
			<xmin>55</xmin>
			<xmax>139</xmax>
			<ymin>341</ymin>
			<ymax>514</ymax>
		</bndbox>
		<polygon>
			<x1>119.797874</x1>
			<y1>416.839658</y1>
			<x2>138.17022</x2>
			<y2>344.506412</y2>
			<x3>107.20628</x3>
			<y3>340.400402</y3>
			<x4>53.963934</x4>
			<y4>374.358228</y4>
			<x5>58.557051</x5>
			<y5>513.284063</y5>
			<x6>124.390992</x6>
			<y6>494.913654</y6>
			<x7>119.797874</x7>
			<y7>416.839658</y7>
		</polygon>
	</object>
	<object>
		<name>Vendor</name>
		<pose>Unspecified</pose>
		<truncated>0</truncated>
		<difficult>0</difficult>
		<occluded>0</occluded>
		<bndbox>
			<xmin>182</xmin>
			<xmax>344</xmax>
			<ymin>387</ymin>
			<ymax>597</ymax>
		</bndbox>
		<polygon>
			<x1>181.038821</x1>
			<y1>593.654284</y1>
			<x2>197.880003</x2>
			<y2>593.654284</y2>
			<x3>245.341722</x3>
			<y3>457.024815</y3>
			<x4>256.058873</x4>
			<y4>595.950602</y4>
			<x5>291.272401</x5>
			<y5>581.024718</y5>
			<x6>279.024212</x6>
			<y6>448.987793</y6>
			<x7>343.103716</x7>
			<y7>395.785018</y7>
			<x8>292.803441</x8>
			<y8>385.839729</y8>
			<x9>230.031579</x9>
			<y9>399.617501</y9>
			<x10>197.880003</x10>
			<y10>455.876655</y10>
			<x11>181.038821</x11>
			<y11>593.654284</y11>
		</polygon>
	</object>
	<object>
		<name>pole</name>
		<pose>Unspecified</pose>
		<truncated>0</truncated>
		<difficult>0</difficult>
		<occluded>0</occluded>
		<bndbox>
			<xmin>320</xmin>
			<xmax>416</xmax>
			<ymin>5</ymin>
			<ymax>638</ymax>
		</bndbox>
		<polygon>
			<x1>334.141002</x1>
			<y1>10.395729</y1>
			<x2>318.830859</x2>
			<y2>210.173262</y2>
			<x3>351.308844</x3>
			<y3>635.785018</y3>
			<x4>415.285211</x4>
			<y4>637.283873</y4>
			<x5>380.071682</x5>
			<y5>3.506866</y5>
			<x6>334.141002</x6>
			<y6>10.395729</y6>
		</polygon>
	</object>
	<object>
		<name>pole</name>
		<pose>Unspecified</pose>
		<truncated>0</truncated>
		<difficult>0</difficult>
		<occluded>0</occluded>
		<bndbox>
			<xmin>528</xmin>
			<xmax>641</xmax>
			<ymin>140</ymin>
			<ymax>281</ymax>
		</bndbox>
		<polygon>
			<x1>559.201406</x1>
			<y1>257.247282</y1>
			<x2>632.334485</x2>
			<y2>280.400402</y2>
			<x3>640</x3>
			<y3>138.988176</y3>
			<x4>527.049831</x4>
			<y4>153.914061</y4>
			<x5>559.201406</x5>
			<y5>257.247282</y5>
		</polygon>
	</object>
	<object>
		<name>Footpath</name>
		<pose>Unspecified</pose>
		<truncated>0</truncated>
		<difficult>0</difficult>
		<occluded>0</occluded>
		<bndbox>
			<xmin>219</xmin>
			<xmax>641</xmax>
			<ymin>355</ymin>
			<ymax>638</ymax>
		</bndbox>
		<polygon>
			<x1>218.43715</x1>
			<y1>374.292894</y1>
			<x2>336.738431</x2>
			<y2>636.553847</y2>
			<x3>640</x3>
			<y3>538.771417</y3>
			<x4>387.762901</x4>
			<y4>353.609944</y4>
			<x5>218.43715</x5>
			<y5>374.292894</y5>
		</polygon>
	</object>
</annotation>
