<annotation>
	<folder></folder>
	<filename>WhatsApp-Image-2023-02-24-at-11-11-35-PM-1-_jpeg.rf.aabe844e90aa044b0777374606cc900d.jpg</filename>
	<path>WhatsApp-Image-2023-02-24-at-11-11-35-PM-1-_jpeg.rf.aabe844e90aa044b0777374606cc900d.jpg</path>
	<source>
		<database>roboflow.com</database>
	</source>
	<size>
		<width>640</width>
		<height>640</height>
		<depth>3</depth>
	</size>
	<segmented>0</segmented>
	<object>
		<name>pole</name>
		<pose>Unspecified</pose>
		<truncated>0</truncated>
		<difficult>0</difficult>
		<occluded>0</occluded>
		<bndbox>
			<xmin>252</xmin>
			<xmax>375</xmax>
			<ymin>1</ymin>
			<ymax>576</ymax>
		</bndbox>
	</object>
	<object>
		<name>stairs</name>
		<pose>Unspecified</pose>
		<truncated>0</truncated>
		<difficult>0</difficult>
		<occluded>0</occluded>
		<bndbox>
			<xmin>189</xmin>
			<xmax>278</xmax>
			<ymin>480</ymin>
			<ymax>495</ymax>
		</bndbox>
	</object>
	<object>
		<name>Footpath</name>
		<pose>Unspecified</pose>
		<truncated>0</truncated>
		<difficult>0</difficult>
		<occluded>0</occluded>
		<bndbox>
			<xmin>10</xmin>
			<xmax>493</xmax>
			<ymin>426</ymin>
			<ymax>641</ymax>
		</bndbox>
		<polygon>
			<x1>268.929877</x1>
			<y1>424.801409</y1>
			<x2>8.615378</x2>
			<y2>631.076924</y2>
			<x3>492.078654</x3>
			<y3>640</y3>
			<x4>391.989878</x4>
			<y4>427.263659</y4>
			<x5>268.929877</x5>
			<y5>424.801409</y5>
		</polygon>
	</object>
</annotation>
