<annotation>
	<folder></folder>
	<filename>WhatsApp-Image-2023-02-24-at-11-22-30-PM-1-_jpeg.rf.3a7f7eb61993c84ff0370a8db18f8798.jpg</filename>
	<path>WhatsApp-Image-2023-02-24-at-11-22-30-PM-1-_jpeg.rf.3a7f7eb61993c84ff0370a8db18f8798.jpg</path>
	<source>
		<database>roboflow.com</database>
	</source>
	<size>
		<width>640</width>
		<height>640</height>
		<depth>3</depth>
	</size>
	<segmented>0</segmented>
	<object>
		<name>Car</name>
		<pose>Unspecified</pose>
		<truncated>0</truncated>
		<difficult>0</difficult>
		<occluded>0</occluded>
		<bndbox>
			<xmin>502</xmin>
			<xmax>641</xmax>
			<ymin>388</ymin>
			<ymax>485</ymax>
		</bndbox>
	</object>
	<object>
		<name>Car</name>
		<pose>Unspecified</pose>
		<truncated>0</truncated>
		<difficult>0</difficult>
		<occluded>0</occluded>
		<bndbox>
			<xmin>383</xmin>
			<xmax>476</xmax>
			<ymin>375</ymin>
			<ymax>428</ymax>
		</bndbox>
	</object>
	<object>
		<name>Car</name>
		<pose>Unspecified</pose>
		<truncated>0</truncated>
		<difficult>0</difficult>
		<occluded>0</occluded>
		<bndbox>
			<xmin>346</xmin>
			<xmax>394</xmax>
			<ymin>376</ymin>
			<ymax>407</ymax>
		</bndbox>
	</object>
	<object>
		<name>pole</name>
		<pose>Unspecified</pose>
		<truncated>0</truncated>
		<difficult>0</difficult>
		<occluded>0</occluded>
		<bndbox>
			<xmin>1</xmin>
			<xmax>126</xmax>
			<ymin>2</ymin>
			<ymax>472</ymax>
		</bndbox>
	</object>
</annotation>
