<annotation>
	<folder></folder>
	<filename>WhatsApp-Image-2023-02-24-at-11-22-44-PM_jpeg.rf.d42139030acfa580dc644dfb0827c7ac.jpg</filename>
	<path>WhatsApp-Image-2023-02-24-at-11-22-44-PM_jpeg.rf.d42139030acfa580dc644dfb0827c7ac.jpg</path>
	<source>
		<database>roboflow.com</database>
	</source>
	<size>
		<width>640</width>
		<height>640</height>
		<depth>3</depth>
	</size>
	<segmented>0</segmented>
	<object>
		<name>Obstacle</name>
		<pose>Unspecified</pose>
		<truncated>0</truncated>
		<difficult>0</difficult>
		<occluded>0</occluded>
		<bndbox>
			<xmin>1</xmin>
			<xmax>305</xmax>
			<ymin>1</ymin>
			<ymax>637</ymax>
		</bndbox>
	</object>
	<object>
		<name>Pedestrian</name>
		<pose>Unspecified</pose>
		<truncated>0</truncated>
		<difficult>0</difficult>
		<occluded>0</occluded>
		<bndbox>
			<xmin>328</xmin>
			<xmax>410</xmax>
			<ymin>296</ymin>
			<ymax>383</ymax>
		</bndbox>
	</object>
	<object>
		<name>Pedestrian</name>
		<pose>Unspecified</pose>
		<truncated>0</truncated>
		<difficult>0</difficult>
		<occluded>0</occluded>
		<bndbox>
			<xmin>485</xmin>
			<xmax>531</xmax>
			<ymin>284</ymin>
			<ymax>369</ymax>
		</bndbox>
	</object>
	<object>
		<name>Pedestrian</name>
		<pose>Unspecified</pose>
		<truncated>0</truncated>
		<difficult>0</difficult>
		<occluded>0</occluded>
		<bndbox>
			<xmin>248</xmin>
			<xmax>319</xmax>
			<ymin>278</ymin>
			<ymax>378</ymax>
		</bndbox>
	</object>
</annotation>
