<annotation>
	<folder></folder>
	<filename>WhatsApp-Image-2023-02-24-at-11-11-23-PM_jpeg.rf.3a495b12912a1bbfecd00eec377216d0.jpg</filename>
	<path>WhatsApp-Image-2023-02-24-at-11-11-23-PM_jpeg.rf.3a495b12912a1bbfecd00eec377216d0.jpg</path>
	<source>
		<database>roboflow.com</database>
	</source>
	<size>
		<width>640</width>
		<height>640</height>
		<depth>3</depth>
	</size>
	<segmented>0</segmented>
	<object>
		<name>pole</name>
		<pose>Unspecified</pose>
		<truncated>0</truncated>
		<difficult>0</difficult>
		<occluded>0</occluded>
		<bndbox>
			<xmin>6</xmin>
			<xmax>207</xmax>
			<ymin>12</ymin>
			<ymax>551</ymax>
		</bndbox>
	</object>
	<object>
		<name>pole</name>
		<pose>Unspecified</pose>
		<truncated>0</truncated>
		<difficult>0</difficult>
		<occluded>0</occluded>
		<bndbox>
			<xmin>348</xmin>
			<xmax>430</xmax>
			<ymin>79</ymin>
			<ymax>350</ymax>
		</bndbox>
	</object>
	<object>
		<name>Obstacle</name>
		<pose>Unspecified</pose>
		<truncated>0</truncated>
		<difficult>0</difficult>
		<occluded>0</occluded>
		<bndbox>
			<xmin>274</xmin>
			<xmax>424</xmax>
			<ymin>357</ymin>
			<ymax>500</ymax>
		</bndbox>
	</object>
	<object>
		<name>signboard</name>
		<pose>Unspecified</pose>
		<truncated>0</truncated>
		<difficult>0</difficult>
		<occluded>0</occluded>
		<bndbox>
			<xmin>576</xmin>
			<xmax>625</xmax>
			<ymin>312</ymin>
			<ymax>474</ymax>
		</bndbox>
		<polygon>
			<x1>580.102564</x1>
			<y1>348.923077</y1>
			<x2>576.820513</x2>
			<y2>395.076923</y2>
			<x3>583.384615</x3>
			<y3>412.307692</y3>
			<x4>584.205128</x4>
			<y4>470.153846</y4>
			<x5>589.128205</x5>
			<y5>473.230769</y5>
			<x6>596.512821</x6>
			<y6>473.230769</y6>
			<x7>607.179487</x7>
			<y7>470.153846</y7>
			<x8>617.025641</x8>
			<y8>472</y8>
			<x9>623.589744</x9>
			<y9>468.923077</y9>
			<x10>617.846154</x10>
			<y10>445.538462</y10>
			<x11>621.128205</x11>
			<y11>428.307692</y11>
			<x12>614.564103</x12>
			<y12>408</y12>
			<x13>617.846154</x13>
			<y13>391.384615</y13>
			<x14>617.025641</x14>
			<y14>372.923077</y14>
			<x15>621.948718</x15>
			<y15>355.692308</y15>
			<x16>612.923077</x16>
			<y16>341.538462</y16>
			<x17>611.282051</x17>
			<y17>317.538462</y17>
			<x18>601.435897</x18>
			<y18>311.384615</y18>
			<x19>591.589744</x19>
			<y19>310.769231</y19>
			<x20>580.923077</x20>
			<y20>314.461538</y20>
			<x21>575.179487</x21>
			<y21>326.153846</y21>
			<x22>580.102564</x22>
			<y22>348.923077</y22>
		</polygon>
	</object>
	<object>
		<name>stairs</name>
		<pose>Unspecified</pose>
		<truncated>0</truncated>
		<difficult>0</difficult>
		<occluded>0</occluded>
		<bndbox>
			<xmin>433</xmin>
			<xmax>561</xmax>
			<ymin>180</ymin>
			<ymax>432</ymax>
		</bndbox>
		<polygon>
			<x1>485.74359</x1>
			<y1>196.923077</y1>
			<x2>459.487179</x2>
			<y2>196.923077</y2>
			<x3>444.717949</x3>
			<y3>201.230769</y3>
			<x4>450.461538</x4>
			<y4>321.230769</y4>
			<x5>448.820513</x5>
			<y5>330.461538</y5>
			<x6>432.410256</x6>
			<y6>337.230769</y6>
			<x7>434.051282</x7>
			<y7>366.153846</y7>
			<x8>431.589744</x8>
			<y8>377.846154</y8>
			<x9>441.435897</x9>
			<y9>385.846154</y9>
			<x10>447.179487</x10>
			<y10>383.384615</y10>
			<x11>448</x11>
			<y11>376</y11>
			<x12>454.564103</x12>
			<y12>420.923077</y12>
			<x13>465.230769</x13>
			<y13>428.307692</y13>
			<x14>512.820513</x14>
			<y14>430.769231</y14>
			<x15>521.846154</x15>
			<y15>428.923077</y15>
			<x16>518.564103</x16>
			<y16>359.384615</y16>
			<x17>520.205128</x17>
			<y17>329.230769</y17>
			<x18>515.282051</x18>
			<y18>323.692308</y18>
			<x19>514.461538</x19>
			<y19>292.923077</y19>
			<x20>511.179487</x20>
			<y20>286.769231</y20>
			<x21>521.846154</x21>
			<y21>283.076923</y21>
			<x22>528.410256</x22>
			<y22>276.307692</y22>
			<x23>539.897436</x23>
			<y23>278.153846</y23>
			<x24>560.410256</x24>
			<y24>275.076923</y24>
			<x25>560.410256</x25>
			<y25>218.461538</y25>
			<x26>558.769231</x26>
			<y26>209.846154</y26>
			<x27>539.897436</x27>
			<y27>208.615385</y27>
			<x28>517.74359</x28>
			<y28>201.230769</y28>
			<x29>520.205128</x29>
			<y29>196.923077</y29>
			<x30>534.974359</x30>
			<y30>191.384615</y30>
			<x31>560.410256</x31>
			<y31>190.769231</y31>
			<x32>560.410256</x32>
			<y32>179.076923</y32>
			<x33>544.820513</x33>
			<y33>179.076923</y33>
			<x34>526.769231</x34>
			<y34>181.538462</y34>
			<x35>495.589744</x35>
			<y35>190.769231</y35>
			<x36>485.74359</x36>
			<y36>196.923077</y36>
		</polygon>
	</object>
	<object>
		<name>Footpath</name>
		<pose>Unspecified</pose>
		<truncated>0</truncated>
		<difficult>0</difficult>
		<occluded>0</occluded>
		<bndbox>
			<xmin>3</xmin>
			<xmax>641</xmax>
			<ymin>391</ymin>
			<ymax>641</ymax>
		</bndbox>
		<polygon>
			<x1>329.639553</x1>
			<y1>390.329338</y1>
			<x2>2.461532</x2>
			<y2>620.307694</y2>
			<x3>640</x3>
			<y3>640</y3>
			<x4>533.098655</x4>
			<y4>390.329338</y4>
			<x5>329.639553</x5>
			<y5>390.329338</y5>
		</polygon>
	</object>
</annotation>
