<annotation>
	<folder></folder>
	<filename>WhatsApp-Image-2023-02-24-at-11-22-46-PM-1-_jpeg.rf.f170226c553bca004bc07684cc14eceb.jpg</filename>
	<path>WhatsApp-Image-2023-02-24-at-11-22-46-PM-1-_jpeg.rf.f170226c553bca004bc07684cc14eceb.jpg</path>
	<source>
		<database>roboflow.com</database>
	</source>
	<size>
		<width>640</width>
		<height>640</height>
		<depth>3</depth>
	</size>
	<segmented>0</segmented>
	<object>
		<name>Auto</name>
		<pose>Unspecified</pose>
		<truncated>0</truncated>
		<difficult>0</difficult>
		<occluded>0</occluded>
		<bndbox>
			<xmin>1</xmin>
			<xmax>293</xmax>
			<ymin>353</ymin>
			<ymax>632</ymax>
		</bndbox>
	</object>
	<object>
		<name>Auto</name>
		<pose>Unspecified</pose>
		<truncated>0</truncated>
		<difficult>0</difficult>
		<occluded>0</occluded>
		<bndbox>
			<xmin>246</xmin>
			<xmax>256</xmax>
			<ymin>342</ymin>
			<ymax>351</ymax>
		</bndbox>
	</object>
</annotation>
