<annotation>
	<folder></folder>
	<filename>WhatsApp-Image-2023-02-24-at-11-22-33-PM_jpeg.rf.657d6c56571b8acb163b3248fc57e8c8.jpg</filename>
	<path>WhatsApp-Image-2023-02-24-at-11-22-33-PM_jpeg.rf.657d6c56571b8acb163b3248fc57e8c8.jpg</path>
	<source>
		<database>roboflow.com</database>
	</source>
	<size>
		<width>640</width>
		<height>640</height>
		<depth>3</depth>
	</size>
	<segmented>0</segmented>
	<object>
		<name>Pedestrian</name>
		<pose>Unspecified</pose>
		<truncated>0</truncated>
		<difficult>0</difficult>
		<occluded>0</occluded>
		<bndbox>
			<xmin>106</xmin>
			<xmax>198</xmax>
			<ymin>328</ymin>
			<ymax>468</ymax>
		</bndbox>
	</object>
	<object>
		<name>Pedestrian</name>
		<pose>Unspecified</pose>
		<truncated>0</truncated>
		<difficult>0</difficult>
		<occluded>0</occluded>
		<bndbox>
			<xmin>282</xmin>
			<xmax>444</xmax>
			<ymin>316</ymin>
			<ymax>360</ymax>
		</bndbox>
	</object>
	<object>
		<name>Pedestrian</name>
		<pose>Unspecified</pose>
		<truncated>0</truncated>
		<difficult>0</difficult>
		<occluded>0</occluded>
		<bndbox>
			<xmin>497</xmin>
			<xmax>641</xmax>
			<ymin>329</ymin>
			<ymax>386</ymax>
		</bndbox>
	</object>
	<object>
		<name>signboard</name>
		<pose>Unspecified</pose>
		<truncated>0</truncated>
		<difficult>0</difficult>
		<occluded>0</occluded>
		<bndbox>
			<xmin>1</xmin>
			<xmax>296</xmax>
			<ymin>313</ymin>
			<ymax>487</ymax>
		</bndbox>
		<polygon>
			<x1>21.807364</x1>
			<y1>486.400001</y1>
			<x2>294.640949</x2>
			<y2>320.133599</y2>
			<x3>194.153872</x3>
			<y3>311.597756</y3>
			<x4>0</x4>
			<y4>389.487066</y4>
			<x5>21.807364</x5>
			<y5>486.400001</y5>
		</polygon>
	</object>
</annotation>
