<annotation>
	<folder></folder>
	<filename>WhatsApp-Image-2023-02-24-at-11-17-17-PM-1-_jpeg.rf.afbb19d8f43c6503ce709aca790d5408.jpg</filename>
	<path>WhatsApp-Image-2023-02-24-at-11-17-17-PM-1-_jpeg.rf.afbb19d8f43c6503ce709aca790d5408.jpg</path>
	<source>
		<database>roboflow.com</database>
	</source>
	<size>
		<width>640</width>
		<height>640</height>
		<depth>3</depth>
	</size>
	<segmented>0</segmented>
	<object>
		<name>motorcycle</name>
		<pose>Unspecified</pose>
		<truncated>0</truncated>
		<difficult>0</difficult>
		<occluded>0</occluded>
		<bndbox>
			<xmin>360</xmin>
			<xmax>445</xmax>
			<ymin>394</ymin>
			<ymax>473</ymax>
		</bndbox>
	</object>
	<object>
		<name>Car</name>
		<pose>Unspecified</pose>
		<truncated>0</truncated>
		<difficult>0</difficult>
		<occluded>0</occluded>
		<bndbox>
			<xmin>568</xmin>
			<xmax>629</xmax>
			<ymin>392</ymin>
			<ymax>439</ymax>
		</bndbox>
	</object>
	<object>
		<name>pole</name>
		<pose>Unspecified</pose>
		<truncated>0</truncated>
		<difficult>0</difficult>
		<occluded>0</occluded>
		<bndbox>
			<xmin>331</xmin>
			<xmax>405</xmax>
			<ymin>220</ymin>
			<ymax>420</ymax>
		</bndbox>
	</object>
</annotation>
