<annotation>
	<folder></folder>
	<filename>WhatsApp-Image-2023-02-24-at-11-22-21-PM-1-_jpeg.rf.0235d66745f1ba2ff72e67aef764a595.jpg</filename>
	<path>WhatsApp-Image-2023-02-24-at-11-22-21-PM-1-_jpeg.rf.0235d66745f1ba2ff72e67aef764a595.jpg</path>
	<source>
		<database>roboflow.com</database>
	</source>
	<size>
		<width>640</width>
		<height>640</height>
		<depth>3</depth>
	</size>
	<segmented>0</segmented>
	<object>
		<name>Car</name>
		<pose>Unspecified</pose>
		<truncated>0</truncated>
		<difficult>0</difficult>
		<occluded>0</occluded>
		<bndbox>
			<xmin>442</xmin>
			<xmax>641</xmax>
			<ymin>356</ymin>
			<ymax>454</ymax>
		</bndbox>
	</object>
	<object>
		<name>Obstacle</name>
		<pose>Unspecified</pose>
		<truncated>0</truncated>
		<difficult>0</difficult>
		<occluded>0</occluded>
		<bndbox>
			<xmin>22</xmin>
			<xmax>576</xmax>
			<ymin>353</ymin>
			<ymax>632</ymax>
		</bndbox>
		<polygon>
			<x1>289.808738</x1>
			<y1>352.347015</y1>
			<x2>21.426406</x2>
			<y2>630.801523</y2>
			<x3>575.180246</x3>
			<y3>628.81138</y3>
			<x4>345.186719</x4>
			<y4>352.184555</y4>
			<x5>289.808738</x5>
			<y5>352.347015</y5>
		</polygon>
	</object>
</annotation>
