<annotation>
	<folder></folder>
	<filename>WhatsApp-Image-2023-02-24-at-11-17-15-PM_jpeg.rf.528ff14ff6869df404be77f6f3cb79f5.jpg</filename>
	<path>WhatsApp-Image-2023-02-24-at-11-17-15-PM_jpeg.rf.528ff14ff6869df404be77f6f3cb79f5.jpg</path>
	<source>
		<database>roboflow.com</database>
	</source>
	<size>
		<width>640</width>
		<height>640</height>
		<depth>3</depth>
	</size>
	<segmented>0</segmented>
	<object>
		<name>Pedestrian</name>
		<pose>Unspecified</pose>
		<truncated>0</truncated>
		<difficult>0</difficult>
		<occluded>0</occluded>
		<bndbox>
			<xmin>18</xmin>
			<xmax>140</xmax>
			<ymin>382</ymin>
			<ymax>641</ymax>
		</bndbox>
	</object>
	<object>
		<name>Pedestrian</name>
		<pose>Unspecified</pose>
		<truncated>0</truncated>
		<difficult>0</difficult>
		<occluded>0</occluded>
		<bndbox>
			<xmin>551</xmin>
			<xmax>641</xmax>
			<ymin>350</ymin>
			<ymax>538</ymax>
		</bndbox>
	</object>
	<object>
		<name>Footpath</name>
		<pose>Unspecified</pose>
		<truncated>0</truncated>
		<difficult>0</difficult>
		<occluded>0</occluded>
		<bndbox>
			<xmin>30</xmin>
			<xmax>531</xmax>
			<ymin>387</ymin>
			<ymax>641</ymax>
		</bndbox>
		<polygon>
			<x1>152.442337</x1>
			<y1>386.286104</y1>
			<x2>28.918475</x2>
			<y2>637.066668</y2>
			<x3>529.742684</x3>
			<y3>640</y3>
			<x4>256.72132</x4>
			<y4>392.687986</y4>
			<x5>152.442337</x5>
			<y5>386.286104</y5>
		</polygon>
	</object>
</annotation>
