<annotation>
	<folder></folder>
	<filename>WhatsApp-Image-2023-02-24-at-11-17-08-PM-1-_jpeg.rf.dd6b60bf611fa574574543a605583541.jpg</filename>
	<path>WhatsApp-Image-2023-02-24-at-11-17-08-PM-1-_jpeg.rf.dd6b60bf611fa574574543a605583541.jpg</path>
	<source>
		<database>roboflow.com</database>
	</source>
	<size>
		<width>640</width>
		<height>640</height>
		<depth>3</depth>
	</size>
	<segmented>0</segmented>
	<object>
		<name>Pedestrian</name>
		<pose>Unspecified</pose>
		<truncated>0</truncated>
		<difficult>0</difficult>
		<occluded>0</occluded>
		<bndbox>
			<xmin>560</xmin>
			<xmax>641</xmax>
			<ymin>312</ymin>
			<ymax>462</ymax>
		</bndbox>
	</object>
	<object>
		<name>Pedestrian</name>
		<pose>Unspecified</pose>
		<truncated>0</truncated>
		<difficult>0</difficult>
		<occluded>0</occluded>
		<bndbox>
			<xmin>253</xmin>
			<xmax>303</xmax>
			<ymin>336</ymin>
			<ymax>387</ymax>
		</bndbox>
	</object>
	<object>
		<name>Pedestrian</name>
		<pose>Unspecified</pose>
		<truncated>0</truncated>
		<difficult>0</difficult>
		<occluded>0</occluded>
		<bndbox>
			<xmin>71</xmin>
			<xmax>152</xmax>
			<ymin>340</ymin>
			<ymax>376</ymax>
		</bndbox>
	</object>
	<object>
		<name>Pedestrian</name>
		<pose>Unspecified</pose>
		<truncated>0</truncated>
		<difficult>0</difficult>
		<occluded>0</occluded>
		<bndbox>
			<xmin>3</xmin>
			<xmax>32</xmax>
			<ymin>336</ymin>
			<ymax>382</ymax>
		</bndbox>
	</object>
</annotation>
