<annotation>
	<folder></folder>
	<filename>WhatsApp-Image-2023-02-24-at-11-22-42-PM_jpeg.rf.a360bf734507e15a34700e10b03ba883.jpg</filename>
	<path>WhatsApp-Image-2023-02-24-at-11-22-42-PM_jpeg.rf.a360bf734507e15a34700e10b03ba883.jpg</path>
	<source>
		<database>roboflow.com</database>
	</source>
	<size>
		<width>640</width>
		<height>640</height>
		<depth>3</depth>
	</size>
	<segmented>0</segmented>
	<object>
		<name>Vendor</name>
		<pose>Unspecified</pose>
		<truncated>0</truncated>
		<difficult>0</difficult>
		<occluded>0</occluded>
		<bndbox>
			<xmin>250</xmin>
			<xmax>641</xmax>
			<ymin>196</ymin>
			<ymax>520</ymax>
		</bndbox>
	</object>
	<object>
		<name>Auto</name>
		<pose>Unspecified</pose>
		<truncated>0</truncated>
		<difficult>0</difficult>
		<occluded>0</occluded>
		<bndbox>
			<xmin>372</xmin>
			<xmax>442</xmax>
			<ymin>294</ymin>
			<ymax>337</ymax>
		</bndbox>
	</object>
	<object>
		<name>motorcycle</name>
		<pose>Unspecified</pose>
		<truncated>0</truncated>
		<difficult>0</difficult>
		<occluded>0</occluded>
		<bndbox>
			<xmin>255</xmin>
			<xmax>330</xmax>
			<ymin>299</ymin>
			<ymax>387</ymax>
		</bndbox>
	</object>
</annotation>
