<annotation>
	<folder></folder>
	<filename>WhatsApp-Image-2023-02-24-at-11-11-33-PM-1-_jpeg.rf.0c6a3b3739404a10fa8e1f58f21fa735.jpg</filename>
	<path>WhatsApp-Image-2023-02-24-at-11-11-33-PM-1-_jpeg.rf.0c6a3b3739404a10fa8e1f58f21fa735.jpg</path>
	<source>
		<database>roboflow.com</database>
	</source>
	<size>
		<width>640</width>
		<height>640</height>
		<depth>3</depth>
	</size>
	<segmented>0</segmented>
	<object>
		<name>motorcycle</name>
		<pose>Unspecified</pose>
		<truncated>0</truncated>
		<difficult>0</difficult>
		<occluded>0</occluded>
		<bndbox>
			<xmin>159</xmin>
			<xmax>565</xmax>
			<ymin>350</ymin>
			<ymax>630</ymax>
		</bndbox>
		<polygon>
			<x1>158.073482</x1>
			<y1>522.469198</y1>
			<x2>165.728553</x2>
			<y2>587.913628</y2>
			<x3>239.21769</x3>
			<y3>629.246897</y3>
			<x4>311.175663</x4>
			<y4>617.765397</y4>
			<x5>401.505982</x5>
			<y5>566.098786</y5>
			<x6>493.36734</x6>
			<y6>558.061764</y6>
			<x7>533.173988</x7>
			<y7>592.506171</y7>
			<x8>563.794399</x8>
			<y8>555.765446</y8>
			<x9>505.61553</x9>
			<y9>514.432175</y9>
			<x10>494.89838</x10>
			<y10>470.802587</y10>
			<x11>442.843669</x11>
			<y11>424.876727</y11>
			<x12>462.746929</x12>
			<y12>349.099003</y12>
			<x13>363.230499</x13>
			<y13>413.395273</y13>
			<x14>289.741362</x14>
			<y14>432.913749</y14>
			<x15>340.265159</x15>
			<y15>457.024862</y15>
			<x16>179.507782</x16>
			<y16>454.728543</y16>
			<x17>158.073482</x17>
			<y17>522.469198</y17>
		</polygon>
	</object>
	<object>
		<name>Tree</name>
		<pose>Unspecified</pose>
		<truncated>0</truncated>
		<difficult>0</difficult>
		<occluded>0</occluded>
		<bndbox>
			<xmin>30</xmin>
			<xmax>418</xmax>
			<ymin>11</ymin>
			<ymax>494</ymax>
		</bndbox>
		<polygon>
			<x1>150.41841</x1>
			<y1>479.987674</y1>
			<x2>177.976743</x2>
			<y2>492.617382</y2>
			<x3>294.33448</x3>
			<y3>446.691474</y3>
			<x4>396.912989</x4>
			<y4>462.765471</y4>
			<x5>340.265159</x5>
			<y5>382.395297</y5>
			<x6>318.830859</x6>
			<y6>248.0621</y6>
			<x7>248.403801</x7>
			<y7>163.099242</y7>
			<x8>349.451271</x8>
			<y8>141.284448</y8>
			<x9>416.81625</x9>
			<y9>98.803018</y9>
			<x10>407.630139</x10>
			<y10>58.617885</y10>
			<x11>409.161178</x11>
			<y11>10.395729</y11>
			<x12>29.257562</x12>
			<y12>9.631172</y12>
			<x13>216.25235</x13>
			<y13>333.024959</y13>
			<x14>202.473122</x14>
			<y14>413.395226</y14>
			<x15>133.577103</x15>
			<y15>446.691474</y15>
			<x16>150.41841</x16>
			<y16>479.987674</y16>
		</polygon>
	</object>
	<object>
		<name>Footpath</name>
		<pose>Unspecified</pose>
		<truncated>0</truncated>
		<difficult>0</difficult>
		<occluded>0</occluded>
		<bndbox>
			<xmin>120</xmin>
			<xmax>641</xmax>
			<ymin>309</ymin>
			<ymax>634</ymax>
		</bndbox>
		<polygon>
			<x1>119.212542</x1>
			<y1>366.93763</y1>
			<x2>269.128167</x2>
			<y2>624.923078</y2>
			<x3>640</x3>
			<y3>632.864722</y3>
			<x4>316.102928</x4>
			<y4>307.842726</y4>
			<x5>119.212542</x5>
			<y5>366.93763</y5>
		</polygon>
	</object>
</annotation>
