<annotation>
	<folder></folder>
	<filename>WhatsApp-Image-2023-02-24-at-11-11-26-PM-1-_jpeg.rf.47d552646bafffc4a6b20252c65b7d06.jpg</filename>
	<path>WhatsApp-Image-2023-02-24-at-11-11-26-PM-1-_jpeg.rf.47d552646bafffc4a6b20252c65b7d06.jpg</path>
	<source>
		<database>roboflow.com</database>
	</source>
	<size>
		<width>640</width>
		<height>640</height>
		<depth>3</depth>
	</size>
	<segmented>0</segmented>
	<object>
		<name>Pedestrian</name>
		<pose>Unspecified</pose>
		<truncated>0</truncated>
		<difficult>0</difficult>
		<occluded>0</occluded>
		<bndbox>
			<xmin>456</xmin>
			<xmax>499</xmax>
			<ymin>257</ymin>
			<ymax>307</ymax>
		</bndbox>
	</object>
	<object>
		<name>Auto</name>
		<pose>Unspecified</pose>
		<truncated>0</truncated>
		<difficult>0</difficult>
		<occluded>0</occluded>
		<bndbox>
			<xmin>535</xmin>
			<xmax>641</xmax>
			<ymin>247</ymin>
			<ymax>324</ymax>
		</bndbox>
		<polygon>
			<x1>635.125438</x1>
			<y1>245.844921</y1>
			<x2>559.50113</x2>
			<y2>250.207383</y2>
			<x3>533.905206</x3>
			<y3>296.449745</y3>
			<x4>597.894969</x4>
			<y4>322.624663</y4>
			<x5>640</x5>
			<y5>313.027195</y5>
			<x6>635.125438</x6>
			<y6>245.844921</y6>
		</polygon>
	</object>
	<object>
		<name>Traffic Lights</name>
		<pose>Unspecified</pose>
		<truncated>0</truncated>
		<difficult>0</difficult>
		<occluded>0</occluded>
		<bndbox>
			<xmin>402</xmin>
			<xmax>626</xmax>
			<ymin>84</ymin>
			<ymax>303</ymax>
		</bndbox>
		<polygon>
			<x1>435.011806</x1>
			<y1>98.392878</y1>
			<x2>624.654357</x2>
			<y2>100.137891</y2>
			<x3>620.814759</x3>
			<y3>83.31068</y3>
			<x4>422.213892</x4>
			<y4>85.305418</y4>
			<x5>401.271729</x5>
			<y5>299.939736</y5>
			<x6>435.011806</x6>
			<y6>301.684714</y6>
			<x7>435.011806</x7>
			<y7>98.392878</y7>
		</polygon>
	</object>
	<object>
		<name>Obstacle</name>
		<pose>Unspecified</pose>
		<truncated>0</truncated>
		<difficult>0</difficult>
		<occluded>0</occluded>
		<bndbox>
			<xmin>173</xmin>
			<xmax>443</xmax>
			<ymin>519</ymin>
			<ymax>620</ymax>
		</bndbox>
		<polygon>
			<x1>441.552095</x1>
			<y1>543.937785</y1>
			<x2>227.917487</x2>
			<y2>518.064009</y2>
			<x3>172.071877</x3>
			<y3>613.166251</y3>
			<x4>430.358046</x4>
			<y4>619.273727</y4>
			<x5>441.552095</x5>
			<y5>543.937785</y5>
		</polygon>
	</object>
	<object>
		<name>pole</name>
		<pose>Unspecified</pose>
		<truncated>0</truncated>
		<difficult>0</difficult>
		<occluded>0</occluded>
		<bndbox>
			<xmin>382</xmin>
			<xmax>410</xmax>
			<ymin>63</ymin>
			<ymax>304</ymax>
		</bndbox>
		<polygon>
			<x1>401.271729</x1>
			<y1>299.067229</y1>
			<x2>397.781433</x2>
			<y2>140.27274</y2>
			<x3>409.415883</x3>
			<y3>140.27274</y3>
			<x4>401.271729</x4>
			<y4>61.748002</y4>
			<x5>383.876281</x5>
			<y5>65.774115</y5>
			<x6>381.493031</x6>
			<y6>113.225351</y6>
			<x7>381.493031</x7>
			<y7>145.507745</y7>
			<x8>388.473815</x8>
			<y8>302.557221</y8>
			<x9>401.271729</x9>
			<y9>299.067229</y9>
		</polygon>
	</object>
	<object>
		<name>Footpath</name>
		<pose>Unspecified</pose>
		<truncated>0</truncated>
		<difficult>0</difficult>
		<occluded>0</occluded>
		<bndbox>
			<xmin>92</xmin>
			<xmax>535</xmax>
			<ymin>321</ymin>
			<ymax>641</ymax>
		</bndbox>
		<polygon>
			<x1>534.323156</x1>
			<y1>640</y1>
			<x2>389.936823</x2>
			<y2>323.847589</y2>
			<x3>322.665966</x3>
			<y3>320.154166</y3>
			<x4>90.666629</x4>
			<y4>640</y4>
			<x5>534.323156</x5>
			<y5>640</y5>
		</polygon>
	</object>
</annotation>
