<annotation>
	<folder></folder>
	<filename>WhatsApp-Image-2023-02-24-at-11-22-34-PM_jpeg.rf.c71f47b14af8ecbf6b46e5fbe636dc61.jpg</filename>
	<path>WhatsApp-Image-2023-02-24-at-11-22-34-PM_jpeg.rf.c71f47b14af8ecbf6b46e5fbe636dc61.jpg</path>
	<source>
		<database>roboflow.com</database>
	</source>
	<size>
		<width>640</width>
		<height>640</height>
		<depth>3</depth>
	</size>
	<segmented>0</segmented>
	<object>
		<name>Pedestrian</name>
		<pose>Unspecified</pose>
		<truncated>0</truncated>
		<difficult>0</difficult>
		<occluded>0</occluded>
		<bndbox>
			<xmin>246</xmin>
			<xmax>403</xmax>
			<ymin>342</ymin>
			<ymax>401</ymax>
		</bndbox>
	</object>
	<object>
		<name>Pedestrian</name>
		<pose>Unspecified</pose>
		<truncated>0</truncated>
		<difficult>0</difficult>
		<occluded>0</occluded>
		<bndbox>
			<xmin>157</xmin>
			<xmax>307</xmax>
			<ymin>372</ymin>
			<ymax>486</ymax>
		</bndbox>
	</object>
</annotation>
