<annotation>
	<folder></folder>
	<filename>WhatsApp-Image-2023-02-24-at-11-17-21-PM_jpeg.rf.836d35f36767b03ff869d1982a25cfb8.jpg</filename>
	<path>WhatsApp-Image-2023-02-24-at-11-17-21-PM_jpeg.rf.836d35f36767b03ff869d1982a25cfb8.jpg</path>
	<source>
		<database>roboflow.com</database>
	</source>
	<size>
		<width>640</width>
		<height>640</height>
		<depth>3</depth>
	</size>
	<segmented>0</segmented>
	<object>
		<name>Pedestrian</name>
		<pose>Unspecified</pose>
		<truncated>0</truncated>
		<difficult>0</difficult>
		<occluded>0</occluded>
		<bndbox>
			<xmin>266</xmin>
			<xmax>376</xmax>
			<ymin>461</ymin>
			<ymax>641</ymax>
		</bndbox>
	</object>
	<object>
		<name>Pedestrian</name>
		<pose>Unspecified</pose>
		<truncated>0</truncated>
		<difficult>0</difficult>
		<occluded>0</occluded>
		<bndbox>
			<xmin>190</xmin>
			<xmax>255</xmax>
			<ymin>456</ymin>
			<ymax>603</ymax>
		</bndbox>
	</object>
	<object>
		<name>Vendor</name>
		<pose>Unspecified</pose>
		<truncated>0</truncated>
		<difficult>0</difficult>
		<occluded>0</occluded>
		<bndbox>
			<xmin>14</xmin>
			<xmax>199</xmax>
			<ymin>452</ymin>
			<ymax>641</ymax>
		</bndbox>
	</object>
	<object>
		<name>Vendor</name>
		<pose>Unspecified</pose>
		<truncated>0</truncated>
		<difficult>0</difficult>
		<occluded>0</occluded>
		<bndbox>
			<xmin>538</xmin>
			<xmax>641</xmax>
			<ymin>248</ymin>
			<ymax>629</ymax>
		</bndbox>
	</object>
	<object>
		<name>Pedestrian</name>
		<pose>Unspecified</pose>
		<truncated>0</truncated>
		<difficult>0</difficult>
		<occluded>0</occluded>
		<bndbox>
			<xmin>404</xmin>
			<xmax>472</xmax>
			<ymin>443</ymin>
			<ymax>609</ymax>
		</bndbox>
	</object>
	<object>
		<name>Footpath</name>
		<pose>Unspecified</pose>
		<truncated>0</truncated>
		<difficult>0</difficult>
		<occluded>0</occluded>
		<bndbox>
			<xmin>138</xmin>
			<xmax>630</xmax>
			<ymin>475</ymin>
			<ymax>639</ymax>
		</bndbox>
		<polygon>
			<x1>283.916922</x1>
			<y1>478.046099</y1>
			<x2>137.244412</x2>
			<y2>631.733334</y2>
			<x3>629.459484</x3>
			<y3>638.092559</y3>
			<x4>376.34602</x4>
			<y4>473.778177</y4>
			<x5>283.916922</x5>
			<y5>478.046099</y5>
		</polygon>
	</object>
</annotation>
