<annotation>
	<folder></folder>
	<filename>WhatsApp-Image-2023-02-24-at-11-11-30-PM-2-_jpeg.rf.b8010f55ca2dc7e81a977404fdf5722e.jpg</filename>
	<path>WhatsApp-Image-2023-02-24-at-11-11-30-PM-2-_jpeg.rf.b8010f55ca2dc7e81a977404fdf5722e.jpg</path>
	<source>
		<database>roboflow.com</database>
	</source>
	<size>
		<width>640</width>
		<height>640</height>
		<depth>3</depth>
	</size>
	<segmented>0</segmented>
	<object>
		<name>stairs</name>
		<pose>Unspecified</pose>
		<truncated>0</truncated>
		<difficult>0</difficult>
		<occluded>0</occluded>
		<bndbox>
			<xmin>20</xmin>
			<xmax>527</xmax>
			<ymin>270</ymin>
			<ymax>495</ymax>
		</bndbox>
		<polygon>
			<x1>447.436661</x1>
			<y1>423.728567</y1>
			<x2>435.188472</x2>
			<y2>327.284255</y2>
			<x3>141.232174</x3>
			<y3>268.728782</y3>
			<x4>18.750404</x4>
			<y4>289.395417</y4>
			<x5>26.405475</x5>
			<y5>473.098859</y5>
			<x6>170.321671</x6>
			<y6>493.765494</y6>
			<x7>377.975511</x7>
			<y7>494.246556</y7>
			<x8>525.518916</x8>
			<y8>490.321063</y8>
			<x9>485.712269</x9>
			<y9>413.395226</y9>
			<x10>447.436661</x10>
			<y10>423.728567</y10>
		</polygon>
	</object>
	<object>
		<name>Tree</name>
		<pose>Unspecified</pose>
		<truncated>0</truncated>
		<difficult>0</difficult>
		<occluded>0</occluded>
		<bndbox>
			<xmin>387</xmin>
			<xmax>641</xmax>
			<ymin>1</ymin>
			<ymax>381</ymax>
		</bndbox>
		<polygon>
			<x1>640</x1>
			<y1>229.691785</y1>
			<x2>632.690418</x2>
			<y2>152.765948</y2>
			<x3>589.821817</x3>
			<y3>135.543745</y3>
			<x4>620.442354</x4>
			<y4>101.099314</y4>
			<x5>586.759738</x5>
			<y5>88.469702</y5>
			<x6>595.945849</x6>
			<y6>50.580886</y6>
			<x7>586.759738</x7>
			<y7>27.617932</y7>
			<x8>615.84911</x8>
			<y8>29.914252</y8>
			<x9>589.821817</x9>
			<y9>0</y9>
			<x10>487.243308</x10>
			<y10>13.840184</y10>
			<x11>436.719511</x11>
			<y11>40.247545</y11>
			<x12>462.746929</x12>
			<y12>59.766068</y12>
			<x13>444.374708</x13>
			<y13>104.543769</y13>
			<x14>418.347289</x14>
			<y14>112.580791</y14>
			<x15>419.878329</x15>
			<y15>153.914061</y15>
			<x16>399.975068</x16>
			<y16>163.099242</y16>
			<x17>386.195839</x17>
			<y17>249.21026</y17>
			<x18>540.829059</x18>
			<y18>229.691785</y18>
			<x19>565.325438</x19>
			<y19>345.654572</y19>
			<x20>556.139327</x20>
			<y20>368.617526</y20>
			<x21>620.026793</x21>
			<y21>380.400402</y21>
			<x22>580.635706</x22>
			<y22>351.395322</y22>
			<x23>559.201406</x23>
			<y23>227.395466</y23>
			<x24>640</x24>
			<y24>229.691785</y24>
		</polygon>
	</object>
</annotation>
