<annotation>
	<folder></folder>
	<filename>WhatsApp-Image-2023-02-24-at-11-17-19-PM-2-_jpeg.rf.fe58193d95122e81589755b5fe0bbcc0.jpg</filename>
	<path>WhatsApp-Image-2023-02-24-at-11-17-19-PM-2-_jpeg.rf.fe58193d95122e81589755b5fe0bbcc0.jpg</path>
	<source>
		<database>roboflow.com</database>
	</source>
	<size>
		<width>640</width>
		<height>640</height>
		<depth>3</depth>
	</size>
	<segmented>0</segmented>
	<object>
		<name>Auto</name>
		<pose>Unspecified</pose>
		<truncated>0</truncated>
		<difficult>0</difficult>
		<occluded>0</occluded>
		<bndbox>
			<xmin>346</xmin>
			<xmax>441</xmax>
			<ymin>410</ymin>
			<ymax>505</ymax>
		</bndbox>
		<polygon>
			<x1>439.733303</x1>
			<y1>408.90302</y1>
			<x2>345.356554</x2>
			<y2>409.680349</y2>
			<x3>348.178236</x3>
			<y3>491.493059</y3>
			<x4>402.580516</x4>
			<y4>504.428826</y4>
			<x5>438.406511</x5>
			<y5>489.502916</y5>
			<x6>439.733303</x6>
			<y6>408.90302</y6>
		</polygon>
	</object>
	<object>
		<name>Vendor</name>
		<pose>Unspecified</pose>
		<truncated>0</truncated>
		<difficult>0</difficult>
		<occluded>0</occluded>
		<bndbox>
			<xmin>444</xmin>
			<xmax>616</xmax>
			<ymin>292</ymin>
			<ymax>550</ymax>
		</bndbox>
		<polygon>
			<x1>614.882359</x1>
			<y1>291.485885</y1>
			<x2>443.134332</x2>
			<y2>309.680349</y2>
			<x3>454.329103</x3>
			<y3>448.705432</y3>
			<x4>453.002202</x4>
			<y4>448.705432</y4>
			<x5>559.153069</x5>
			<y5>549.206555</y5>
			<x6>614.882359</x6>
			<y6>291.485885</y6>
		</polygon>
	</object>
	<object>
		<name>Vendor</name>
		<pose>Unspecified</pose>
		<truncated>0</truncated>
		<difficult>0</difficult>
		<occluded>0</occluded>
		<bndbox>
			<xmin>1</xmin>
			<xmax>126</xmax>
			<ymin>244</ymin>
			<ymax>543</ymax>
		</bndbox>
		<polygon>
			<x1>41.356554</x1>
			<y1>541.680349</y1>
			<x2>123.934503</x2>
			<y2>499.45355</y2>
			<x3>125.261295</x3>
			<y3>277.555047</y3>
			<x4>0</x4>
			<y4>242.727911</y4>
			<x5>41.356554</x5>
			<y5>541.680349</y5>
		</polygon>
	</object>
	<object>
		<name>Pedestrian</name>
		<pose>Unspecified</pose>
		<truncated>0</truncated>
		<difficult>0</difficult>
		<occluded>0</occluded>
		<bndbox>
			<xmin>1</xmin>
			<xmax>55</xmax>
			<ymin>394</ymin>
			<ymax>591</ymax>
		</bndbox>
		<polygon>
			<x1>44.321325</x1>
			<y1>577.068232</y1>
			<x2>41.667524</x2>
			<y2>491.493059</y2>
			<x3>53.609522</x3>
			<y3>397.957356</y3>
			<x4>0</x4>
			<y4>392.982039</y4>
			<x5>4.514737</x5>
			<y5>590.00408</y5>
			<x6>44.321325</x6>
			<y6>577.068232</y6>
		</polygon>
	</object>
	<object>
		<name>Pedestrian</name>
		<pose>Unspecified</pose>
		<truncated>0</truncated>
		<difficult>0</difficult>
		<occluded>0</occluded>
		<bndbox>
			<xmin>106</xmin>
			<xmax>170</xmax>
			<ymin>411</ymin>
			<ymax>544</ymax>
		</bndbox>
		<polygon>
			<x1>169.356554</x1>
			<y1>539.013682</y1>
			<x2>149.145292</x2>
			<y2>410.893163</y2>
			<x3>105.358001</x3>
			<y3>409.898092</y3>
			<x4>105.358001</x4>
			<y4>543.236208</y4>
			<x5>169.356554</x5>
			<y5>539.013682</y5>
		</polygon>
	</object>
</annotation>
