<annotation>
	<folder></folder>
	<filename>WhatsApp-Image-2023-02-24-at-11-22-43-PM-1-_jpeg.rf.2ecbe9332c6bb6978c081805a47ec3d2.jpg</filename>
	<path>WhatsApp-Image-2023-02-24-at-11-22-43-PM-1-_jpeg.rf.2ecbe9332c6bb6978c081805a47ec3d2.jpg</path>
	<source>
		<database>roboflow.com</database>
	</source>
	<size>
		<width>640</width>
		<height>640</height>
		<depth>3</depth>
	</size>
	<segmented>0</segmented>
	<object>
		<name>Pedestrian</name>
		<pose>Unspecified</pose>
		<truncated>0</truncated>
		<difficult>0</difficult>
		<occluded>0</occluded>
		<bndbox>
			<xmin>394</xmin>
			<xmax>525</xmax>
			<ymin>373</ymin>
			<ymax>540</ymax>
		</bndbox>
	</object>
	<object>
		<name>motorcycle</name>
		<pose>Unspecified</pose>
		<truncated>0</truncated>
		<difficult>0</difficult>
		<occluded>0</occluded>
		<bndbox>
			<xmin>206</xmin>
			<xmax>279</xmax>
			<ymin>397</ymin>
			<ymax>439</ymax>
		</bndbox>
	</object>
	<object>
		<name>motorcycle</name>
		<pose>Unspecified</pose>
		<truncated>0</truncated>
		<difficult>0</difficult>
		<occluded>0</occluded>
		<bndbox>
			<xmin>320</xmin>
			<xmax>358</xmax>
			<ymin>395</ymin>
			<ymax>420</ymax>
		</bndbox>
	</object>
	<object>
		<name>Obstacle</name>
		<pose>Unspecified</pose>
		<truncated>0</truncated>
		<difficult>0</difficult>
		<occluded>0</occluded>
		<bndbox>
			<xmin>523</xmin>
			<xmax>641</xmax>
			<ymin>328</ymin>
			<ymax>490</ymax>
		</bndbox>
	</object>
	<object>
		<name>Footpath</name>
		<pose>Unspecified</pose>
		<truncated>0</truncated>
		<difficult>0</difficult>
		<occluded>0</occluded>
		<bndbox>
			<xmin>1</xmin>
			<xmax>637</xmax>
			<ymin>393</ymin>
			<ymax>633</ymax>
		</bndbox>
		<polygon>
			<x1>0</x1>
			<y1>506.854429</y1>
			<x2>635.917764</x2>
			<y2>631.690717</y2>
			<x3>556.286309</x3>
			<y3>407.625632</y3>
			<x4>410.295792</x4>
			<y4>391.620986</y4>
			<x5>0</x5>
			<y5>501.519547</y5>
			<x6>0</x6>
			<y6>506.854429</y6>
		</polygon>
	</object>
</annotation>
