<annotation>
	<folder></folder>
	<filename>WhatsApp-Image-2023-02-24-at-11-17-18-PM-1-_jpeg.rf.a27827f772ab7225a3670ba3d2b430bd.jpg</filename>
	<path>WhatsApp-Image-2023-02-24-at-11-17-18-PM-1-_jpeg.rf.a27827f772ab7225a3670ba3d2b430bd.jpg</path>
	<source>
		<database>roboflow.com</database>
	</source>
	<size>
		<width>640</width>
		<height>640</height>
		<depth>3</depth>
	</size>
	<segmented>0</segmented>
	<object>
		<name>Obstacle</name>
		<pose>Unspecified</pose>
		<truncated>0</truncated>
		<difficult>0</difficult>
		<occluded>0</occluded>
		<bndbox>
			<xmin>1</xmin>
			<xmax>130</xmax>
			<ymin>477</ymin>
			<ymax>628</ymax>
		</bndbox>
	</object>
	<object>
		<name>Obstacle</name>
		<pose>Unspecified</pose>
		<truncated>0</truncated>
		<difficult>0</difficult>
		<occluded>0</occluded>
		<bndbox>
			<xmin>26</xmin>
			<xmax>124</xmax>
			<ymin>458</ymin>
			<ymax>501</ymax>
		</bndbox>
	</object>
	<object>
		<name>Obstacle</name>
		<pose>Unspecified</pose>
		<truncated>0</truncated>
		<difficult>0</difficult>
		<occluded>0</occluded>
		<bndbox>
			<xmin>61</xmin>
			<xmax>95</xmax>
			<ymin>444</ymin>
			<ymax>466</ymax>
		</bndbox>
	</object>
	<object>
		<name>Obstacle</name>
		<pose>Unspecified</pose>
		<truncated>0</truncated>
		<difficult>0</difficult>
		<occluded>0</occluded>
		<bndbox>
			<xmin>550</xmin>
			<xmax>561</xmax>
			<ymin>560</ymin>
			<ymax>561</ymax>
		</bndbox>
	</object>
	<object>
		<name>motorcycle</name>
		<pose>Unspecified</pose>
		<truncated>0</truncated>
		<difficult>0</difficult>
		<occluded>0</occluded>
		<bndbox>
			<xmin>350</xmin>
			<xmax>551</xmax>
			<ymin>504</ymin>
			<ymax>632</ymax>
		</bndbox>
	</object>
	<object>
		<name>Auto</name>
		<pose>Unspecified</pose>
		<truncated>0</truncated>
		<difficult>0</difficult>
		<occluded>0</occluded>
		<bndbox>
			<xmin>229</xmin>
			<xmax>330</xmax>
			<ymin>435</ymin>
			<ymax>523</ymax>
		</bndbox>
	</object>
</annotation>
