<annotation>
	<folder></folder>
	<filename>WhatsApp-Image-2023-02-24-at-11-22-47-PM-1-_jpeg.rf.d41098d110707972510b9e0ddc9ca297.jpg</filename>
	<path>WhatsApp-Image-2023-02-24-at-11-22-47-PM-1-_jpeg.rf.d41098d110707972510b9e0ddc9ca297.jpg</path>
	<source>
		<database>roboflow.com</database>
	</source>
	<size>
		<width>640</width>
		<height>640</height>
		<depth>3</depth>
	</size>
	<segmented>0</segmented>
	<object>
		<name>motorcycle</name>
		<pose>Unspecified</pose>
		<truncated>0</truncated>
		<difficult>0</difficult>
		<occluded>0</occluded>
		<bndbox>
			<xmin>205</xmin>
			<xmax>318</xmax>
			<ymin>337</ymin>
			<ymax>456</ymax>
		</bndbox>
	</object>
	<object>
		<name>Pedestrian</name>
		<pose>Unspecified</pose>
		<truncated>0</truncated>
		<difficult>0</difficult>
		<occluded>0</occluded>
		<bndbox>
			<xmin>528</xmin>
			<xmax>634</xmax>
			<ymin>334</ymin>
			<ymax>425</ymax>
		</bndbox>
	</object>
	<object>
		<name>Pedestrian</name>
		<pose>Unspecified</pose>
		<truncated>0</truncated>
		<difficult>0</difficult>
		<occluded>0</occluded>
		<bndbox>
			<xmin>75</xmin>
			<xmax>164</xmax>
			<ymin>354</ymin>
			<ymax>444</ymax>
		</bndbox>
	</object>
	<object>
		<name>Obstacle</name>
		<pose>Unspecified</pose>
		<truncated>0</truncated>
		<difficult>0</difficult>
		<occluded>0</occluded>
		<bndbox>
			<xmin>1</xmin>
			<xmax>376</xmax>
			<ymin>445</ymin>
			<ymax>618</ymax>
		</bndbox>
		<polygon>
			<x1>0</x1>
			<y1>616.870685</y1>
			<x2>375.262702</x2>
			<y2>462.636312</y2>
			<x3>332.802456</x3>
			<y3>443.730075</y3>
			<x4>0</x4>
			<y4>569.107822</y4>
			<x5>0</x5>
			<y5>616.870685</y5>
		</polygon>
	</object>
</annotation>
