<annotation>
	<folder></folder>
	<filename>WhatsApp-Image-2023-02-24-at-11-17-04-PM_jpeg.rf.d8ec5073f899493ca9c3fd4593c81854.jpg</filename>
	<path>WhatsApp-Image-2023-02-24-at-11-17-04-PM_jpeg.rf.d8ec5073f899493ca9c3fd4593c81854.jpg</path>
	<source>
		<database>roboflow.com</database>
	</source>
	<size>
		<width>640</width>
		<height>640</height>
		<depth>3</depth>
	</size>
	<segmented>0</segmented>
	<object>
		<name>motorcycle</name>
		<pose>Unspecified</pose>
		<truncated>0</truncated>
		<difficult>0</difficult>
		<occluded>0</occluded>
		<bndbox>
			<xmin>307</xmin>
			<xmax>404</xmax>
			<ymin>368</ymin>
			<ymax>468</ymax>
		</bndbox>
	</object>
	<object>
		<name>motorcycle</name>
		<pose>Unspecified</pose>
		<truncated>0</truncated>
		<difficult>0</difficult>
		<occluded>0</occluded>
		<bndbox>
			<xmin>108</xmin>
			<xmax>226</xmax>
			<ymin>379</ymin>
			<ymax>462</ymax>
		</bndbox>
	</object>
	<object>
		<name>Car</name>
		<pose>Unspecified</pose>
		<truncated>0</truncated>
		<difficult>0</difficult>
		<occluded>0</occluded>
		<bndbox>
			<xmin>416</xmin>
			<xmax>527</xmax>
			<ymin>368</ymin>
			<ymax>419</ymax>
		</bndbox>
	</object>
	<object>
		<name>Pedestrian</name>
		<pose>Unspecified</pose>
		<truncated>0</truncated>
		<difficult>0</difficult>
		<occluded>0</occluded>
		<bndbox>
			<xmin>255</xmin>
			<xmax>307</xmax>
			<ymin>368</ymin>
			<ymax>419</ymax>
		</bndbox>
	</object>
</annotation>
