<annotation>
	<folder></folder>
	<filename>WhatsApp-Image-2023-02-24-at-11-26-46-PM_jpeg.rf.075a1b910f36dcecde9495577fed3584.jpg</filename>
	<path>WhatsApp-Image-2023-02-24-at-11-26-46-PM_jpeg.rf.075a1b910f36dcecde9495577fed3584.jpg</path>
	<source>
		<database>roboflow.com</database>
	</source>
	<size>
		<width>640</width>
		<height>640</height>
		<depth>3</depth>
	</size>
	<segmented>0</segmented>
	<object>
		<name>Pedestrian</name>
		<pose>Unspecified</pose>
		<truncated>0</truncated>
		<difficult>0</difficult>
		<occluded>0</occluded>
		<bndbox>
			<xmin>448</xmin>
			<xmax>527</xmax>
			<ymin>401</ymin>
			<ymax>545</ymax>
		</bndbox>
	</object>
	<object>
		<name>Pedestrian</name>
		<pose>Unspecified</pose>
		<truncated>0</truncated>
		<difficult>0</difficult>
		<occluded>0</occluded>
		<bndbox>
			<xmin>236</xmin>
			<xmax>263</xmax>
			<ymin>395</ymin>
			<ymax>486</ymax>
		</bndbox>
	</object>
	<object>
		<name>Pedestrian</name>
		<pose>Unspecified</pose>
		<truncated>0</truncated>
		<difficult>0</difficult>
		<occluded>0</occluded>
		<bndbox>
			<xmin>261</xmin>
			<xmax>304</xmax>
			<ymin>419</ymin>
			<ymax>482</ymax>
		</bndbox>
	</object>
	<object>
		<name>Obstacle</name>
		<pose>Unspecified</pose>
		<truncated>0</truncated>
		<difficult>0</difficult>
		<occluded>0</occluded>
		<bndbox>
			<xmin>52</xmin>
			<xmax>179</xmax>
			<ymin>434</ymin>
			<ymax>524</ymax>
		</bndbox>
	</object>
	<object>
		<name>Tree</name>
		<pose>Unspecified</pose>
		<truncated>0</truncated>
		<difficult>0</difficult>
		<occluded>0</occluded>
		<bndbox>
			<xmin>1</xmin>
			<xmax>162</xmax>
			<ymin>86</ymin>
			<ymax>435</ymax>
		</bndbox>
		<polygon>
			<x1>128.35841</x1>
			<y1>419.848684</y1>
			<x2>161.198837</x2>
			<y2>344.224105</y2>
			<x3>124.626562</x3>
			<y3>237.752635</y3>
			<x4>2.263062</x4>
			<y4>84.506195</y4>
			<x5>0</x5>
			<y5>402.932673</y5>
			<x6>68.648547</x6>
			<y6>433.779523</y6>
			<x7>128.35841</x7>
			<y7>419.848684</y7>
		</polygon>
	</object>
	<object>
		<name>Obstacle</name>
		<pose>Unspecified</pose>
		<truncated>0</truncated>
		<difficult>0</difficult>
		<occluded>0</occluded>
		<bndbox>
			<xmin>3</xmin>
			<xmax>56</xmax>
			<ymin>505</ymin>
			<ymax>607</ymax>
		</bndbox>
		<polygon>
			<x1>7.263062</x1>
			<y1>605.839529</y1>
			<x2>55.213799</x2>
			<y2>597.964571</y2>
			<x3>49.242806</x3>
			<y3>513.384388</y3>
			<x4>2.22131</x4>
			<y4>504.428826</y4>
			<x5>7.263062</x5>
			<y5>605.839529</y5>
		</polygon>
	</object>
</annotation>
