<annotation>
	<folder></folder>
	<filename>WhatsApp-Image-2023-02-24-at-11-17-20-PM_jpeg.rf.afe237b516fef20373e0610fa558528f.jpg</filename>
	<path>WhatsApp-Image-2023-02-24-at-11-17-20-PM_jpeg.rf.afe237b516fef20373e0610fa558528f.jpg</path>
	<source>
		<database>roboflow.com</database>
	</source>
	<size>
		<width>640</width>
		<height>640</height>
		<depth>3</depth>
	</size>
	<segmented>0</segmented>
	<object>
		<name>Auto</name>
		<pose>Unspecified</pose>
		<truncated>0</truncated>
		<difficult>0</difficult>
		<occluded>0</occluded>
		<bndbox>
			<xmin>419</xmin>
			<xmax>632</xmax>
			<ymin>408</ymin>
			<ymax>621</ymax>
		</bndbox>
	</object>
	<object>
		<name>motorcycle</name>
		<pose>Unspecified</pose>
		<truncated>0</truncated>
		<difficult>0</difficult>
		<occluded>0</occluded>
		<bndbox>
			<xmin>204</xmin>
			<xmax>315</xmax>
			<ymin>423</ymin>
			<ymax>494</ymax>
		</bndbox>
	</object>
	<object>
		<name>Vendor</name>
		<pose>Unspecified</pose>
		<truncated>0</truncated>
		<difficult>0</difficult>
		<occluded>0</occluded>
		<bndbox>
			<xmin>1</xmin>
			<xmax>136</xmax>
			<ymin>253</ymin>
			<ymax>580</ymax>
		</bndbox>
	</object>
</annotation>
