<annotation>
	<folder></folder>
	<filename>WhatsApp-Image-2023-02-24-at-11-26-49-PM_jpeg.rf.5ef64b24b9c6a9f285de53ad07797508.jpg</filename>
	<path>WhatsApp-Image-2023-02-24-at-11-26-49-PM_jpeg.rf.5ef64b24b9c6a9f285de53ad07797508.jpg</path>
	<source>
		<database>roboflow.com</database>
	</source>
	<size>
		<width>640</width>
		<height>640</height>
		<depth>3</depth>
	</size>
	<segmented>0</segmented>
	<object>
		<name>Pedestrian</name>
		<pose>Unspecified</pose>
		<truncated>0</truncated>
		<difficult>0</difficult>
		<occluded>0</occluded>
		<bndbox>
			<xmin>312</xmin>
			<xmax>396</xmax>
			<ymin>391</ymin>
			<ymax>475</ymax>
		</bndbox>
		<polygon>
			<x1>381.350321</x1>
			<y1>390.991936</y1>
			<x2>313.356554</x2>
			<y2>389.839528</y2>
			<x3>311.025449</x3>
			<y3>463.631342</y3>
			<x4>373.389025</x4>
			<y4>473.581894</y4>
			<x5>394.61922</x5>
			<y5>437.759768</y5>
			<x6>381.350321</x6>
			<y6>390.991936</y6>
		</polygon>
	</object>
	<object>
		<name>Car</name>
		<pose>Unspecified</pose>
		<truncated>0</truncated>
		<difficult>0</difficult>
		<occluded>0</occluded>
		<bndbox>
			<xmin>214</xmin>
			<xmax>303</xmax>
			<ymin>371</ymin>
			<ymax>442</ymax>
		</bndbox>
		<polygon>
			<x1>226.245443</x1>
			<y1>369.839528</y1>
			<x2>212.835769</x2>
			<y2>440.744982</y2>
			<x3>300.410351</x3>
			<y3>432.784492</y3>
			<x4>301.737143</x4>
			<y4>394.972182</y4>
			<x5>226.245443</x5>
			<y5>369.839528</y5>
		</polygon>
	</object>
	<object>
		<name>pole</name>
		<pose>Unspecified</pose>
		<truncated>0</truncated>
		<difficult>0</difficult>
		<occluded>0</occluded>
		<bndbox>
			<xmin>277</xmin>
			<xmax>430</xmax>
			<ymin>151</ymin>
			<ymax>424</ymax>
		</bndbox>
		<polygon>
			<x1>428.808791</x1>
			<y1>219.841551</y1>
			<x2>329.292319</x2>
			<y2>150.187278</y2>
			<x3>276.21694</x3>
			<y3>194.965008</y3>
			<x4>347.134332</x4>
			<y4>233.839528</y4>
			<x5>363.791413</x5>
			<y5>396.962284</y5>
			<x6>416.866793</x6>
			<y6>422.833858</y6>
			<x7>428.808791</x7>
			<y7>219.841551</y7>
		</polygon>
	</object>
</annotation>
