<annotation>
	<folder></folder>
	<filename>WhatsApp-Image-2023-02-24-at-11-11-24-PM-2-_jpeg.rf.c25efc21c196a9a3e6bbecc124b2401b.jpg</filename>
	<path>WhatsApp-Image-2023-02-24-at-11-11-24-PM-2-_jpeg.rf.c25efc21c196a9a3e6bbecc124b2401b.jpg</path>
	<source>
		<database>roboflow.com</database>
	</source>
	<size>
		<width>640</width>
		<height>640</height>
		<depth>3</depth>
	</size>
	<segmented>0</segmented>
	<object>
		<name>Obstacle</name>
		<pose>Unspecified</pose>
		<truncated>0</truncated>
		<difficult>0</difficult>
		<occluded>0</occluded>
		<bndbox>
			<xmin>298</xmin>
			<xmax>380</xmax>
			<ymin>348</ymin>
			<ymax>496</ymax>
		</bndbox>
		<polygon>
			<x1>369.354531</x1>
			<y1>445.543409</y1>
			<x2>378.540642</x2>
			<y2>346.802731</y2>
			<x3>301.989552</x3>
			<y3>346.802731</y3>
			<x4>297.396559</x4>
			<y4>446.691474</y4>
			<x5>318.830859</x5>
			<y5>446.691474</y5>
			<x6>328.01697</x6>
			<y6>494.913654</y6>
			<x7>340.265159</x7>
			<y7>489.172903</y7>
			<x8>346.389191</x8>
			<y8>447.839633</y8>
			<x9>369.354531</x9>
			<y9>445.543409</y9>
		</polygon>
	</object>
	<object>
		<name>pole</name>
		<pose>Unspecified</pose>
		<truncated>0</truncated>
		<difficult>0</difficult>
		<occluded>0</occluded>
		<bndbox>
			<xmin>319</xmin>
			<xmax>448</xmax>
			<ymin>3</ymin>
			<ymax>398</ymax>
		</bndbox>
		<polygon>
			<x1>390.788832</x1>
			<y1>241.173238</y1>
			<x2>387.726878</x2>
			<y2>376.654547</y2>
			<x3>406.0991</x3>
			<y3>397.321182</y3>
			<x4>439.78159</x4>
			<y4>395.02491</y4>
			<x5>447.436661</x5>
			<y5>2.358707</y5>
			<x6>318.488331</x6>
			<y6>8.09271</y6>
			<x7>323.423852</x7>
			<y7>104.543769</y7>
			<x8>350.98231</x8>
			<y8>125.210404</y8>
			<x9>332.609963</x9>
			<y9>229.691785</y9>
			<x10>390.788832</x10>
			<y10>241.173238</y10>
		</polygon>
	</object>
	<object>
		<name>Car</name>
		<pose>Unspecified</pose>
		<truncated>0</truncated>
		<difficult>0</difficult>
		<occluded>0</occluded>
		<bndbox>
			<xmin>469</xmin>
			<xmax>588</xmax>
			<ymin>329</ymin>
			<ymax>395</ymax>
		</bndbox>
	</object>
	<object>
		<name>motorcycle</name>
		<pose>Unspecified</pose>
		<truncated>0</truncated>
		<difficult>0</difficult>
		<occluded>0</occluded>
		<bndbox>
			<xmin>592</xmin>
			<xmax>626</xmax>
			<ymin>329</ymin>
			<ymax>400</ymax>
		</bndbox>
	</object>
	<object>
		<name>Bus</name>
		<pose>Unspecified</pose>
		<truncated>0</truncated>
		<difficult>0</difficult>
		<occluded>0</occluded>
		<bndbox>
			<xmin>502</xmin>
			<xmax>641</xmax>
			<ymin>289</ymin>
			<ymax>362</ymax>
		</bndbox>
		<polygon>
			<x1>588.290778</x1>
			<y1>334.173118</y1>
			<x2>615.84911</x2>
			<y2>324.987937</y2>
			<x3>618.911189</x3>
			<y3>358.284185</y3>
			<x4>640</x4>
			<y4>360.580503</y4>
			<x5>638.488331</x5>
			<y5>288.09271</y5>
			<x6>594.41481</x6>
			<y6>298.580599</y6>
			<x7>501.022537</x7>
			<y7>311.210212</y7>
			<x8>517.863719</x8>
			<y8>326.136096</y8>
			<x9>588.290778</x9>
			<y9>334.173118</y9>
		</polygon>
	</object>
	<object>
		<name>Obstacle</name>
		<pose>Unspecified</pose>
		<truncated>0</truncated>
		<difficult>0</difficult>
		<occluded>0</occluded>
		<bndbox>
			<xmin>179</xmin>
			<xmax>291</xmax>
			<ymin>242</ymin>
			<ymax>346</ymax>
		</bndbox>
	</object>
	<object>
		<name>Obstacle</name>
		<pose>Unspecified</pose>
		<truncated>0</truncated>
		<difficult>0</difficult>
		<occluded>0</occluded>
		<bndbox>
			<xmin>72</xmin>
			<xmax>204</xmax>
			<ymin>89</ymin>
			<ymax>424</ymax>
		</bndbox>
	</object>
	<object>
		<name>Footpath</name>
		<pose>Unspecified</pose>
		<truncated>0</truncated>
		<difficult>0</difficult>
		<occluded>0</occluded>
		<bndbox>
			<xmin>3</xmin>
			<xmax>629</xmax>
			<ymin>356</ymin>
			<ymax>634</ymax>
		</bndbox>
		<polygon>
			<x1>238.126188</x1>
			<y1>357.549564</y1>
			<x2>1.9692</x2>
			<y2>631.63077</y2>
			<x3>627.969113</x3>
			<y3>633.321927</y3>
			<x4>419.265383</x4>
			<y4>354.594868</y4>
			<x5>238.126188</x5>
			<y5>357.549564</y5>
		</polygon>
	</object>
</annotation>
