<annotation>
	<folder></folder>
	<filename>WhatsApp-Image-2023-02-24-at-11-17-07-PM_jpeg.rf.618d713e1859157c2de151e7a351d609.jpg</filename>
	<path>WhatsApp-Image-2023-02-24-at-11-17-07-PM_jpeg.rf.618d713e1859157c2de151e7a351d609.jpg</path>
	<source>
		<database>roboflow.com</database>
	</source>
	<size>
		<width>640</width>
		<height>640</height>
		<depth>3</depth>
	</size>
	<segmented>0</segmented>
	<object>
		<name>Car</name>
		<pose>Unspecified</pose>
		<truncated>0</truncated>
		<difficult>0</difficult>
		<occluded>0</occluded>
		<bndbox>
			<xmin>1</xmin>
			<xmax>127</xmax>
			<ymin>342</ymin>
			<ymax>411</ymax>
		</bndbox>
	</object>
	<object>
		<name>Vendor</name>
		<pose>Unspecified</pose>
		<truncated>0</truncated>
		<difficult>0</difficult>
		<occluded>0</occluded>
		<bndbox>
			<xmin>238</xmin>
			<xmax>391</xmax>
			<ymin>332</ymin>
			<ymax>441</ymax>
		</bndbox>
	</object>
	<object>
		<name>Obstacle</name>
		<pose>Unspecified</pose>
		<truncated>0</truncated>
		<difficult>0</difficult>
		<occluded>0</occluded>
		<bndbox>
			<xmin>144</xmin>
			<xmax>203</xmax>
			<ymin>339</ymin>
			<ymax>391</ymax>
		</bndbox>
	</object>
</annotation>
