<annotation>
	<folder></folder>
	<filename>WhatsApp-Image-2023-02-24-at-11-17-06-PM_jpeg.rf.876a15798382a5b958316d541965d0ee.jpg</filename>
	<path>WhatsApp-Image-2023-02-24-at-11-17-06-PM_jpeg.rf.876a15798382a5b958316d541965d0ee.jpg</path>
	<source>
		<database>roboflow.com</database>
	</source>
	<size>
		<width>640</width>
		<height>640</height>
		<depth>3</depth>
	</size>
	<segmented>0</segmented>
	<object>
		<name>Tree</name>
		<pose>Unspecified</pose>
		<truncated>0</truncated>
		<difficult>0</difficult>
		<occluded>0</occluded>
		<bndbox>
			<xmin>118</xmin>
			<xmax>590</xmax>
			<ymin>4</ymin>
			<ymax>521</ymax>
		</bndbox>
		<polygon>
			<x1>380.570305</x1>
			<y1>414.873408</y1>
			<x2>364.647641</x2>
			<y2>151.18235</y2>
			<x3>470.798544</x3>
			<y3>173.073679</y3>
			<x4>476.106147</x4>
			<y4>220.836582</y4>
			<x5>561.026783</x5>
			<y5>206.905744</y5>
			<x6>589.33371</x6>
			<y6>79.538016</y6>
			<x7>410.646433</x7>
			<y7>65.607116</y7>
			<x8>534.489057</x8>
			<y8>36.750389</y8>
			<x9>463.721884</x9>
			<y9>4.908467</y9>
			<x10>147.038375</x10>
			<y10>2.918344</y10>
			<x11>258.496737</x11>
			<y11>82.52321</y11>
			<x12>116.962248</x12>
			<y12>156.157667</y12>
			<x13>166.499297</x13>
			<y13>251.683473</y13>
			<x14>265.573541</x14>
			<y14>243.722982</y14>
			<x15>285.034463</x15>
			<y15>169.093434</y15>
			<x16>329.264054</x16>
			<y16>155.162595</y16>
			<x17>277.957803</x17>
			<y17>205.910672</y17>
			<x18>318.648993</x18>
			<y18>290.490814</y18>
			<x19>320.418194</x19>
			<y19>400.94253</y19>
			<x20>260.265938</x20>
			<y20>413.878378</y20>
			<x21>173.576101</x21>
			<y21>508.409112</y21>
			<x22>529.181599</x22>
			<y22>520.349807</y22>
			<x23>465.491086</x23>
			<y23>414.873408</y23>
			<x24>380.570305</x24>
			<y24>414.873408</y24>
		</polygon>
	</object>
	<object>
		<name>Pedestrian</name>
		<pose>Unspecified</pose>
		<truncated>0</truncated>
		<difficult>0</difficult>
		<occluded>0</occluded>
		<bndbox>
			<xmin>493</xmin>
			<xmax>550</xmax>
			<ymin>308</ymin>
			<ymax>427</ymax>
		</bndbox>
		<polygon>
			<x1>541.067998</x1>
			<y1>319.013682</y1>
			<x2>495.567068</x2>
			<y2>307.406866</y2>
			<x3>492.028811</x3>
			<y3>421.838746</y3>
			<x4>548.64252</x4>
			<y4>425.819073</y4>
			<x5>541.067998</x5>
			<y5>319.013682</y5>
		</polygon>
	</object>
	<object>
		<name>Pedestrian</name>
		<pose>Unspecified</pose>
		<truncated>0</truncated>
		<difficult>0</difficult>
		<occluded>0</occluded>
		<bndbox>
			<xmin>406</xmin>
			<xmax>500</xmax>
			<ymin>313</ymin>
			<ymax>400</ymax>
		</bndbox>
		<polygon>
			<x1>472.327257</x1>
			<y1>315.013682</y1>
			<x2>405.33883</x2>
			<y2>312.382183</y2>
			<x3>423.030695</x3>
			<y3>398.952427</y3>
			<x4>499.105471</x4>
			<y4>395.967253</y4>
			<x5>472.327257</x5>
			<y5>315.013682</y5>
		</polygon>
	</object>
	<object>
		<name>Pedestrian</name>
		<pose>Unspecified</pose>
		<truncated>0</truncated>
		<difficult>0</difficult>
		<occluded>0</occluded>
		<bndbox>
			<xmin>94</xmin>
			<xmax>166</xmax>
			<ymin>320</ymin>
			<ymax>401</ymax>
		</bndbox>
		<polygon>
			<x1>93.067998</x1>
			<y1>324.347015</y1>
			<x2>97.501326</x2>
			<y2>393.97711</y2>
			<x3>164.730096</x3>
			<y3>399.947499</y3>
			<x4>138.19237</x4>
			<y4>319.347602</y4>
			<x5>93.067998</x5>
			<y5>324.347015</y5>
		</polygon>
	</object>
	<object>
		<name>Pedestrian</name>
		<pose>Unspecified</pose>
		<truncated>0</truncated>
		<difficult>0</difficult>
		<occluded>0</occluded>
		<bndbox>
			<xmin>190</xmin>
			<xmax>320</xmax>
			<ymin>312</ymin>
			<ymax>436</ymax>
		</bndbox>
		<polygon>
			<x1>308.033931</x1>
			<y1>311.387112</y1>
			<x2>201.883028</x2>
			<y2>323.327807</y2>
			<x3>189.498766</x3>
			<y3>434.774594</y3>
			<x4>318.648993</x4>
			<y4>405.917887</y4>
			<x5>308.033931</x5>
			<y5>311.387112</y5>
		</polygon>
	</object>
	<object>
		<name>Pedestrian</name>
		<pose>Unspecified</pose>
		<truncated>0</truncated>
		<difficult>0</difficult>
		<occluded>0</occluded>
		<bndbox>
			<xmin>486</xmin>
			<xmax>553</xmax>
			<ymin>305</ymin>
			<ymax>428</ymax>
		</bndbox>
		<polygon>
			<x1>548.179109</x1>
			<y1>321.680349</y1>
			<x2>495.567068</x2>
			<y2>304.421692</y2>
			<x3>484.952007</x3>
			<y3>419.848684</y3>
			<x4>552.180922</x4>
			<y4>426.814104</y4>
			<x5>548.179109</x5>
			<y5>321.680349</y5>
		</polygon>
	</object>
	<object>
		<name>Pedestrian</name>
		<pose>Unspecified</pose>
		<truncated>0</truncated>
		<difficult>0</difficult>
		<occluded>0</occluded>
		<bndbox>
			<xmin>392</xmin>
			<xmax>497</xmax>
			<ymin>308</ymin>
			<ymax>405</ymax>
		</bndbox>
		<polygon>
			<x1>472.327257</x1>
			<y1>312.347015</y1>
			<x2>391.185366</x2>
			<y2>307.406866</y2>
			<x3>423.030695</x3>
			<y3>403.927703</y3>
			<x4>495.567068</x4>
			<y4>400.94253</y4>
			<x5>472.327257</x5>
			<y5>312.347015</y5>
		</polygon>
	</object>
</annotation>
