<annotation>
	<folder></folder>
	<filename>WhatsApp-Image-2023-02-24-at-11-22-39-PM_jpeg.rf.ac76580ad28953c1f4013f1b3ceae13b.jpg</filename>
	<path>WhatsApp-Image-2023-02-24-at-11-22-39-PM_jpeg.rf.ac76580ad28953c1f4013f1b3ceae13b.jpg</path>
	<source>
		<database>roboflow.com</database>
	</source>
	<size>
		<width>640</width>
		<height>640</height>
		<depth>3</depth>
	</size>
	<segmented>0</segmented>
	<object>
		<name>Pedestrian</name>
		<pose>Unspecified</pose>
		<truncated>0</truncated>
		<difficult>0</difficult>
		<occluded>0</occluded>
		<bndbox>
			<xmin>451</xmin>
			<xmax>538</xmax>
			<ymin>370</ymin>
			<ymax>492</ymax>
		</bndbox>
	</object>
	<object>
		<name>Pedestrian</name>
		<pose>Unspecified</pose>
		<truncated>0</truncated>
		<difficult>0</difficult>
		<occluded>0</occluded>
		<bndbox>
			<xmin>298</xmin>
			<xmax>372</xmax>
			<ymin>358</ymin>
			<ymax>475</ymax>
		</bndbox>
	</object>
	<object>
		<name>Pedestrian</name>
		<pose>Unspecified</pose>
		<truncated>0</truncated>
		<difficult>0</difficult>
		<occluded>0</occluded>
		<bndbox>
			<xmin>367</xmin>
			<xmax>447</xmax>
			<ymin>346</ymin>
			<ymax>471</ymax>
		</bndbox>
	</object>
	<object>
		<name>Dog</name>
		<pose>Unspecified</pose>
		<truncated>0</truncated>
		<difficult>0</difficult>
		<occluded>0</occluded>
		<bndbox>
			<xmin>136</xmin>
			<xmax>200</xmax>
			<ymin>407</ymin>
			<ymax>435</ymax>
		</bndbox>
	</object>
	<object>
		<name>Dog</name>
		<pose>Unspecified</pose>
		<truncated>0</truncated>
		<difficult>0</difficult>
		<occluded>0</occluded>
		<bndbox>
			<xmin>212</xmin>
			<xmax>282</xmax>
			<ymin>408</ymin>
			<ymax>434</ymax>
		</bndbox>
	</object>
	<object>
		<name>Pedestrian</name>
		<pose>Unspecified</pose>
		<truncated>0</truncated>
		<difficult>0</difficult>
		<occluded>0</occluded>
		<bndbox>
			<xmin>32</xmin>
			<xmax>87</xmax>
			<ymin>368</ymin>
			<ymax>422</ymax>
		</bndbox>
	</object>
</annotation>
