<annotation>
	<folder></folder>
	<filename>WhatsApp-Image-2023-02-24-at-11-17-19-PM_jpeg.rf.5e8c224ac34689502b7f76078825f155.jpg</filename>
	<path>WhatsApp-Image-2023-02-24-at-11-17-19-PM_jpeg.rf.5e8c224ac34689502b7f76078825f155.jpg</path>
	<source>
		<database>roboflow.com</database>
	</source>
	<size>
		<width>640</width>
		<height>640</height>
		<depth>3</depth>
	</size>
	<segmented>0</segmented>
	<object>
		<name>Vendor</name>
		<pose>Unspecified</pose>
		<truncated>0</truncated>
		<difficult>0</difficult>
		<occluded>0</occluded>
		<bndbox>
			<xmin>1</xmin>
			<xmax>275</xmax>
			<ymin>85</ymin>
			<ymax>641</ymax>
		</bndbox>
		<polygon>
			<x1>157.653437</x1>
			<y1>292.480957</y1>
			<x2>85.116919</x2>
			<y2>278.550118</y2>
			<x3>78.04026</x3>
			<y3>154.167524</y3>
			<x4>0</x4>
			<y4>83.518261</y4>
			<x5>5.503886</x5>
			<y5>636.771871</y5>
			<x6>171.29022</x6>
			<y6>640</y6>
			<x7>274.419402</x7>
			<y7>506.418969</y7>
			<x8>228.420754</x8>
			<y8>258.648892</y8>
			<x9>148.807576</x9>
			<y9>220.836582</y9>
			<x10>157.653437</x10>
			<y10>292.480957</y10>
		</polygon>
	</object>
	<object>
		<name>Vendor</name>
		<pose>Unspecified</pose>
		<truncated>0</truncated>
		<difficult>0</difficult>
		<occluded>0</occluded>
		<bndbox>
			<xmin>396</xmin>
			<xmax>638</xmax>
			<ymin>217</ymin>
			<ymax>641</ymax>
		</bndbox>
		<polygon>
			<x1>493.797868</x1>
			<y1>250.688401</y1>
			<x2>488.490409</x2>
			<y2>403.927703</y2>
			<x3>394.723768</x3>
			<y3>499.45355</y3>
			<x4>524.475405</x4>
			<y4>637.680349</y4>
			<x5>637.101558</x5>
			<y5>639.757085</y5>
			<x6>635.332502</x6>
			<y6>215.861306</y6>
			<x7>493.797868</x7>
			<y7>250.688401</y7>
		</polygon>
	</object>
	<object>
		<name>Pedestrian</name>
		<pose>Unspecified</pose>
		<truncated>0</truncated>
		<difficult>0</difficult>
		<occluded>0</occluded>
		<bndbox>
			<xmin>290</xmin>
			<xmax>360</xmax>
			<ymin>365</ymin>
			<ymax>457</ymax>
		</bndbox>
		<polygon>
			<x1>359.340182</x1>
			<y1>445.720259</y1>
			<x2>331.033255</x2>
			<y2>364.125291</y2>
			<x3>288.572865</x3>
			<y3>369.100608</y3>
			<x4>308.033931</x4>
			<y4>455.670852</y4>
			<x5>359.340182</x5>
			<y5>445.720259</y5>
		</polygon>
	</object>
	<object>
		<name>Footpath</name>
		<pose>Unspecified</pose>
		<truncated>0</truncated>
		<difficult>0</difficult>
		<occluded>0</occluded>
		<bndbox>
			<xmin>175</xmin>
			<xmax>588</xmax>
			<ymin>424</ymin>
			<ymax>641</ymax>
		</bndbox>
		<polygon>
			<x1>260.513225</x1>
			<y1>422.563399</y1>
			<x2>173.511068</x2>
			<y2>627.733334</y2>
			<x3>586.622128</x3>
			<y3>640</y3>
			<x4>414.087841</x4>
			<y4>433.233163</y4>
			<x5>260.513225</x5>
			<y5>422.563399</y5>
		</polygon>
	</object>
</annotation>
