<annotation>
	<folder></folder>
	<filename>WhatsApp-Image-2023-02-24-at-11-22-23-PM_jpeg.rf.eba5456e9f51f78911f25f198b52036c.jpg</filename>
	<path>WhatsApp-Image-2023-02-24-at-11-22-23-PM_jpeg.rf.eba5456e9f51f78911f25f198b52036c.jpg</path>
	<source>
		<database>roboflow.com</database>
	</source>
	<size>
		<width>640</width>
		<height>640</height>
		<depth>3</depth>
	</size>
	<segmented>0</segmented>
	<object>
		<name>pole</name>
		<pose>Unspecified</pose>
		<truncated>0</truncated>
		<difficult>0</difficult>
		<occluded>0</occluded>
		<bndbox>
			<xmin>305</xmin>
			<xmax>368</xmax>
			<ymin>219</ymin>
			<ymax>425</ymax>
		</bndbox>
	</object>
	<object>
		<name>pole</name>
		<pose>Unspecified</pose>
		<truncated>0</truncated>
		<difficult>0</difficult>
		<occluded>0</occluded>
		<bndbox>
			<xmin>4</xmin>
			<xmax>51</xmax>
			<ymin>252</ymin>
			<ymax>403</ymax>
		</bndbox>
	</object>
	<object>
		<name>pole</name>
		<pose>Unspecified</pose>
		<truncated>0</truncated>
		<difficult>0</difficult>
		<occluded>0</occluded>
		<bndbox>
			<xmin>175</xmin>
			<xmax>192</xmax>
			<ymin>307</ymin>
			<ymax>364</ymax>
		</bndbox>
	</object>
	<object>
		<name>pole</name>
		<pose>Unspecified</pose>
		<truncated>0</truncated>
		<difficult>0</difficult>
		<occluded>0</occluded>
		<bndbox>
			<xmin>488</xmin>
			<xmax>522</xmax>
			<ymin>307</ymin>
			<ymax>343</ymax>
		</bndbox>
	</object>
	<object>
		<name>pole</name>
		<pose>Unspecified</pose>
		<truncated>0</truncated>
		<difficult>0</difficult>
		<occluded>0</occluded>
		<bndbox>
			<xmin>227</xmin>
			<xmax>240</xmax>
			<ymin>326</ymin>
			<ymax>363</ymax>
		</bndbox>
	</object>
	<object>
		<name>motorcycle</name>
		<pose>Unspecified</pose>
		<truncated>0</truncated>
		<difficult>0</difficult>
		<occluded>0</occluded>
		<bndbox>
			<xmin>44</xmin>
			<xmax>101</xmax>
			<ymin>367</ymin>
			<ymax>425</ymax>
		</bndbox>
	</object>
	<object>
		<name>motorcycle</name>
		<pose>Unspecified</pose>
		<truncated>0</truncated>
		<difficult>0</difficult>
		<occluded>0</occluded>
		<bndbox>
			<xmin>160</xmin>
			<xmax>188</xmax>
			<ymin>363</ymin>
			<ymax>387</ymax>
		</bndbox>
	</object>
	<object>
		<name>Car</name>
		<pose>Unspecified</pose>
		<truncated>0</truncated>
		<difficult>0</difficult>
		<occluded>0</occluded>
		<bndbox>
			<xmin>206</xmin>
			<xmax>253</xmax>
			<ymin>361</ymin>
			<ymax>377</ymax>
		</bndbox>
	</object>
	<object>
		<name>Car</name>
		<pose>Unspecified</pose>
		<truncated>0</truncated>
		<difficult>0</difficult>
		<occluded>0</occluded>
		<bndbox>
			<xmin>399</xmin>
			<xmax>419</xmax>
			<ymin>363</ymin>
			<ymax>375</ymax>
		</bndbox>
	</object>
	<object>
		<name>pole</name>
		<pose>Unspecified</pose>
		<truncated>0</truncated>
		<difficult>0</difficult>
		<occluded>0</occluded>
		<bndbox>
			<xmin>442</xmin>
			<xmax>453</xmax>
			<ymin>327</ymin>
			<ymax>375</ymax>
		</bndbox>
	</object>
	<object>
		<name>pole</name>
		<pose>Unspecified</pose>
		<truncated>0</truncated>
		<difficult>0</difficult>
		<occluded>0</occluded>
		<bndbox>
			<xmin>415</xmin>
			<xmax>428</xmax>
			<ymin>336</ymin>
			<ymax>373</ymax>
		</bndbox>
	</object>
	<object>
		<name>pole</name>
		<pose>Unspecified</pose>
		<truncated>0</truncated>
		<difficult>0</difficult>
		<occluded>0</occluded>
		<bndbox>
			<xmin>388</xmin>
			<xmax>394</xmax>
			<ymin>345</ymin>
			<ymax>371</ymax>
		</bndbox>
	</object>
	<object>
		<name>Obstacle</name>
		<pose>Unspecified</pose>
		<truncated>0</truncated>
		<difficult>0</difficult>
		<occluded>0</occluded>
		<bndbox>
			<xmin>114</xmin>
			<xmax>554</xmax>
			<ymin>428</ymin>
			<ymax>641</ymax>
		</bndbox>
	</object>
	<object>
		<name>Bus</name>
		<pose>Unspecified</pose>
		<truncated>0</truncated>
		<difficult>0</difficult>
		<occluded>0</occluded>
		<bndbox>
			<xmin>493</xmin>
			<xmax>641</xmax>
			<ymin>341</ymin>
			<ymax>397</ymax>
		</bndbox>
	</object>
</annotation>
