<annotation>
	<folder></folder>
	<filename>WhatsApp-Image-2023-02-24-at-11-17-17-PM_jpeg.rf.ea1e0d8791d725d4be485f7db58dfbf0.jpg</filename>
	<path>WhatsApp-Image-2023-02-24-at-11-17-17-PM_jpeg.rf.ea1e0d8791d725d4be485f7db58dfbf0.jpg</path>
	<source>
		<database>roboflow.com</database>
	</source>
	<size>
		<width>640</width>
		<height>640</height>
		<depth>3</depth>
	</size>
	<segmented>0</segmented>
	<object>
		<name>Pedestrian</name>
		<pose>Unspecified</pose>
		<truncated>0</truncated>
		<difficult>0</difficult>
		<occluded>0</occluded>
		<bndbox>
			<xmin>279</xmin>
			<xmax>362</xmax>
			<ymin>351</ymin>
			<ymax>470</ymax>
		</bndbox>
	</object>
	<object>
		<name>Pedestrian</name>
		<pose>Unspecified</pose>
		<truncated>0</truncated>
		<difficult>0</difficult>
		<occluded>0</occluded>
		<bndbox>
			<xmin>445</xmin>
			<xmax>530</xmax>
			<ymin>354</ymin>
			<ymax>478</ymax>
		</bndbox>
	</object>
	<object>
		<name>Auto</name>
		<pose>Unspecified</pose>
		<truncated>0</truncated>
		<difficult>0</difficult>
		<occluded>0</occluded>
		<bndbox>
			<xmin>151</xmin>
			<xmax>291</xmax>
			<ymin>359</ymin>
			<ymax>422</ymax>
		</bndbox>
	</object>
	<object>
		<name>Pedestrian</name>
		<pose>Unspecified</pose>
		<truncated>0</truncated>
		<difficult>0</difficult>
		<occluded>0</occluded>
		<bndbox>
			<xmin>580</xmin>
			<xmax>641</xmax>
			<ymin>363</ymin>
			<ymax>434</ymax>
		</bndbox>
	</object>
</annotation>
