<annotation>
	<folder></folder>
	<filename>WhatsApp-Image-2023-02-24-at-11-17-20-PM-1-_jpeg.rf.25958e091deeb283d7e975d5f1992557.jpg</filename>
	<path>WhatsApp-Image-2023-02-24-at-11-17-20-PM-1-_jpeg.rf.25958e091deeb283d7e975d5f1992557.jpg</path>
	<source>
		<database>roboflow.com</database>
	</source>
	<size>
		<width>640</width>
		<height>640</height>
		<depth>3</depth>
	</size>
	<segmented>0</segmented>
	<object>
		<name>motorcycle</name>
		<pose>Unspecified</pose>
		<truncated>0</truncated>
		<difficult>0</difficult>
		<occluded>0</occluded>
		<bndbox>
			<xmin>462</xmin>
			<xmax>641</xmax>
			<ymin>431</ymin>
			<ymax>607</ymax>
		</bndbox>
	</object>
	<object>
		<name>Pedestrian</name>
		<pose>Unspecified</pose>
		<truncated>0</truncated>
		<difficult>0</difficult>
		<occluded>0</occluded>
		<bndbox>
			<xmin>183</xmin>
			<xmax>247</xmax>
			<ymin>416</ymin>
			<ymax>549</ymax>
		</bndbox>
	</object>
	<object>
		<name>Pedestrian</name>
		<pose>Unspecified</pose>
		<truncated>0</truncated>
		<difficult>0</difficult>
		<occluded>0</occluded>
		<bndbox>
			<xmin>123</xmin>
			<xmax>164</xmax>
			<ymin>419</ymin>
			<ymax>564</ymax>
		</bndbox>
	</object>
	<object>
		<name>motorcycle</name>
		<pose>Unspecified</pose>
		<truncated>0</truncated>
		<difficult>0</difficult>
		<occluded>0</occluded>
		<bndbox>
			<xmin>9</xmin>
			<xmax>95</xmax>
			<ymin>432</ymin>
			<ymax>594</ymax>
		</bndbox>
	</object>
</annotation>
