<annotation>
	<folder></folder>
	<filename>WhatsApp-Image-2023-02-24-at-11-22-34-PM-1-_jpeg.rf.1b82a00adfa7fb687f006724529e56f4.jpg</filename>
	<path>WhatsApp-Image-2023-02-24-at-11-22-34-PM-1-_jpeg.rf.1b82a00adfa7fb687f006724529e56f4.jpg</path>
	<source>
		<database>roboflow.com</database>
	</source>
	<size>
		<width>640</width>
		<height>640</height>
		<depth>3</depth>
	</size>
	<segmented>0</segmented>
	<object>
		<name>pole</name>
		<pose>Unspecified</pose>
		<truncated>0</truncated>
		<difficult>0</difficult>
		<occluded>0</occluded>
		<bndbox>
			<xmin>1</xmin>
			<xmax>211</xmax>
			<ymin>82</ymin>
			<ymax>408</ymax>
		</bndbox>
	</object>
	<object>
		<name>Pedestrian</name>
		<pose>Unspecified</pose>
		<truncated>0</truncated>
		<difficult>0</difficult>
		<occluded>0</occluded>
		<bndbox>
			<xmin>252</xmin>
			<xmax>414</xmax>
			<ymin>347</ymin>
			<ymax>400</ymax>
		</bndbox>
	</object>
	<object>
		<name>Footpath</name>
		<pose>Unspecified</pose>
		<truncated>0</truncated>
		<difficult>0</difficult>
		<occluded>0</occluded>
		<bndbox>
			<xmin>35</xmin>
			<xmax>633</xmax>
			<ymin>351</ymin>
			<ymax>641</ymax>
		</bndbox>
		<polygon>
			<x1>230.17755</x1>
			<y1>350.00893</y1>
			<x2>33.659216</x2>
			<y2>640</y2>
			<x3>632.125569</x3>
			<y3>629.556715</y3>
			<x4>453.903424</x4>
			<y4>361.745654</y4>
			<x5>230.17755</x5>
			<y5>350.00893</y5>
		</polygon>
	</object>
</annotation>
