<annotation>
	<folder></folder>
	<filename>WhatsApp-Image-2023-02-24-at-11-17-15-PM-1-_jpeg.rf.43eb780fcaa91d77102d000cd2d7193c.jpg</filename>
	<path>WhatsApp-Image-2023-02-24-at-11-17-15-PM-1-_jpeg.rf.43eb780fcaa91d77102d000cd2d7193c.jpg</path>
	<source>
		<database>roboflow.com</database>
	</source>
	<size>
		<width>640</width>
		<height>640</height>
		<depth>3</depth>
	</size>
	<segmented>0</segmented>
	<object>
		<name>Pedestrian</name>
		<pose>Unspecified</pose>
		<truncated>0</truncated>
		<difficult>0</difficult>
		<occluded>0</occluded>
		<bndbox>
			<xmin>2</xmin>
			<xmax>116</xmax>
			<ymin>362</ymin>
			<ymax>546</ymax>
		</bndbox>
	</object>
	<object>
		<name>Pedestrian</name>
		<pose>Unspecified</pose>
		<truncated>0</truncated>
		<difficult>0</difficult>
		<occluded>0</occluded>
		<bndbox>
			<xmin>570</xmin>
			<xmax>641</xmax>
			<ymin>374</ymin>
			<ymax>564</ymax>
		</bndbox>
	</object>
</annotation>
