<annotation>
	<folder></folder>
	<filename>WhatsApp-Image-2023-02-24-at-11-22-35-PM_jpeg.rf.d1ba001ca1c3958a4fba11e45b0d7f9e.jpg</filename>
	<path>WhatsApp-Image-2023-02-24-at-11-22-35-PM_jpeg.rf.d1ba001ca1c3958a4fba11e45b0d7f9e.jpg</path>
	<source>
		<database>roboflow.com</database>
	</source>
	<size>
		<width>640</width>
		<height>640</height>
		<depth>3</depth>
	</size>
	<segmented>0</segmented>
	<object>
		<name>pole</name>
		<pose>Unspecified</pose>
		<truncated>0</truncated>
		<difficult>0</difficult>
		<occluded>0</occluded>
		<bndbox>
			<xmin>328</xmin>
			<xmax>520</xmax>
			<ymin>85</ymin>
			<ymax>373</ymax>
		</bndbox>
	</object>
	<object>
		<name>Pedestrian</name>
		<pose>Unspecified</pose>
		<truncated>0</truncated>
		<difficult>0</difficult>
		<occluded>0</occluded>
		<bndbox>
			<xmin>78</xmin>
			<xmax>151</xmax>
			<ymin>358</ymin>
			<ymax>422</ymax>
		</bndbox>
	</object>
	<object>
		<name>Pedestrian</name>
		<pose>Unspecified</pose>
		<truncated>0</truncated>
		<difficult>0</difficult>
		<occluded>0</occluded>
		<bndbox>
			<xmin>60</xmin>
			<xmax>335</xmax>
			<ymin>422</ymin>
			<ymax>641</ymax>
		</bndbox>
	</object>
	<object>
		<name>Pedestrian</name>
		<pose>Unspecified</pose>
		<truncated>0</truncated>
		<difficult>0</difficult>
		<occluded>0</occluded>
		<bndbox>
			<xmin>6</xmin>
			<xmax>42</xmax>
			<ymin>358</ymin>
			<ymax>413</ymax>
		</bndbox>
	</object>
</annotation>
