<annotation>
	<folder></folder>
	<filename>WhatsApp-Image-2023-02-24-at-11-22-45-PM_jpeg.rf.16c34167663d0ae70090e0d5f6d75ecd.jpg</filename>
	<path>WhatsApp-Image-2023-02-24-at-11-22-45-PM_jpeg.rf.16c34167663d0ae70090e0d5f6d75ecd.jpg</path>
	<source>
		<database>roboflow.com</database>
	</source>
	<size>
		<width>640</width>
		<height>640</height>
		<depth>3</depth>
	</size>
	<segmented>0</segmented>
	<object>
		<name>Pedestrian</name>
		<pose>Unspecified</pose>
		<truncated>0</truncated>
		<difficult>0</difficult>
		<occluded>0</occluded>
		<bndbox>
			<xmin>445</xmin>
			<xmax>576</xmax>
			<ymin>411</ymin>
			<ymax>631</ymax>
		</bndbox>
	</object>
	<object>
		<name>motorcycle</name>
		<pose>Unspecified</pose>
		<truncated>0</truncated>
		<difficult>0</difficult>
		<occluded>0</occluded>
		<bndbox>
			<xmin>198</xmin>
			<xmax>343</xmax>
			<ymin>447</ymin>
			<ymax>640</ymax>
		</bndbox>
	</object>
	<object>
		<name>Vendor</name>
		<pose>Unspecified</pose>
		<truncated>0</truncated>
		<difficult>0</difficult>
		<occluded>0</occluded>
		<bndbox>
			<xmin>1</xmin>
			<xmax>201</xmax>
			<ymin>365</ymin>
			<ymax>638</ymax>
		</bndbox>
	</object>
	<object>
		<name>Pedestrian</name>
		<pose>Unspecified</pose>
		<truncated>0</truncated>
		<difficult>0</difficult>
		<occluded>0</occluded>
		<bndbox>
			<xmin>312</xmin>
			<xmax>412</xmax>
			<ymin>356</ymin>
			<ymax>473</ymax>
		</bndbox>
	</object>
	<object>
		<name>Vendor</name>
		<pose>Unspecified</pose>
		<truncated>0</truncated>
		<difficult>0</difficult>
		<occluded>0</occluded>
		<bndbox>
			<xmin>208</xmin>
			<xmax>311</xmax>
			<ymin>356</ymin>
			<ymax>451</ymax>
		</bndbox>
	</object>
</annotation>
