<annotation>
	<folder></folder>
	<filename>WhatsApp-Image-2023-02-24-at-11-17-03-PM_jpeg.rf.34b58b572c153df9d759e9fcfd75d98d.jpg</filename>
	<path>WhatsApp-Image-2023-02-24-at-11-17-03-PM_jpeg.rf.34b58b572c153df9d759e9fcfd75d98d.jpg</path>
	<source>
		<database>roboflow.com</database>
	</source>
	<size>
		<width>640</width>
		<height>640</height>
		<depth>3</depth>
	</size>
	<segmented>0</segmented>
	<object>
		<name>barrier</name>
		<pose>Unspecified</pose>
		<truncated>0</truncated>
		<difficult>0</difficult>
		<occluded>0</occluded>
		<bndbox>
			<xmin>116</xmin>
			<xmax>302</xmax>
			<ymin>368</ymin>
			<ymax>489</ymax>
		</bndbox>
	</object>
	<object>
		<name>barrier</name>
		<pose>Unspecified</pose>
		<truncated>0</truncated>
		<difficult>0</difficult>
		<occluded>0</occluded>
		<bndbox>
			<xmin>1</xmin>
			<xmax>76</xmax>
			<ymin>342</ymin>
			<ymax>491</ymax>
		</bndbox>
	</object>
	<object>
		<name>Footpath</name>
		<pose>Unspecified</pose>
		<truncated>0</truncated>
		<difficult>0</difficult>
		<occluded>0</occluded>
		<bndbox>
			<xmin>9</xmin>
			<xmax>641</xmax>
			<ymin>383</ymin>
			<ymax>631</ymax>
		</bndbox>
		<polygon>
			<x1>137.274428</x1>
			<y1>473.778177</y1>
			<x2>7.585142</x2>
			<y2>630.400001</y2>
			<x3>640</x3>
			<y3>554.868367</y3>
			<x4>609.373849</x4>
			<y4>382.018222</y4>
			<x5>137.274428</x5>
			<y5>473.778177</y5>
		</polygon>
	</object>
</annotation>
