<annotation>
	<folder></folder>
	<filename>WhatsApp-Image-2023-02-24-at-11-11-27-PM-1-_jpeg.rf.bc27e12d4688a92c2811f3679a1de5d0.jpg</filename>
	<path>WhatsApp-Image-2023-02-24-at-11-11-27-PM-1-_jpeg.rf.bc27e12d4688a92c2811f3679a1de5d0.jpg</path>
	<source>
		<database>roboflow.com</database>
	</source>
	<size>
		<width>640</width>
		<height>640</height>
		<depth>3</depth>
	</size>
	<segmented>0</segmented>
	<object>
		<name>signboard</name>
		<pose>Unspecified</pose>
		<truncated>0</truncated>
		<difficult>0</difficult>
		<occluded>0</occluded>
		<bndbox>
			<xmin>228</xmin>
			<xmax>372</xmax>
			<ymin>129</ymin>
			<ymax>503</ymax>
		</bndbox>
		<polygon>
			<x1>312.706702</x1>
			<y1>501.802563</y1>
			<x2>315.76878</x2>
			<y2>228.543625</y2>
			<x3>370.88557</x3>
			<y3>235.432487</y3>
			<x4>300.026793</x4>
			<y4>128.09271</y4>
			<x5>226.969501</x5>
			<y5>215.914012</y5>
			<x6>294.33448</x6>
			<y6>221.654762</y6>
			<x7>286.679408</x7>
			<y7>501.802563</y7>
			<x8>312.706702</x8>
			<y8>501.802563</y8>
		</polygon>
	</object>
	<object>
		<name>Car</name>
		<pose>Unspecified</pose>
		<truncated>0</truncated>
		<difficult>0</difficult>
		<occluded>0</occluded>
		<bndbox>
			<xmin>187</xmin>
			<xmax>429</xmax>
			<ymin>331</ymin>
			<ymax>432</ymax>
		</bndbox>
		<polygon>
			<x1>389.257918</x1>
			<y1>373.210116</y1>
			<x2>295.86552</x2>
			<y2>329.580527</y2>
			<x3>185.631814</x3>
			<y3>329.580527</y3>
			<x4>193.28701</x4>
			<y4>412.247114</y4>
			<x5>318.830859</x5>
			<y5>423.728567</y5>
			<x6>373.94765</x6>
			<y6>430.61743</y6>
			<x7>421.052434</x7>
			<y7>411.169633</y7>
			<x8>412.223132</x8>
			<y8>390.432319</y8>
			<x9>427.533401</x9>
			<y9>383.54341</y9>
			<x10>389.257918</x10>
			<y10>373.210116</y10>
		</polygon>
	</object>
	<object>
		<name>motorcycle</name>
		<pose>Unspecified</pose>
		<truncated>0</truncated>
		<difficult>0</difficult>
		<occluded>0</occluded>
		<bndbox>
			<xmin>484</xmin>
			<xmax>560</xmax>
			<ymin>320</ymin>
			<ymax>397</ymax>
		</bndbox>
	</object>
	<object>
		<name>Obstacle</name>
		<pose>Unspecified</pose>
		<truncated>0</truncated>
		<difficult>0</difficult>
		<occluded>0</occluded>
		<bndbox>
			<xmin>1</xmin>
			<xmax>177</xmax>
			<ymin>236</ymin>
			<ymax>588</ymax>
		</bndbox>
		<polygon>
			<x1>0</x1>
			<y1>235.432487</y1>
			<x2>1.909222</x2>
			<y2>586.765421</y2>
			<x3>174.914664</x3>
			<y3>468.506268</y3>
			<x4>175.839639</x4>
			<y4>407.118168</y4>
			<x5>164.642178</x5>
			<y5>265.015787</y5>
			<x6>0</x6>
			<y6>235.432487</y6>
		</polygon>
	</object>
	<object>
		<name>Footpath</name>
		<pose>Unspecified</pose>
		<truncated>0</truncated>
		<difficult>0</difficult>
		<occluded>0</occluded>
		<bndbox>
			<xmin>53</xmin>
			<xmax>639</xmax>
			<ymin>481</ymin>
			<ymax>640</ymax>
		</bndbox>
		<polygon>
			<x1>220.939317</x1>
			<y1>480.20289</y1>
			<x2>51.69227</x2>
			<y2>617.23077</y2>
			<x3>637.690659</x3>
			<y3>639.020442</y3>
			<x4>627.84604</x4>
			<y4>547.915765</y4>
			<x5>220.939317</x5>
			<y5>480.20289</y5>
		</polygon>
	</object>
</annotation>
