<annotation>
	<folder></folder>
	<filename>WhatsApp-Image-2023-02-24-at-11-11-24-PM-1-_jpeg.rf.31f36bf1a1f38acd79f497dcfee6b88b.jpg</filename>
	<path>WhatsApp-Image-2023-02-24-at-11-11-24-PM-1-_jpeg.rf.31f36bf1a1f38acd79f497dcfee6b88b.jpg</path>
	<source>
		<database>roboflow.com</database>
	</source>
	<size>
		<width>640</width>
		<height>640</height>
		<depth>3</depth>
	</size>
	<segmented>0</segmented>
	<object>
		<name>Dog</name>
		<pose>Unspecified</pose>
		<truncated>0</truncated>
		<difficult>0</difficult>
		<occluded>0</occluded>
		<bndbox>
			<xmin>225</xmin>
			<xmax>315</xmax>
			<ymin>366</ymin>
			<ymax>452</ymax>
		</bndbox>
	</object>
	<object>
		<name>motorcycle</name>
		<pose>Unspecified</pose>
		<truncated>0</truncated>
		<difficult>0</difficult>
		<occluded>0</occluded>
		<bndbox>
			<xmin>312</xmin>
			<xmax>453</xmax>
			<ymin>304</ymin>
			<ymax>413</ymax>
		</bndbox>
	</object>
	<object>
		<name>motorcycle</name>
		<pose>Unspecified</pose>
		<truncated>0</truncated>
		<difficult>0</difficult>
		<occluded>0</occluded>
		<bndbox>
			<xmin>1</xmin>
			<xmax>98</xmax>
			<ymin>292</ymin>
			<ymax>372</ymax>
		</bndbox>
	</object>
	<object>
		<name>Pedestrian</name>
		<pose>Unspecified</pose>
		<truncated>0</truncated>
		<difficult>0</difficult>
		<occluded>0</occluded>
		<bndbox>
			<xmin>87</xmin>
			<xmax>139</xmax>
			<ymin>291</ymin>
			<ymax>377</ymax>
		</bndbox>
	</object>
	<object>
		<name>Pedestrian</name>
		<pose>Unspecified</pose>
		<truncated>0</truncated>
		<difficult>0</difficult>
		<occluded>0</occluded>
		<bndbox>
			<xmin>194</xmin>
			<xmax>236</xmax>
			<ymin>283</ymin>
			<ymax>363</ymax>
		</bndbox>
	</object>
	<object>
		<name>Obstacle</name>
		<pose>Unspecified</pose>
		<truncated>0</truncated>
		<difficult>0</difficult>
		<occluded>0</occluded>
		<bndbox>
			<xmin>102</xmin>
			<xmax>314</xmax>
			<ymin>245</ymin>
			<ymax>331</ymax>
		</bndbox>
	</object>
	<object>
		<name>pole</name>
		<pose>Unspecified</pose>
		<truncated>0</truncated>
		<difficult>0</difficult>
		<occluded>0</occluded>
		<bndbox>
			<xmin>535</xmin>
			<xmax>641</xmax>
			<ymin>4</ymin>
			<ymax>543</ymax>
		</bndbox>
	</object>
	<object>
		<name>pole</name>
		<pose>Unspecified</pose>
		<truncated>0</truncated>
		<difficult>0</difficult>
		<occluded>0</occluded>
		<bndbox>
			<xmin>310</xmin>
			<xmax>532</xmax>
			<ymin>1</ymin>
			<ymax>437</ymax>
		</bndbox>
		<polygon>
			<x1>518.712292</x1>
			<y1>436.0335</y1>
			<x2>486.560841</x2>
			<y2>122.589452</y2>
			<x3>530.960482</x3>
			<y3>119.145021</y3>
			<x4>530.960482</x4>
			<y4>57.145069</y4>
			<x5>474.312651</x5>
			<y5>43.367321</y5>
			<x6>471.250573</x6>
			<y6>0</y6>
			<x7>312.024235</x7>
			<y7>7.774754</y7>
			<x8>308.962156</x8>
			<y8>129.478314</y8>
			<x9>457.471344</x9>
			<y9>123.737612</y9>
			<x10>486.560841</x10>
			<y10>431.44091</y10>
			<x11>518.712292</x11>
			<y11>436.0335</y11>
		</polygon>
	</object>
	<object>
		<name>Footpath</name>
		<pose>Unspecified</pose>
		<truncated>0</truncated>
		<difficult>0</difficult>
		<occluded>0</occluded>
		<bndbox>
			<xmin>1</xmin>
			<xmax>634</xmax>
			<ymin>422</ymin>
			<ymax>641</ymax>
		</bndbox>
		<polygon>
			<x1>197.968747</x1>
			<y1>422.339111</y1>
			<x2>0</x2>
			<y2>558.99608</y2>
			<x3>4.359817</x3>
			<y3>640</y3>
			<x4>632.76835</x4>
			<y4>636.558191</y4>
			<x5>481.818978</x5>
			<y5>421.107939</y5>
			<x6>197.968747</x6>
			<y6>422.339111</y6>
		</polygon>
	</object>
</annotation>
